Date_Only,Hour,Day_of_Week,Pickup Location,Demand_Count
2024-01-01,0,0,Area-1,3
2024-01-01,0,0,Area-11,1
2024-01-01,0,0,Area-12,2
2024-01-01,0,0,Area-13,1
2024-01-01,0,0,Area-14,2
2024-01-01,0,0,Area-16,1
2024-01-01,0,0,Area-17,1
2024-01-01,0,0,Area-19,2
2024-01-01,0,0,Area-21,2
2024-01-01,0,0,Area-22,4
2024-01-01,0,0,Area-24,1
2024-01-01,0,0,Area-25,3
2024-01-01,0,0,Area-27,2
2024-01-01,0,0,Area-28,1
2024-01-01,0,0,Area-30,1
2024-01-01,0,0,Area-31,3
2024-01-01,0,0,Area-33,1
2024-01-01,0,0,Area-34,3
2024-01-01,0,0,Area-36,2
2024-01-01,0,0,Area-38,1
2024-01-01,0,0,Area-39,3
2024-01-01,0,0,Area-4,5
2024-01-01,0,0,Area-40,3
2024-01-01,0,0,Area-42,1
2024-01-01,0,0,Area-43,3
2024-01-01,0,0,Area-44,1
2024-01-01,0,0,Area-45,1
2024-01-01,0,0,Area-46,2
2024-01-01,0,0,Area-47,1
2024-01-01,0,0,Area-48,3
2024-01-01,0,0,Area-5,2
2024-01-01,0,0,Area-50,4
2024-01-01,0,0,Area-6,1
2024-01-01,0,0,Area-7,1
2024-01-01,0,0,Area-8,2
2024-01-01,0,0,Area-9,1
2024-01-01,1,0,Area-10,6
2024-01-01,1,0,Area-11,3
2024-01-01,1,0,Area-12,1
2024-01-01,1,0,Area-14,1
2024-01-01,1,0,Area-16,2
2024-01-01,1,0,Area-17,1
2024-01-01,1,0,Area-18,1
2024-01-01,1,0,Area-20,1
2024-01-01,1,0,Area-21,1
2024-01-01,1,0,Area-22,2
2024-01-01,1,0,Area-25,3
2024-01-01,1,0,Area-26,2
2024-01-01,1,0,Area-27,2
2024-01-01,1,0,Area-29,2
2024-01-01,1,0,Area-3,1
2024-01-01,1,0,Area-30,2
2024-01-01,1,0,Area-31,2
2024-01-01,1,0,Area-32,3
2024-01-01,1,0,Area-33,2
2024-01-01,1,0,Area-34,1
2024-01-01,1,0,Area-35,1
2024-01-01,1,0,Area-36,1
2024-01-01,1,0,Area-37,1
2024-01-01,1,0,Area-39,3
2024-01-01,1,0,Area-40,1
2024-01-01,1,0,Area-41,3
2024-01-01,1,0,Area-43,2
2024-01-01,1,0,Area-44,3
2024-01-01,1,0,Area-45,1
2024-01-01,1,0,Area-46,2
2024-01-01,1,0,Area-47,2
2024-01-01,1,0,Area-48,2
2024-01-01,1,0,Area-49,2
2024-01-01,1,0,Area-5,1
2024-01-01,1,0,Area-50,2
2024-01-01,1,0,Area-6,1
2024-01-01,1,0,Area-7,3
2024-01-01,1,0,Area-8,2
2024-01-01,1,0,Area-9,2
2024-01-01,2,0,Area-1,3
2024-01-01,2,0,Area-10,2
2024-01-01,2,0,Area-11,3
2024-01-01,2,0,Area-12,3
2024-01-01,2,0,Area-13,1
2024-01-01,2,0,Area-15,1
2024-01-01,2,0,Area-16,3
2024-01-01,2,0,Area-17,2
2024-01-01,2,0,Area-20,2
2024-01-01,2,0,Area-21,3
2024-01-01,2,0,Area-22,1
2024-01-01,2,0,Area-25,2
2024-01-01,2,0,Area-26,4
2024-01-01,2,0,Area-28,2
2024-01-01,2,0,Area-29,4
2024-01-01,2,0,Area-30,2
2024-01-01,2,0,Area-31,3
2024-01-01,2,0,Area-32,2
2024-01-01,2,0,Area-34,2
2024-01-01,2,0,Area-35,1
2024-01-01,2,0,Area-36,1
2024-01-01,2,0,Area-37,1
2024-01-01,2,0,Area-39,2
2024-01-01,2,0,Area-40,1
2024-01-01,2,0,Area-41,3
2024-01-01,2,0,Area-42,4
2024-01-01,2,0,Area-44,2
2024-01-01,2,0,Area-45,3
2024-01-01,2,0,Area-46,1
2024-01-01,2,0,Area-47,1
2024-01-01,2,0,Area-48,1
2024-01-01,2,0,Area-49,2
2024-01-01,2,0,Area-5,1
2024-01-01,2,0,Area-50,2
2024-01-01,2,0,Area-6,3
2024-01-01,2,0,Area-7,2
2024-01-01,2,0,Area-8,1
2024-01-01,2,0,Area-9,3
2024-01-01,3,0,Area-1,3
2024-01-01,3,0,Area-10,1
2024-01-01,3,0,Area-11,1
2024-01-01,3,0,Area-12,1
2024-01-01,3,0,Area-14,1
2024-01-01,3,0,Area-15,1
2024-01-01,3,0,Area-16,2
2024-01-01,3,0,Area-18,1
2024-01-01,3,0,Area-19,2
2024-01-01,3,0,Area-2,4
2024-01-01,3,0,Area-21,2
2024-01-01,3,0,Area-22,3
2024-01-01,3,0,Area-23,2
2024-01-01,3,0,Area-24,1
2024-01-01,3,0,Area-25,4
2024-01-01,3,0,Area-26,2
2024-01-01,3,0,Area-27,2
2024-01-01,3,0,Area-29,2
2024-01-01,3,0,Area-31,3
2024-01-01,3,0,Area-32,1
2024-01-01,3,0,Area-33,3
2024-01-01,3,0,Area-35,1
2024-01-01,3,0,Area-38,3
2024-01-01,3,0,Area-39,2
2024-01-01,3,0,Area-4,1
2024-01-01,3,0,Area-40,2
2024-01-01,3,0,Area-41,2
2024-01-01,3,0,Area-42,2
2024-01-01,3,0,Area-43,2
2024-01-01,3,0,Area-44,1
2024-01-01,3,0,Area-46,1
2024-01-01,3,0,Area-47,2
2024-01-01,3,0,Area-48,1
2024-01-01,3,0,Area-49,1
2024-01-01,3,0,Area-50,2
2024-01-01,3,0,Area-6,1
2024-01-01,3,0,Area-7,1
2024-01-01,3,0,Area-8,2
2024-01-01,4,0,Area-10,1
2024-01-01,4,0,Area-11,1
2024-01-01,4,0,Area-12,2
2024-01-01,4,0,Area-13,3
2024-01-01,4,0,Area-14,1
2024-01-01,4,0,Area-15,2
2024-01-01,4,0,Area-16,1
2024-01-01,4,0,Area-19,2
2024-01-01,4,0,Area-2,1
2024-01-01,4,0,Area-20,2
2024-01-01,4,0,Area-21,1
2024-01-01,4,0,Area-23,1
2024-01-01,4,0,Area-27,2
2024-01-01,4,0,Area-29,4
2024-01-01,4,0,Area-3,2
2024-01-01,4,0,Area-30,1
2024-01-01,4,0,Area-32,2
2024-01-01,4,0,Area-33,1
2024-01-01,4,0,Area-35,1
2024-01-01,4,0,Area-36,2
2024-01-01,4,0,Area-37,4
2024-01-01,4,0,Area-38,1
2024-01-01,4,0,Area-39,1
2024-01-01,4,0,Area-4,1
2024-01-01,4,0,Area-40,2
2024-01-01,4,0,Area-41,4
2024-01-01,4,0,Area-42,1
2024-01-01,4,0,Area-43,2
2024-01-01,4,0,Area-45,2
2024-01-01,4,0,Area-46,2
2024-01-01,4,0,Area-47,3
2024-01-01,4,0,Area-48,1
2024-01-01,4,0,Area-49,3
2024-01-01,4,0,Area-50,1
2024-01-01,4,0,Area-7,1
2024-01-01,4,0,Area-8,3
2024-01-01,4,0,Area-9,1
2024-01-01,5,0,Area-1,1
2024-01-01,5,0,Area-10,1
2024-01-01,5,0,Area-11,2
2024-01-01,5,0,Area-14,1
2024-01-01,5,0,Area-16,1
2024-01-01,5,0,Area-17,2
2024-01-01,5,0,Area-18,2
2024-01-01,5,0,Area-20,1
2024-01-01,5,0,Area-21,2
2024-01-01,5,0,Area-22,2
2024-01-01,5,0,Area-25,1
2024-01-01,5,0,Area-26,4
2024-01-01,5,0,Area-27,1
2024-01-01,5,0,Area-29,1
2024-01-01,5,0,Area-3,1
2024-01-01,5,0,Area-30,3
2024-01-01,5,0,Area-31,1
2024-01-01,5,0,Area-34,4
2024-01-01,5,0,Area-35,1
2024-01-01,5,0,Area-37,1
2024-01-01,5,0,Area-39,2
2024-01-01,5,0,Area-4,3
2024-01-01,5,0,Area-40,3
2024-01-01,5,0,Area-41,2
2024-01-01,5,0,Area-42,2
2024-01-01,5,0,Area-44,3
2024-01-01,5,0,Area-46,1
2024-01-01,5,0,Area-47,3
2024-01-01,5,0,Area-48,1
2024-01-01,5,0,Area-5,2
2024-01-01,5,0,Area-50,2
2024-01-01,5,0,Area-6,1
2024-01-01,5,0,Area-7,1
2024-01-01,5,0,Area-8,1
2024-01-01,5,0,Area-9,2
2024-01-01,6,0,Area-1,5
2024-01-01,6,0,Area-11,1
2024-01-01,6,0,Area-12,2
2024-01-01,6,0,Area-13,2
2024-01-01,6,0,Area-14,2
2024-01-01,6,0,Area-15,3
2024-01-01,6,0,Area-16,1
2024-01-01,6,0,Area-17,2
2024-01-01,6,0,Area-18,1
2024-01-01,6,0,Area-19,3
2024-01-01,6,0,Area-2,2
2024-01-01,6,0,Area-20,2
2024-01-01,6,0,Area-22,1
2024-01-01,6,0,Area-23,3
2024-01-01,6,0,Area-24,5
2024-01-01,6,0,Area-25,2
2024-01-01,6,0,Area-26,1
2024-01-01,6,0,Area-27,1
2024-01-01,6,0,Area-28,2
2024-01-01,6,0,Area-29,3
2024-01-01,6,0,Area-3,1
2024-01-01,6,0,Area-30,4
2024-01-01,6,0,Area-31,1
2024-01-01,6,0,Area-39,2
2024-01-01,6,0,Area-4,1
2024-01-01,6,0,Area-40,1
2024-01-01,6,0,Area-41,1
2024-01-01,6,0,Area-43,1
2024-01-01,6,0,Area-44,3
2024-01-01,6,0,Area-45,2
2024-01-01,6,0,Area-46,1
2024-01-01,6,0,Area-48,2
2024-01-01,6,0,Area-50,2
2024-01-01,6,0,Area-7,2
2024-01-01,6,0,Area-8,1
2024-01-01,6,0,Area-9,3
2024-01-01,7,0,Area-10,1
2024-01-01,7,0,Area-11,1
2024-01-01,7,0,Area-13,2
2024-01-01,7,0,Area-14,4
2024-01-01,7,0,Area-15,3
2024-01-01,7,0,Area-16,1
2024-01-01,7,0,Area-17,1
2024-01-01,7,0,Area-18,1
2024-01-01,7,0,Area-19,3
2024-01-01,7,0,Area-2,1
2024-01-01,7,0,Area-20,2
2024-01-01,7,0,Area-23,1
2024-01-01,7,0,Area-24,4
2024-01-01,7,0,Area-25,3
2024-01-01,7,0,Area-26,4
2024-01-01,7,0,Area-27,1
2024-01-01,7,0,Area-28,2
2024-01-01,7,0,Area-29,2
2024-01-01,7,0,Area-3,2
2024-01-01,7,0,Area-31,1
2024-01-01,7,0,Area-32,1
2024-01-01,7,0,Area-33,4
2024-01-01,7,0,Area-35,1
2024-01-01,7,0,Area-36,3
2024-01-01,7,0,Area-37,2
2024-01-01,7,0,Area-38,1
2024-01-01,7,0,Area-4,5
2024-01-01,7,0,Area-41,1
2024-01-01,7,0,Area-44,3
2024-01-01,7,0,Area-45,4
2024-01-01,7,0,Area-46,1
2024-01-01,7,0,Area-47,3
2024-01-01,7,0,Area-49,1
2024-01-01,7,0,Area-5,1
2024-01-01,7,0,Area-50,1
2024-01-01,7,0,Area-6,2
2024-01-01,7,0,Area-7,1
2024-01-01,7,0,Area-8,2
2024-01-01,7,0,Area-9,4
2024-01-01,8,0,Area-12,2
2024-01-01,8,0,Area-13,2
2024-01-01,8,0,Area-14,3
2024-01-01,8,0,Area-15,1
2024-01-01,8,0,Area-16,3
2024-01-01,8,0,Area-20,2
2024-01-01,8,0,Area-21,2
2024-01-01,8,0,Area-23,2
2024-01-01,8,0,Area-25,2
2024-01-01,8,0,Area-29,3
2024-01-01,8,0,Area-3,2
2024-01-01,8,0,Area-30,1
2024-01-01,8,0,Area-31,2
2024-01-01,8,0,Area-33,1
2024-01-01,8,0,Area-36,4
2024-01-01,8,0,Area-37,3
2024-01-01,8,0,Area-38,2
2024-01-01,8,0,Area-39,2
2024-01-01,8,0,Area-4,2
2024-01-01,8,0,Area-40,2
2024-01-01,8,0,Area-42,1
2024-01-01,8,0,Area-43,1
2024-01-01,8,0,Area-44,2
2024-01-01,8,0,Area-45,3
2024-01-01,8,0,Area-47,2
2024-01-01,8,0,Area-5,2
2024-01-01,8,0,Area-50,1
2024-01-01,8,0,Area-6,1
2024-01-01,8,0,Area-7,1
2024-01-01,8,0,Area-8,2
2024-01-01,8,0,Area-9,1
2024-01-01,9,0,Area-1,1
2024-01-01,9,0,Area-14,3
2024-01-01,9,0,Area-15,1
2024-01-01,9,0,Area-17,1
2024-01-01,9,0,Area-18,2
2024-01-01,9,0,Area-2,3
2024-01-01,9,0,Area-21,4
2024-01-01,9,0,Area-23,2
2024-01-01,9,0,Area-24,1
2024-01-01,9,0,Area-25,3
2024-01-01,9,0,Area-26,1
2024-01-01,9,0,Area-27,2
2024-01-01,9,0,Area-28,1
2024-01-01,9,0,Area-29,1
2024-01-01,9,0,Area-3,1
2024-01-01,9,0,Area-30,3
2024-01-01,9,0,Area-31,1
2024-01-01,9,0,Area-35,4
2024-01-01,9,0,Area-37,1
2024-01-01,9,0,Area-39,1
2024-01-01,9,0,Area-4,3
2024-01-01,9,0,Area-40,2
2024-01-01,9,0,Area-43,3
2024-01-01,9,0,Area-44,1
2024-01-01,9,0,Area-46,3
2024-01-01,9,0,Area-49,2
2024-01-01,9,0,Area-5,1
2024-01-01,9,0,Area-6,2
2024-01-01,9,0,Area-7,2
2024-01-01,9,0,Area-8,1
2024-01-01,9,0,Area-9,2
2024-01-01,10,0,Area-1,3
2024-01-01,10,0,Area-11,1
2024-01-01,10,0,Area-13,1
2024-01-01,10,0,Area-14,3
2024-01-01,10,0,Area-15,1
2024-01-01,10,0,Area-18,2
2024-01-01,10,0,Area-2,4
2024-01-01,10,0,Area-20,2
2024-01-01,10,0,Area-22,2
2024-01-01,10,0,Area-23,5
2024-01-01,10,0,Area-24,1
2024-01-01,10,0,Area-26,1
2024-01-01,10,0,Area-27,1
2024-01-01,10,0,Area-28,3
2024-01-01,10,0,Area-29,1
2024-01-01,10,0,Area-3,3
2024-01-01,10,0,Area-30,2
2024-01-01,10,0,Area-31,1
2024-01-01,10,0,Area-33,1
2024-01-01,10,0,Area-34,2
2024-01-01,10,0,Area-35,4
2024-01-01,10,0,Area-36,3
2024-01-01,10,0,Area-37,2
2024-01-01,10,0,Area-38,1
2024-01-01,10,0,Area-39,1
2024-01-01,10,0,Area-4,2
2024-01-01,10,0,Area-40,1
2024-01-01,10,0,Area-41,1
2024-01-01,10,0,Area-42,4
2024-01-01,10,0,Area-43,1
2024-01-01,10,0,Area-46,2
2024-01-01,10,0,Area-47,3
2024-01-01,10,0,Area-49,1
2024-01-01,10,0,Area-5,2
2024-01-01,10,0,Area-50,2
2024-01-01,10,0,Area-6,2
2024-01-01,10,0,Area-7,1
2024-01-01,10,0,Area-8,2
2024-01-01,11,0,Area-1,1
2024-01-01,11,0,Area-10,4
2024-01-01,11,0,Area-12,4
2024-01-01,11,0,Area-13,2
2024-01-01,11,0,Area-14,2
2024-01-01,11,0,Area-15,2
2024-01-01,11,0,Area-16,1
2024-01-01,11,0,Area-17,1
2024-01-01,11,0,Area-18,2
2024-01-01,11,0,Area-19,1
2024-01-01,11,0,Area-2,2
2024-01-01,11,0,Area-20,3
2024-01-01,11,0,Area-21,1
2024-01-01,11,0,Area-23,4
2024-01-01,11,0,Area-25,2
2024-01-01,11,0,Area-26,3
2024-01-01,11,0,Area-27,1
2024-01-01,11,0,Area-28,2
2024-01-01,11,0,Area-29,2
2024-01-01,11,0,Area-30,1
2024-01-01,11,0,Area-31,1
2024-01-01,11,0,Area-32,1
2024-01-01,11,0,Area-33,2
2024-01-01,11,0,Area-34,1
2024-01-01,11,0,Area-36,2
2024-01-01,11,0,Area-37,1
2024-01-01,11,0,Area-38,1
2024-01-01,11,0,Area-39,2
2024-01-01,11,0,Area-40,1
2024-01-01,11,0,Area-43,1
2024-01-01,11,0,Area-44,1
2024-01-01,11,0,Area-45,3
2024-01-01,11,0,Area-46,1
2024-01-01,11,0,Area-47,1
2024-01-01,11,0,Area-48,4
2024-01-01,11,0,Area-49,1
2024-01-01,11,0,Area-5,1
2024-01-01,11,0,Area-50,1
2024-01-01,11,0,Area-7,1
2024-01-01,12,0,Area-10,2
2024-01-01,12,0,Area-11,2
2024-01-01,12,0,Area-12,3
2024-01-01,12,0,Area-13,2
2024-01-01,12,0,Area-14,1
2024-01-01,12,0,Area-16,2
2024-01-01,12,0,Area-17,1
2024-01-01,12,0,Area-18,1
2024-01-01,12,0,Area-19,1
2024-01-01,12,0,Area-2,2
2024-01-01,12,0,Area-20,1
2024-01-01,12,0,Area-23,1
2024-01-01,12,0,Area-24,3
2024-01-01,12,0,Area-26,1
2024-01-01,12,0,Area-28,1
2024-01-01,12,0,Area-30,1
2024-01-01,12,0,Area-31,1
2024-01-01,12,0,Area-32,1
2024-01-01,12,0,Area-33,1
2024-01-01,12,0,Area-34,2
2024-01-01,12,0,Area-35,2
2024-01-01,12,0,Area-36,2
2024-01-01,12,0,Area-37,1
2024-01-01,12,0,Area-38,1
2024-01-01,12,0,Area-39,1
2024-01-01,12,0,Area-4,1
2024-01-01,12,0,Area-40,1
2024-01-01,12,0,Area-41,4
2024-01-01,12,0,Area-42,1
2024-01-01,12,0,Area-43,1
2024-01-01,12,0,Area-44,1
2024-01-01,12,0,Area-45,2
2024-01-01,12,0,Area-46,3
2024-01-01,12,0,Area-47,2
2024-01-01,12,0,Area-6,2
2024-01-01,12,0,Area-7,1
2024-01-01,12,0,Area-8,3
2024-01-01,12,0,Area-9,1
2024-01-01,13,0,Area-1,1
2024-01-01,13,0,Area-11,3
2024-01-01,13,0,Area-12,2
2024-01-01,13,0,Area-13,3
2024-01-01,13,0,Area-14,1
2024-01-01,13,0,Area-17,2
2024-01-01,13,0,Area-18,1
2024-01-01,13,0,Area-19,2
2024-01-01,13,0,Area-2,1
2024-01-01,13,0,Area-20,1
2024-01-01,13,0,Area-21,3
2024-01-01,13,0,Area-23,1
2024-01-01,13,0,Area-24,2
2024-01-01,13,0,Area-25,1
2024-01-01,13,0,Area-26,4
2024-01-01,13,0,Area-27,3
2024-01-01,13,0,Area-28,3
2024-01-01,13,0,Area-29,1
2024-01-01,13,0,Area-3,1
2024-01-01,13,0,Area-30,1
2024-01-01,13,0,Area-31,2
2024-01-01,13,0,Area-32,1
2024-01-01,13,0,Area-33,2
2024-01-01,13,0,Area-36,3
2024-01-01,13,0,Area-37,1
2024-01-01,13,0,Area-38,2
2024-01-01,13,0,Area-39,4
2024-01-01,13,0,Area-4,2
2024-01-01,13,0,Area-40,3
2024-01-01,13,0,Area-41,4
2024-01-01,13,0,Area-42,2
2024-01-01,13,0,Area-43,1
2024-01-01,13,0,Area-45,1
2024-01-01,13,0,Area-46,2
2024-01-01,13,0,Area-47,1
2024-01-01,13,0,Area-48,1
2024-01-01,13,0,Area-5,1
2024-01-01,13,0,Area-50,3
2024-01-01,13,0,Area-6,2
2024-01-01,13,0,Area-7,4
2024-01-01,13,0,Area-8,2
2024-01-01,13,0,Area-9,1
2024-01-01,14,0,Area-1,1
2024-01-01,14,0,Area-10,1
2024-01-01,14,0,Area-11,1
2024-01-01,14,0,Area-12,1
2024-01-01,14,0,Area-13,1
2024-01-01,14,0,Area-15,3
2024-01-01,14,0,Area-16,5
2024-01-01,14,0,Area-17,1
2024-01-01,14,0,Area-18,2
2024-01-01,14,0,Area-19,2
2024-01-01,14,0,Area-20,1
2024-01-01,14,0,Area-22,1
2024-01-01,14,0,Area-23,3
2024-01-01,14,0,Area-25,2
2024-01-01,14,0,Area-27,2
2024-01-01,14,0,Area-28,1
2024-01-01,14,0,Area-29,1
2024-01-01,14,0,Area-3,2
2024-01-01,14,0,Area-30,1
2024-01-01,14,0,Area-32,2
2024-01-01,14,0,Area-34,3
2024-01-01,14,0,Area-35,2
2024-01-01,14,0,Area-36,2
2024-01-01,14,0,Area-37,1
2024-01-01,14,0,Area-38,1
2024-01-01,14,0,Area-39,1
2024-01-01,14,0,Area-40,2
2024-01-01,14,0,Area-41,2
2024-01-01,14,0,Area-42,1
2024-01-01,14,0,Area-44,2
2024-01-01,14,0,Area-45,2
2024-01-01,14,0,Area-46,2
2024-01-01,14,0,Area-47,1
2024-01-01,14,0,Area-5,2
2024-01-01,14,0,Area-7,1
2024-01-01,14,0,Area-9,1
2024-01-01,15,0,Area-1,1
2024-01-01,15,0,Area-10,1
2024-01-01,15,0,Area-12,2
2024-01-01,15,0,Area-13,1
2024-01-01,15,0,Area-14,1
2024-01-01,15,0,Area-16,4
2024-01-01,15,0,Area-17,1
2024-01-01,15,0,Area-18,1
2024-01-01,15,0,Area-19,2
2024-01-01,15,0,Area-20,1
2024-01-01,15,0,Area-21,1
2024-01-01,15,0,Area-22,2
2024-01-01,15,0,Area-23,1
2024-01-01,15,0,Area-24,1
2024-01-01,15,0,Area-25,1
2024-01-01,15,0,Area-26,2
2024-01-01,15,0,Area-28,1
2024-01-01,15,0,Area-30,1
2024-01-01,15,0,Area-31,1
2024-01-01,15,0,Area-33,1
2024-01-01,15,0,Area-34,2
2024-01-01,15,0,Area-35,2
2024-01-01,15,0,Area-36,3
2024-01-01,15,0,Area-37,1
2024-01-01,15,0,Area-38,1
2024-01-01,15,0,Area-39,2
2024-01-01,15,0,Area-4,3
2024-01-01,15,0,Area-40,2
2024-01-01,15,0,Area-43,1
2024-01-01,15,0,Area-44,1
2024-01-01,15,0,Area-45,1
2024-01-01,15,0,Area-46,1
2024-01-01,15,0,Area-47,2
2024-01-01,15,0,Area-48,4
2024-01-01,15,0,Area-5,1
2024-01-01,15,0,Area-6,2
2024-01-01,15,0,Area-7,1
2024-01-01,15,0,Area-8,2
2024-01-01,15,0,Area-9,2
2024-01-01,16,0,Area-1,1
2024-01-01,16,0,Area-10,1
2024-01-01,16,0,Area-13,1
2024-01-01,16,0,Area-14,3
2024-01-01,16,0,Area-15,2
2024-01-01,16,0,Area-16,1
2024-01-01,16,0,Area-17,1
2024-01-01,16,0,Area-18,2
2024-01-01,16,0,Area-19,2
2024-01-01,16,0,Area-2,1
2024-01-01,16,0,Area-22,1
2024-01-01,16,0,Area-23,3
2024-01-01,16,0,Area-24,1
2024-01-01,16,0,Area-25,2
2024-01-01,16,0,Area-26,3
2024-01-01,16,0,Area-27,1
2024-01-01,16,0,Area-28,1
2024-01-01,16,0,Area-29,2
2024-01-01,16,0,Area-3,1
2024-01-01,16,0,Area-30,1
2024-01-01,16,0,Area-33,1
2024-01-01,16,0,Area-34,5
2024-01-01,16,0,Area-35,2
2024-01-01,16,0,Area-37,3
2024-01-01,16,0,Area-38,2
2024-01-01,16,0,Area-39,1
2024-01-01,16,0,Area-4,2
2024-01-01,16,0,Area-40,1
2024-01-01,16,0,Area-41,1
2024-01-01,16,0,Area-42,3
2024-01-01,16,0,Area-44,3
2024-01-01,16,0,Area-45,2
2024-01-01,16,0,Area-46,4
2024-01-01,16,0,Area-47,2
2024-01-01,16,0,Area-48,4
2024-01-01,16,0,Area-5,1
2024-01-01,16,0,Area-6,1
2024-01-01,16,0,Area-7,3
2024-01-01,16,0,Area-8,1
2024-01-01,16,0,Area-9,1
2024-01-01,17,0,Area-1,1
2024-01-01,17,0,Area-10,3
2024-01-01,17,0,Area-11,3
2024-01-01,17,0,Area-12,2
2024-01-01,17,0,Area-13,1
2024-01-01,17,0,Area-15,1
2024-01-01,17,0,Area-16,2
2024-01-01,17,0,Area-18,2
2024-01-01,17,0,Area-19,2
2024-01-01,17,0,Area-2,2
2024-01-01,17,0,Area-20,2
2024-01-01,17,0,Area-21,2
2024-01-01,17,0,Area-22,2
2024-01-01,17,0,Area-24,2
2024-01-01,17,0,Area-27,3
2024-01-01,17,0,Area-28,2
2024-01-01,17,0,Area-3,1
2024-01-01,17,0,Area-30,2
2024-01-01,17,0,Area-31,2
2024-01-01,17,0,Area-32,1
2024-01-01,17,0,Area-34,2
2024-01-01,17,0,Area-35,1
2024-01-01,17,0,Area-36,1
2024-01-01,17,0,Area-37,4
2024-01-01,17,0,Area-39,1
2024-01-01,17,0,Area-40,4
2024-01-01,17,0,Area-41,5
2024-01-01,17,0,Area-42,1
2024-01-01,17,0,Area-43,1
2024-01-01,17,0,Area-44,1
2024-01-01,17,0,Area-45,3
2024-01-01,17,0,Area-46,4
2024-01-01,17,0,Area-48,4
2024-01-01,17,0,Area-49,1
2024-01-01,17,0,Area-5,1
2024-01-01,17,0,Area-50,2
2024-01-01,17,0,Area-7,1
2024-01-01,17,0,Area-9,1
2024-01-01,18,0,Area-1,4
2024-01-01,18,0,Area-10,1
2024-01-01,18,0,Area-11,2
2024-01-01,18,0,Area-12,2
2024-01-01,18,0,Area-13,3
2024-01-01,18,0,Area-14,3
2024-01-01,18,0,Area-15,2
2024-01-01,18,0,Area-16,1
2024-01-01,18,0,Area-18,2
2024-01-01,18,0,Area-19,1
2024-01-01,18,0,Area-20,1
2024-01-01,18,0,Area-21,1
2024-01-01,18,0,Area-22,2
2024-01-01,18,0,Area-24,1
2024-01-01,18,0,Area-26,2
2024-01-01,18,0,Area-29,2
2024-01-01,18,0,Area-30,3
2024-01-01,18,0,Area-31,1
2024-01-01,18,0,Area-32,1
2024-01-01,18,0,Area-33,2
2024-01-01,18,0,Area-34,1
2024-01-01,18,0,Area-38,3
2024-01-01,18,0,Area-39,2
2024-01-01,18,0,Area-4,1
2024-01-01,18,0,Area-40,3
2024-01-01,18,0,Area-42,1
2024-01-01,18,0,Area-44,1
2024-01-01,18,0,Area-45,1
2024-01-01,18,0,Area-46,1
2024-01-01,18,0,Area-47,2
2024-01-01,18,0,Area-48,1
2024-01-01,18,0,Area-49,2
2024-01-01,18,0,Area-7,2
2024-01-01,19,0,Area-11,1
2024-01-01,19,0,Area-12,4
2024-01-01,19,0,Area-14,2
2024-01-01,19,0,Area-15,1
2024-01-01,19,0,Area-17,1
2024-01-01,19,0,Area-2,1
2024-01-01,19,0,Area-20,1
2024-01-01,19,0,Area-21,2
2024-01-01,19,0,Area-23,2
2024-01-01,19,0,Area-24,1
2024-01-01,19,0,Area-25,1
2024-01-01,19,0,Area-26,3
2024-01-01,19,0,Area-27,2
2024-01-01,19,0,Area-28,1
2024-01-01,19,0,Area-29,4
2024-01-01,19,0,Area-3,1
2024-01-01,19,0,Area-31,2
2024-01-01,19,0,Area-32,2
2024-01-01,19,0,Area-33,2
2024-01-01,19,0,Area-34,2
2024-01-01,19,0,Area-35,1
2024-01-01,19,0,Area-37,3
2024-01-01,19,0,Area-38,1
2024-01-01,19,0,Area-39,1
2024-01-01,19,0,Area-4,2
2024-01-01,19,0,Area-40,2
2024-01-01,19,0,Area-41,2
2024-01-01,19,0,Area-42,4
2024-01-01,19,0,Area-43,3
2024-01-01,19,0,Area-44,1
2024-01-01,19,0,Area-45,3
2024-01-01,19,0,Area-46,2
2024-01-01,19,0,Area-47,1
2024-01-01,19,0,Area-48,3
2024-01-01,19,0,Area-49,1
2024-01-01,19,0,Area-5,1
2024-01-01,19,0,Area-50,1
2024-01-01,19,0,Area-7,1
2024-01-01,19,0,Area-8,2
2024-01-01,19,0,Area-9,2
2024-01-01,20,0,Area-1,3
2024-01-01,20,0,Area-11,2
2024-01-01,20,0,Area-12,1
2024-01-01,20,0,Area-13,1
2024-01-01,20,0,Area-14,2
2024-01-01,20,0,Area-15,3
2024-01-01,20,0,Area-16,4
2024-01-01,20,0,Area-17,3
2024-01-01,20,0,Area-18,1
2024-01-01,20,0,Area-20,4
2024-01-01,20,0,Area-22,1
2024-01-01,20,0,Area-23,1
2024-01-01,20,0,Area-25,1
2024-01-01,20,0,Area-26,4
2024-01-01,20,0,Area-27,2
2024-01-01,20,0,Area-28,1
2024-01-01,20,0,Area-29,1
2024-01-01,20,0,Area-3,1
2024-01-01,20,0,Area-32,2
2024-01-01,20,0,Area-33,1
2024-01-01,20,0,Area-34,3
2024-01-01,20,0,Area-35,1
2024-01-01,20,0,Area-36,2
2024-01-01,20,0,Area-37,2
2024-01-01,20,0,Area-38,1
2024-01-01,20,0,Area-4,2
2024-01-01,20,0,Area-40,1
2024-01-01,20,0,Area-41,1
2024-01-01,20,0,Area-42,1
2024-01-01,20,0,Area-44,2
2024-01-01,20,0,Area-45,2
2024-01-01,20,0,Area-47,3
2024-01-01,20,0,Area-48,2
2024-01-01,20,0,Area-49,2
2024-01-01,20,0,Area-7,4
2024-01-01,20,0,Area-9,1
2024-01-01,21,0,Area-1,1
2024-01-01,21,0,Area-12,2
2024-01-01,21,0,Area-13,2
2024-01-01,21,0,Area-15,1
2024-01-01,21,0,Area-16,3
2024-01-01,21,0,Area-17,1
2024-01-01,21,0,Area-19,1
2024-01-01,21,0,Area-2,2
2024-01-01,21,0,Area-20,1
2024-01-01,21,0,Area-21,1
2024-01-01,21,0,Area-22,1
2024-01-01,21,0,Area-23,2
2024-01-01,21,0,Area-24,2
2024-01-01,21,0,Area-25,2
2024-01-01,21,0,Area-26,2
2024-01-01,21,0,Area-27,2
2024-01-01,21,0,Area-28,2
2024-01-01,21,0,Area-29,1
2024-01-01,21,0,Area-3,1
2024-01-01,21,0,Area-34,3
2024-01-01,21,0,Area-37,1
2024-01-01,21,0,Area-39,1
2024-01-01,21,0,Area-4,2
2024-01-01,21,0,Area-40,3
2024-01-01,21,0,Area-41,3
2024-01-01,21,0,Area-42,2
2024-01-01,21,0,Area-43,3
2024-01-01,21,0,Area-44,1
2024-01-01,21,0,Area-45,5
2024-01-01,21,0,Area-48,3
2024-01-01,21,0,Area-49,2
2024-01-01,21,0,Area-5,2
2024-01-01,21,0,Area-50,4
2024-01-01,21,0,Area-7,1
2024-01-01,21,0,Area-9,2
2024-01-01,22,0,Area-1,1
2024-01-01,22,0,Area-10,3
2024-01-01,22,0,Area-11,1
2024-01-01,22,0,Area-13,1
2024-01-01,22,0,Area-14,1
2024-01-01,22,0,Area-16,2
2024-01-01,22,0,Area-17,2
2024-01-01,22,0,Area-18,1
2024-01-01,22,0,Area-19,1
2024-01-01,22,0,Area-2,3
2024-01-01,22,0,Area-21,1
2024-01-01,22,0,Area-22,1
2024-01-01,22,0,Area-27,1
2024-01-01,22,0,Area-28,2
2024-01-01,22,0,Area-29,1
2024-01-01,22,0,Area-3,2
2024-01-01,22,0,Area-30,3
2024-01-01,22,0,Area-32,2
2024-01-01,22,0,Area-35,2
2024-01-01,22,0,Area-36,1
2024-01-01,22,0,Area-37,2
2024-01-01,22,0,Area-38,1
2024-01-01,22,0,Area-39,1
2024-01-01,22,0,Area-4,1
2024-01-01,22,0,Area-40,2
2024-01-01,22,0,Area-41,1
2024-01-01,22,0,Area-42,3
2024-01-01,22,0,Area-43,2
2024-01-01,22,0,Area-46,1
2024-01-01,22,0,Area-47,1
2024-01-01,22,0,Area-48,2
2024-01-01,22,0,Area-49,1
2024-01-01,22,0,Area-5,1
2024-01-01,22,0,Area-50,2
2024-01-01,22,0,Area-7,2
2024-01-01,22,0,Area-8,2
2024-01-01,22,0,Area-9,2
2024-01-01,23,0,Area-1,1
2024-01-01,23,0,Area-10,2
2024-01-01,23,0,Area-11,2
2024-01-01,23,0,Area-12,2
2024-01-01,23,0,Area-13,2
2024-01-01,23,0,Area-14,1
2024-01-01,23,0,Area-15,2
2024-01-01,23,0,Area-16,1
2024-01-01,23,0,Area-17,2
2024-01-01,23,0,Area-18,1
2024-01-01,23,0,Area-19,1
2024-01-01,23,0,Area-2,1
2024-01-01,23,0,Area-20,2
2024-01-01,23,0,Area-22,4
2024-01-01,23,0,Area-24,3
2024-01-01,23,0,Area-26,2
2024-01-01,23,0,Area-28,1
2024-01-01,23,0,Area-29,2
2024-01-01,23,0,Area-3,2
2024-01-01,23,0,Area-30,2
2024-01-01,23,0,Area-32,1
2024-01-01,23,0,Area-33,2
2024-01-01,23,0,Area-35,2
2024-01-01,23,0,Area-36,1
2024-01-01,23,0,Area-37,3
2024-01-01,23,0,Area-4,1
2024-01-01,23,0,Area-40,1
2024-01-01,23,0,Area-42,3
2024-01-01,23,0,Area-44,1
2024-01-01,23,0,Area-45,1
2024-01-01,23,0,Area-46,1
2024-01-01,23,0,Area-47,1
2024-01-01,23,0,Area-49,1
2024-01-01,23,0,Area-5,2
2024-01-01,23,0,Area-6,2
2024-01-01,23,0,Area-7,2
2024-01-01,23,0,Area-8,1
2024-01-02,0,1,Area-1,2
2024-01-02,0,1,Area-10,1
2024-01-02,0,1,Area-11,4
2024-01-02,0,1,Area-12,1
2024-01-02,0,1,Area-13,2
2024-01-02,0,1,Area-14,1
2024-01-02,0,1,Area-15,2
2024-01-02,0,1,Area-17,2
2024-01-02,0,1,Area-18,3
2024-01-02,0,1,Area-19,3
2024-01-02,0,1,Area-20,1
2024-01-02,0,1,Area-21,3
2024-01-02,0,1,Area-22,1
2024-01-02,0,1,Area-23,2
2024-01-02,0,1,Area-24,4
2024-01-02,0,1,Area-27,3
2024-01-02,0,1,Area-28,1
2024-01-02,0,1,Area-29,2
2024-01-02,0,1,Area-3,1
2024-01-02,0,1,Area-30,1
2024-01-02,0,1,Area-31,1
2024-01-02,0,1,Area-35,2
2024-01-02,0,1,Area-36,1
2024-01-02,0,1,Area-37,1
2024-01-02,0,1,Area-38,3
2024-01-02,0,1,Area-39,2
2024-01-02,0,1,Area-4,3
2024-01-02,0,1,Area-41,1
2024-01-02,0,1,Area-42,3
2024-01-02,0,1,Area-43,1
2024-01-02,0,1,Area-44,4
2024-01-02,0,1,Area-45,3
2024-01-02,0,1,Area-46,2
2024-01-02,0,1,Area-47,2
2024-01-02,0,1,Area-48,2
2024-01-02,0,1,Area-49,1
2024-01-02,0,1,Area-5,3
2024-01-02,0,1,Area-6,3
2024-01-02,0,1,Area-9,2
2024-01-02,1,1,Area-10,2
2024-01-02,1,1,Area-12,1
2024-01-02,1,1,Area-13,2
2024-01-02,1,1,Area-14,1
2024-01-02,1,1,Area-16,3
2024-01-02,1,1,Area-17,2
2024-01-02,1,1,Area-18,2
2024-01-02,1,1,Area-2,2
2024-01-02,1,1,Area-20,1
2024-01-02,1,1,Area-21,3
2024-01-02,1,1,Area-22,2
2024-01-02,1,1,Area-23,1
2024-01-02,1,1,Area-24,2
2024-01-02,1,1,Area-25,1
2024-01-02,1,1,Area-26,1
2024-01-02,1,1,Area-27,3
2024-01-02,1,1,Area-28,2
2024-01-02,1,1,Area-3,2
2024-01-02,1,1,Area-30,2
2024-01-02,1,1,Area-31,2
2024-01-02,1,1,Area-32,1
2024-01-02,1,1,Area-33,3
2024-01-02,1,1,Area-35,1
2024-01-02,1,1,Area-37,2
2024-01-02,1,1,Area-38,2
2024-01-02,1,1,Area-4,1
2024-01-02,1,1,Area-40,3
2024-01-02,1,1,Area-41,3
2024-01-02,1,1,Area-42,2
2024-01-02,1,1,Area-43,1
2024-01-02,1,1,Area-45,1
2024-01-02,1,1,Area-46,3
2024-01-02,1,1,Area-47,3
2024-01-02,1,1,Area-48,2
2024-01-02,1,1,Area-49,1
2024-01-02,1,1,Area-5,3
2024-01-02,1,1,Area-50,1
2024-01-02,1,1,Area-7,1
2024-01-02,1,1,Area-8,1
2024-01-02,1,1,Area-9,1
2024-01-02,2,1,Area-1,5
2024-01-02,2,1,Area-10,1
2024-01-02,2,1,Area-13,1
2024-01-02,2,1,Area-14,2
2024-01-02,2,1,Area-16,1
2024-01-02,2,1,Area-17,2
2024-01-02,2,1,Area-2,2
2024-01-02,2,1,Area-23,1
2024-01-02,2,1,Area-24,3
2024-01-02,2,1,Area-25,1
2024-01-02,2,1,Area-26,1
2024-01-02,2,1,Area-28,2
2024-01-02,2,1,Area-29,1
2024-01-02,2,1,Area-3,2
2024-01-02,2,1,Area-30,1
2024-01-02,2,1,Area-32,1
2024-01-02,2,1,Area-33,1
2024-01-02,2,1,Area-34,1
2024-01-02,2,1,Area-35,1
2024-01-02,2,1,Area-36,1
2024-01-02,2,1,Area-38,1
2024-01-02,2,1,Area-39,1
2024-01-02,2,1,Area-4,4
2024-01-02,2,1,Area-40,2
2024-01-02,2,1,Area-41,2
2024-01-02,2,1,Area-42,2
2024-01-02,2,1,Area-43,1
2024-01-02,2,1,Area-44,4
2024-01-02,2,1,Area-45,2
2024-01-02,2,1,Area-46,1
2024-01-02,2,1,Area-47,1
2024-01-02,2,1,Area-49,1
2024-01-02,2,1,Area-5,1
2024-01-02,2,1,Area-50,3
2024-01-02,2,1,Area-7,2
2024-01-02,2,1,Area-8,4
2024-01-02,2,1,Area-9,1
2024-01-02,3,1,Area-1,3
2024-01-02,3,1,Area-11,4
2024-01-02,3,1,Area-13,1
2024-01-02,3,1,Area-14,1
2024-01-02,3,1,Area-15,2
2024-01-02,3,1,Area-16,2
2024-01-02,3,1,Area-17,1
2024-01-02,3,1,Area-18,3
2024-01-02,3,1,Area-19,1
2024-01-02,3,1,Area-2,1
2024-01-02,3,1,Area-20,1
2024-01-02,3,1,Area-21,3
2024-01-02,3,1,Area-22,1
2024-01-02,3,1,Area-23,1
2024-01-02,3,1,Area-24,1
2024-01-02,3,1,Area-26,1
2024-01-02,3,1,Area-27,1
2024-01-02,3,1,Area-29,1
2024-01-02,3,1,Area-3,1
2024-01-02,3,1,Area-30,3
2024-01-02,3,1,Area-31,3
2024-01-02,3,1,Area-32,1
2024-01-02,3,1,Area-33,1
2024-01-02,3,1,Area-34,2
2024-01-02,3,1,Area-35,1
2024-01-02,3,1,Area-37,1
2024-01-02,3,1,Area-38,3
2024-01-02,3,1,Area-39,2
2024-01-02,3,1,Area-4,5
2024-01-02,3,1,Area-41,3
2024-01-02,3,1,Area-42,2
2024-01-02,3,1,Area-44,1
2024-01-02,3,1,Area-45,3
2024-01-02,3,1,Area-48,1
2024-01-02,3,1,Area-49,2
2024-01-02,3,1,Area-5,1
2024-01-02,3,1,Area-50,1
2024-01-02,3,1,Area-7,1
2024-01-02,3,1,Area-9,3
2024-01-02,4,1,Area-1,3
2024-01-02,4,1,Area-10,3
2024-01-02,4,1,Area-11,3
2024-01-02,4,1,Area-12,3
2024-01-02,4,1,Area-13,1
2024-01-02,4,1,Area-15,1
2024-01-02,4,1,Area-16,3
2024-01-02,4,1,Area-17,1
2024-01-02,4,1,Area-18,1
2024-01-02,4,1,Area-19,1
2024-01-02,4,1,Area-20,1
2024-01-02,4,1,Area-21,3
2024-01-02,4,1,Area-23,1
2024-01-02,4,1,Area-24,1
2024-01-02,4,1,Area-25,1
2024-01-02,4,1,Area-28,1
2024-01-02,4,1,Area-29,2
2024-01-02,4,1,Area-3,1
2024-01-02,4,1,Area-30,3
2024-01-02,4,1,Area-31,2
2024-01-02,4,1,Area-32,1
2024-01-02,4,1,Area-34,3
2024-01-02,4,1,Area-36,1
2024-01-02,4,1,Area-37,2
2024-01-02,4,1,Area-38,1
2024-01-02,4,1,Area-39,2
2024-01-02,4,1,Area-4,4
2024-01-02,4,1,Area-40,1
2024-01-02,4,1,Area-41,1
2024-01-02,4,1,Area-42,1
2024-01-02,4,1,Area-43,2
2024-01-02,4,1,Area-44,1
2024-01-02,4,1,Area-46,1
2024-01-02,4,1,Area-47,2
2024-01-02,4,1,Area-49,2
2024-01-02,4,1,Area-5,3
2024-01-02,4,1,Area-6,2
2024-01-02,4,1,Area-8,1
2024-01-02,5,1,Area-1,1
2024-01-02,5,1,Area-11,2
2024-01-02,5,1,Area-14,1
2024-01-02,5,1,Area-16,1
2024-01-02,5,1,Area-19,1
2024-01-02,5,1,Area-2,2
2024-01-02,5,1,Area-20,2
2024-01-02,5,1,Area-22,2
2024-01-02,5,1,Area-23,1
2024-01-02,5,1,Area-24,1
2024-01-02,5,1,Area-25,1
2024-01-02,5,1,Area-26,2
2024-01-02,5,1,Area-27,1
2024-01-02,5,1,Area-28,3
2024-01-02,5,1,Area-29,1
2024-01-02,5,1,Area-3,2
2024-01-02,5,1,Area-30,2
2024-01-02,5,1,Area-33,1
2024-01-02,5,1,Area-34,1
2024-01-02,5,1,Area-35,3
2024-01-02,5,1,Area-36,2
2024-01-02,5,1,Area-39,3
2024-01-02,5,1,Area-4,1
2024-01-02,5,1,Area-41,2
2024-01-02,5,1,Area-42,3
2024-01-02,5,1,Area-43,3
2024-01-02,5,1,Area-45,1
2024-01-02,5,1,Area-48,3
2024-01-02,5,1,Area-49,3
2024-01-02,5,1,Area-50,1
2024-01-02,5,1,Area-6,1
2024-01-02,5,1,Area-7,1
2024-01-02,5,1,Area-8,1
2024-01-02,5,1,Area-9,1
2024-01-02,6,1,Area-1,2
2024-01-02,6,1,Area-10,2
2024-01-02,6,1,Area-12,4
2024-01-02,6,1,Area-16,2
2024-01-02,6,1,Area-17,1
2024-01-02,6,1,Area-18,3
2024-01-02,6,1,Area-19,2
2024-01-02,6,1,Area-2,1
2024-01-02,6,1,Area-21,1
2024-01-02,6,1,Area-22,1
2024-01-02,6,1,Area-24,1
2024-01-02,6,1,Area-25,1
2024-01-02,6,1,Area-27,1
2024-01-02,6,1,Area-28,3
2024-01-02,6,1,Area-29,1
2024-01-02,6,1,Area-30,4
2024-01-02,6,1,Area-33,1
2024-01-02,6,1,Area-35,2
2024-01-02,6,1,Area-36,2
2024-01-02,6,1,Area-37,1
2024-01-02,6,1,Area-38,2
2024-01-02,6,1,Area-39,2
2024-01-02,6,1,Area-4,2
2024-01-02,6,1,Area-41,1
2024-01-02,6,1,Area-43,1
2024-01-02,6,1,Area-44,3
2024-01-02,6,1,Area-46,1
2024-01-02,6,1,Area-47,1
2024-01-02,6,1,Area-48,2
2024-01-02,6,1,Area-49,1
2024-01-02,6,1,Area-5,3
2024-01-02,6,1,Area-50,2
2024-01-02,6,1,Area-6,3
2024-01-02,6,1,Area-7,2
2024-01-02,6,1,Area-8,2
2024-01-02,6,1,Area-9,2
2024-01-02,7,1,Area-1,3
2024-01-02,7,1,Area-10,1
2024-01-02,7,1,Area-11,3
2024-01-02,7,1,Area-12,1
2024-01-02,7,1,Area-13,1
2024-01-02,7,1,Area-15,4
2024-01-02,7,1,Area-16,1
2024-01-02,7,1,Area-18,1
2024-01-02,7,1,Area-19,1
2024-01-02,7,1,Area-2,1
2024-01-02,7,1,Area-20,1
2024-01-02,7,1,Area-21,1
2024-01-02,7,1,Area-22,1
2024-01-02,7,1,Area-24,1
2024-01-02,7,1,Area-26,2
2024-01-02,7,1,Area-29,1
2024-01-02,7,1,Area-3,3
2024-01-02,7,1,Area-31,6
2024-01-02,7,1,Area-32,1
2024-01-02,7,1,Area-34,3
2024-01-02,7,1,Area-35,3
2024-01-02,7,1,Area-36,2
2024-01-02,7,1,Area-37,2
2024-01-02,7,1,Area-4,1
2024-01-02,7,1,Area-40,2
2024-01-02,7,1,Area-41,2
2024-01-02,7,1,Area-43,1
2024-01-02,7,1,Area-44,3
2024-01-02,7,1,Area-45,2
2024-01-02,7,1,Area-46,1
2024-01-02,7,1,Area-47,3
2024-01-02,7,1,Area-49,1
2024-01-02,7,1,Area-5,1
2024-01-02,7,1,Area-50,1
2024-01-02,7,1,Area-8,3
2024-01-02,7,1,Area-9,1
2024-01-02,8,1,Area-1,1
2024-01-02,8,1,Area-10,1
2024-01-02,8,1,Area-11,2
2024-01-02,8,1,Area-12,1
2024-01-02,8,1,Area-15,3
2024-01-02,8,1,Area-18,2
2024-01-02,8,1,Area-19,1
2024-01-02,8,1,Area-2,3
2024-01-02,8,1,Area-20,1
2024-01-02,8,1,Area-21,1
2024-01-02,8,1,Area-23,3
2024-01-02,8,1,Area-24,2
2024-01-02,8,1,Area-25,1
2024-01-02,8,1,Area-26,3
2024-01-02,8,1,Area-28,5
2024-01-02,8,1,Area-3,3
2024-01-02,8,1,Area-31,5
2024-01-02,8,1,Area-33,1
2024-01-02,8,1,Area-35,2
2024-01-02,8,1,Area-36,2
2024-01-02,8,1,Area-37,2
2024-01-02,8,1,Area-38,1
2024-01-02,8,1,Area-39,1
2024-01-02,8,1,Area-4,3
2024-01-02,8,1,Area-40,1
2024-01-02,8,1,Area-41,1
2024-01-02,8,1,Area-42,1
2024-01-02,8,1,Area-44,4
2024-01-02,8,1,Area-47,1
2024-01-02,8,1,Area-48,1
2024-01-02,8,1,Area-5,3
2024-01-02,8,1,Area-50,1
2024-01-02,8,1,Area-6,1
2024-01-02,8,1,Area-8,1
2024-01-02,9,1,Area-1,1
2024-01-02,9,1,Area-10,2
2024-01-02,9,1,Area-11,2
2024-01-02,9,1,Area-12,1
2024-01-02,9,1,Area-16,3
2024-01-02,9,1,Area-17,1
2024-01-02,9,1,Area-18,3
2024-01-02,9,1,Area-19,1
2024-01-02,9,1,Area-20,3
2024-01-02,9,1,Area-22,2
2024-01-02,9,1,Area-23,2
2024-01-02,9,1,Area-24,2
2024-01-02,9,1,Area-25,1
2024-01-02,9,1,Area-26,1
2024-01-02,9,1,Area-27,1
2024-01-02,9,1,Area-28,1
2024-01-02,9,1,Area-29,3
2024-01-02,9,1,Area-3,1
2024-01-02,9,1,Area-30,2
2024-01-02,9,1,Area-31,1
2024-01-02,9,1,Area-33,1
2024-01-02,9,1,Area-34,1
2024-01-02,9,1,Area-35,1
2024-01-02,9,1,Area-36,2
2024-01-02,9,1,Area-37,1
2024-01-02,9,1,Area-38,2
2024-01-02,9,1,Area-39,1
2024-01-02,9,1,Area-40,2
2024-01-02,9,1,Area-41,1
2024-01-02,9,1,Area-43,3
2024-01-02,9,1,Area-45,3
2024-01-02,9,1,Area-46,2
2024-01-02,9,1,Area-48,2
2024-01-02,9,1,Area-49,2
2024-01-02,9,1,Area-50,3
2024-01-02,9,1,Area-6,1
2024-01-02,9,1,Area-8,2
2024-01-02,10,1,Area-10,1
2024-01-02,10,1,Area-13,1
2024-01-02,10,1,Area-14,4
2024-01-02,10,1,Area-15,3
2024-01-02,10,1,Area-16,2
2024-01-02,10,1,Area-17,1
2024-01-02,10,1,Area-19,2
2024-01-02,10,1,Area-2,3
2024-01-02,10,1,Area-20,1
2024-01-02,10,1,Area-21,1
2024-01-02,10,1,Area-22,1
2024-01-02,10,1,Area-23,2
2024-01-02,10,1,Area-24,3
2024-01-02,10,1,Area-27,2
2024-01-02,10,1,Area-28,2
2024-01-02,10,1,Area-29,3
2024-01-02,10,1,Area-30,3
2024-01-02,10,1,Area-31,1
2024-01-02,10,1,Area-33,1
2024-01-02,10,1,Area-34,2
2024-01-02,10,1,Area-35,1
2024-01-02,10,1,Area-37,1
2024-01-02,10,1,Area-38,1
2024-01-02,10,1,Area-39,1
2024-01-02,10,1,Area-4,2
2024-01-02,10,1,Area-40,4
2024-01-02,10,1,Area-41,2
2024-01-02,10,1,Area-44,1
2024-01-02,10,1,Area-45,2
2024-01-02,10,1,Area-46,2
2024-01-02,10,1,Area-47,1
2024-01-02,10,1,Area-48,1
2024-01-02,10,1,Area-49,1
2024-01-02,10,1,Area-50,2
2024-01-02,10,1,Area-8,1
2024-01-02,10,1,Area-9,4
2024-01-02,11,1,Area-1,1
2024-01-02,11,1,Area-11,2
2024-01-02,11,1,Area-12,2
2024-01-02,11,1,Area-13,3
2024-01-02,11,1,Area-14,3
2024-01-02,11,1,Area-15,2
2024-01-02,11,1,Area-16,2
2024-01-02,11,1,Area-18,1
2024-01-02,11,1,Area-20,3
2024-01-02,11,1,Area-21,1
2024-01-02,11,1,Area-22,3
2024-01-02,11,1,Area-24,3
2024-01-02,11,1,Area-26,1
2024-01-02,11,1,Area-27,2
2024-01-02,11,1,Area-28,2
2024-01-02,11,1,Area-30,1
2024-01-02,11,1,Area-31,1
2024-01-02,11,1,Area-32,2
2024-01-02,11,1,Area-33,1
2024-01-02,11,1,Area-35,1
2024-01-02,11,1,Area-36,3
2024-01-02,11,1,Area-38,3
2024-01-02,11,1,Area-39,3
2024-01-02,11,1,Area-4,3
2024-01-02,11,1,Area-40,1
2024-01-02,11,1,Area-41,2
2024-01-02,11,1,Area-42,1
2024-01-02,11,1,Area-43,1
2024-01-02,11,1,Area-46,2
2024-01-02,11,1,Area-47,4
2024-01-02,11,1,Area-50,1
2024-01-02,11,1,Area-7,1
2024-01-02,11,1,Area-8,1
2024-01-02,11,1,Area-9,1
2024-01-02,12,1,Area-10,1
2024-01-02,12,1,Area-13,1
2024-01-02,12,1,Area-14,2
2024-01-02,12,1,Area-15,3
2024-01-02,12,1,Area-16,2
2024-01-02,12,1,Area-17,4
2024-01-02,12,1,Area-2,2
2024-01-02,12,1,Area-20,1
2024-01-02,12,1,Area-22,2
2024-01-02,12,1,Area-23,1
2024-01-02,12,1,Area-24,1
2024-01-02,12,1,Area-25,1
2024-01-02,12,1,Area-26,2
2024-01-02,12,1,Area-27,2
2024-01-02,12,1,Area-28,2
2024-01-02,12,1,Area-29,6
2024-01-02,12,1,Area-32,3
2024-01-02,12,1,Area-34,2
2024-01-02,12,1,Area-35,2
2024-01-02,12,1,Area-36,4
2024-01-02,12,1,Area-37,2
2024-01-02,12,1,Area-4,1
2024-01-02,12,1,Area-40,2
2024-01-02,12,1,Area-41,2
2024-01-02,12,1,Area-43,6
2024-01-02,12,1,Area-44,1
2024-01-02,12,1,Area-45,1
2024-01-02,12,1,Area-46,1
2024-01-02,12,1,Area-48,2
2024-01-02,12,1,Area-49,2
2024-01-02,12,1,Area-5,2
2024-01-02,12,1,Area-50,2
2024-01-02,12,1,Area-7,5
2024-01-02,12,1,Area-8,3
2024-01-02,13,1,Area-1,2
2024-01-02,13,1,Area-10,2
2024-01-02,13,1,Area-11,4
2024-01-02,13,1,Area-13,1
2024-01-02,13,1,Area-14,1
2024-01-02,13,1,Area-17,1
2024-01-02,13,1,Area-18,3
2024-01-02,13,1,Area-19,4
2024-01-02,13,1,Area-2,2
2024-01-02,13,1,Area-20,3
2024-01-02,13,1,Area-21,1
2024-01-02,13,1,Area-22,2
2024-01-02,13,1,Area-23,2
2024-01-02,13,1,Area-24,5
2024-01-02,13,1,Area-28,1
2024-01-02,13,1,Area-29,1
2024-01-02,13,1,Area-3,3
2024-01-02,13,1,Area-30,3
2024-01-02,13,1,Area-33,1
2024-01-02,13,1,Area-35,2
2024-01-02,13,1,Area-36,4
2024-01-02,13,1,Area-38,2
2024-01-02,13,1,Area-39,4
2024-01-02,13,1,Area-40,1
2024-01-02,13,1,Area-41,1
2024-01-02,13,1,Area-42,1
2024-01-02,13,1,Area-43,1
2024-01-02,13,1,Area-44,1
2024-01-02,13,1,Area-45,2
2024-01-02,13,1,Area-46,1
2024-01-02,13,1,Area-47,3
2024-01-02,13,1,Area-48,3
2024-01-02,13,1,Area-49,1
2024-01-02,13,1,Area-5,1
2024-01-02,13,1,Area-6,2
2024-01-02,13,1,Area-7,2
2024-01-02,13,1,Area-8,1
2024-01-02,13,1,Area-9,2
2024-01-02,14,1,Area-1,1
2024-01-02,14,1,Area-10,2
2024-01-02,14,1,Area-11,2
2024-01-02,14,1,Area-13,3
2024-01-02,14,1,Area-15,4
2024-01-02,14,1,Area-17,3
2024-01-02,14,1,Area-19,2
2024-01-02,14,1,Area-20,2
2024-01-02,14,1,Area-25,1
2024-01-02,14,1,Area-27,3
2024-01-02,14,1,Area-28,1
2024-01-02,14,1,Area-29,1
2024-01-02,14,1,Area-3,1
2024-01-02,14,1,Area-30,1
2024-01-02,14,1,Area-32,1
2024-01-02,14,1,Area-33,2
2024-01-02,14,1,Area-35,1
2024-01-02,14,1,Area-36,1
2024-01-02,14,1,Area-37,1
2024-01-02,14,1,Area-40,1
2024-01-02,14,1,Area-41,1
2024-01-02,14,1,Area-44,4
2024-01-02,14,1,Area-45,1
2024-01-02,14,1,Area-46,1
2024-01-02,14,1,Area-48,1
2024-01-02,14,1,Area-49,2
2024-01-02,14,1,Area-50,3
2024-01-02,14,1,Area-6,6
2024-01-02,14,1,Area-7,1
2024-01-02,14,1,Area-8,4
2024-01-02,14,1,Area-9,2
2024-01-02,15,1,Area-1,1
2024-01-02,15,1,Area-10,1
2024-01-02,15,1,Area-11,1
2024-01-02,15,1,Area-12,3
2024-01-02,15,1,Area-14,2
2024-01-02,15,1,Area-15,3
2024-01-02,15,1,Area-17,2
2024-01-02,15,1,Area-18,1
2024-01-02,15,1,Area-19,3
2024-01-02,15,1,Area-20,1
2024-01-02,15,1,Area-21,3
2024-01-02,15,1,Area-22,2
2024-01-02,15,1,Area-23,1
2024-01-02,15,1,Area-25,2
2024-01-02,15,1,Area-26,2
2024-01-02,15,1,Area-27,1
2024-01-02,15,1,Area-28,2
2024-01-02,15,1,Area-29,2
2024-01-02,15,1,Area-3,1
2024-01-02,15,1,Area-30,1
2024-01-02,15,1,Area-32,1
2024-01-02,15,1,Area-35,2
2024-01-02,15,1,Area-36,2
2024-01-02,15,1,Area-37,3
2024-01-02,15,1,Area-38,3
2024-01-02,15,1,Area-39,6
2024-01-02,15,1,Area-4,2
2024-01-02,15,1,Area-40,3
2024-01-02,15,1,Area-41,4
2024-01-02,15,1,Area-42,2
2024-01-02,15,1,Area-43,3
2024-01-02,15,1,Area-44,2
2024-01-02,15,1,Area-45,1
2024-01-02,15,1,Area-47,2
2024-01-02,15,1,Area-48,1
2024-01-02,15,1,Area-49,1
2024-01-02,15,1,Area-50,1
2024-01-02,15,1,Area-6,1
2024-01-02,15,1,Area-7,1
2024-01-02,15,1,Area-8,1
2024-01-02,16,1,Area-1,2
2024-01-02,16,1,Area-10,3
2024-01-02,16,1,Area-11,4
2024-01-02,16,1,Area-12,1
2024-01-02,16,1,Area-14,2
2024-01-02,16,1,Area-15,5
2024-01-02,16,1,Area-16,1
2024-01-02,16,1,Area-17,1
2024-01-02,16,1,Area-18,2
2024-01-02,16,1,Area-19,3
2024-01-02,16,1,Area-2,4
2024-01-02,16,1,Area-20,1
2024-01-02,16,1,Area-22,2
2024-01-02,16,1,Area-23,1
2024-01-02,16,1,Area-24,5
2024-01-02,16,1,Area-26,1
2024-01-02,16,1,Area-28,1
2024-01-02,16,1,Area-3,2
2024-01-02,16,1,Area-33,1
2024-01-02,16,1,Area-34,3
2024-01-02,16,1,Area-35,1
2024-01-02,16,1,Area-36,1
2024-01-02,16,1,Area-37,1
2024-01-02,16,1,Area-38,3
2024-01-02,16,1,Area-39,1
2024-01-02,16,1,Area-4,3
2024-01-02,16,1,Area-41,2
2024-01-02,16,1,Area-42,2
2024-01-02,16,1,Area-43,2
2024-01-02,16,1,Area-44,1
2024-01-02,16,1,Area-45,2
2024-01-02,16,1,Area-46,2
2024-01-02,16,1,Area-47,4
2024-01-02,16,1,Area-48,1
2024-01-02,16,1,Area-49,1
2024-01-02,16,1,Area-7,1
2024-01-02,16,1,Area-8,2
2024-01-02,16,1,Area-9,3
2024-01-02,17,1,Area-1,2
2024-01-02,17,1,Area-10,1
2024-01-02,17,1,Area-11,2
2024-01-02,17,1,Area-14,1
2024-01-02,17,1,Area-15,2
2024-01-02,17,1,Area-16,2
2024-01-02,17,1,Area-17,1
2024-01-02,17,1,Area-18,3
2024-01-02,17,1,Area-19,4
2024-01-02,17,1,Area-2,1
2024-01-02,17,1,Area-21,1
2024-01-02,17,1,Area-22,2
2024-01-02,17,1,Area-23,1
2024-01-02,17,1,Area-24,2
2024-01-02,17,1,Area-26,1
2024-01-02,17,1,Area-3,2
2024-01-02,17,1,Area-31,1
2024-01-02,17,1,Area-32,1
2024-01-02,17,1,Area-33,2
2024-01-02,17,1,Area-34,1
2024-01-02,17,1,Area-35,2
2024-01-02,17,1,Area-37,2
2024-01-02,17,1,Area-39,1
2024-01-02,17,1,Area-4,1
2024-01-02,17,1,Area-41,2
2024-01-02,17,1,Area-43,4
2024-01-02,17,1,Area-44,1
2024-01-02,17,1,Area-46,1
2024-01-02,17,1,Area-47,3
2024-01-02,17,1,Area-48,1
2024-01-02,17,1,Area-49,3
2024-01-02,17,1,Area-50,1
2024-01-02,17,1,Area-7,1
2024-01-02,17,1,Area-8,3
2024-01-02,17,1,Area-9,4
2024-01-02,18,1,Area-1,2
2024-01-02,18,1,Area-10,2
2024-01-02,18,1,Area-11,1
2024-01-02,18,1,Area-13,1
2024-01-02,18,1,Area-14,2
2024-01-02,18,1,Area-15,5
2024-01-02,18,1,Area-18,2
2024-01-02,18,1,Area-20,3
2024-01-02,18,1,Area-23,2
2024-01-02,18,1,Area-24,3
2024-01-02,18,1,Area-25,3
2024-01-02,18,1,Area-26,2
2024-01-02,18,1,Area-27,2
2024-01-02,18,1,Area-28,1
2024-01-02,18,1,Area-31,1
2024-01-02,18,1,Area-33,1
2024-01-02,18,1,Area-34,4
2024-01-02,18,1,Area-35,2
2024-01-02,18,1,Area-36,1
2024-01-02,18,1,Area-37,1
2024-01-02,18,1,Area-38,2
2024-01-02,18,1,Area-39,1
2024-01-02,18,1,Area-4,1
2024-01-02,18,1,Area-43,2
2024-01-02,18,1,Area-45,1
2024-01-02,18,1,Area-47,1
2024-01-02,18,1,Area-48,3
2024-01-02,18,1,Area-5,1
2024-01-02,18,1,Area-6,1
2024-01-02,18,1,Area-7,1
2024-01-02,18,1,Area-9,2
2024-01-02,19,1,Area-10,2
2024-01-02,19,1,Area-11,2
2024-01-02,19,1,Area-12,3
2024-01-02,19,1,Area-14,3
2024-01-02,19,1,Area-15,1
2024-01-02,19,1,Area-17,1
2024-01-02,19,1,Area-19,2
2024-01-02,19,1,Area-20,3
2024-01-02,19,1,Area-21,1
2024-01-02,19,1,Area-22,2
2024-01-02,19,1,Area-25,2
2024-01-02,19,1,Area-26,4
2024-01-02,19,1,Area-27,2
2024-01-02,19,1,Area-28,2
2024-01-02,19,1,Area-3,2
2024-01-02,19,1,Area-30,1
2024-01-02,19,1,Area-31,1
2024-01-02,19,1,Area-32,1
2024-01-02,19,1,Area-33,1
2024-01-02,19,1,Area-34,1
2024-01-02,19,1,Area-35,1
2024-01-02,19,1,Area-36,3
2024-01-02,19,1,Area-37,2
2024-01-02,19,1,Area-38,2
2024-01-02,19,1,Area-39,2
2024-01-02,19,1,Area-40,2
2024-01-02,19,1,Area-42,1
2024-01-02,19,1,Area-43,2
2024-01-02,19,1,Area-44,1
2024-01-02,19,1,Area-46,2
2024-01-02,19,1,Area-47,1
2024-01-02,19,1,Area-49,2
2024-01-02,19,1,Area-5,1
2024-01-02,19,1,Area-50,1
2024-01-02,19,1,Area-6,3
2024-01-02,19,1,Area-7,1
2024-01-02,19,1,Area-8,4
2024-01-02,19,1,Area-9,1
2024-01-02,20,1,Area-1,2
2024-01-02,20,1,Area-10,4
2024-01-02,20,1,Area-14,3
2024-01-02,20,1,Area-15,1
2024-01-02,20,1,Area-16,2
2024-01-02,20,1,Area-17,1
2024-01-02,20,1,Area-18,1
2024-01-02,20,1,Area-19,1
2024-01-02,20,1,Area-2,2
2024-01-02,20,1,Area-21,1
2024-01-02,20,1,Area-22,3
2024-01-02,20,1,Area-23,2
2024-01-02,20,1,Area-24,5
2024-01-02,20,1,Area-25,3
2024-01-02,20,1,Area-26,1
2024-01-02,20,1,Area-27,3
2024-01-02,20,1,Area-28,3
2024-01-02,20,1,Area-3,1
2024-01-02,20,1,Area-30,2
2024-01-02,20,1,Area-31,1
2024-01-02,20,1,Area-32,1
2024-01-02,20,1,Area-33,2
2024-01-02,20,1,Area-34,2
2024-01-02,20,1,Area-35,1
2024-01-02,20,1,Area-36,2
2024-01-02,20,1,Area-37,1
2024-01-02,20,1,Area-38,2
2024-01-02,20,1,Area-39,2
2024-01-02,20,1,Area-4,1
2024-01-02,20,1,Area-40,3
2024-01-02,20,1,Area-41,3
2024-01-02,20,1,Area-42,2
2024-01-02,20,1,Area-43,2
2024-01-02,20,1,Area-45,3
2024-01-02,20,1,Area-47,3
2024-01-02,20,1,Area-48,1
2024-01-02,20,1,Area-49,2
2024-01-02,20,1,Area-5,3
2024-01-02,20,1,Area-50,3
2024-01-02,20,1,Area-6,1
2024-01-02,20,1,Area-7,3
2024-01-02,20,1,Area-8,1
2024-01-02,20,1,Area-9,2
2024-01-02,21,1,Area-1,2
2024-01-02,21,1,Area-10,1
2024-01-02,21,1,Area-11,1
2024-01-02,21,1,Area-12,2
2024-01-02,21,1,Area-13,1
2024-01-02,21,1,Area-14,1
2024-01-02,21,1,Area-15,1
2024-01-02,21,1,Area-16,2
2024-01-02,21,1,Area-17,1
2024-01-02,21,1,Area-18,1
2024-01-02,21,1,Area-19,3
2024-01-02,21,1,Area-20,3
2024-01-02,21,1,Area-21,1
2024-01-02,21,1,Area-22,2
2024-01-02,21,1,Area-24,3
2024-01-02,21,1,Area-26,1
2024-01-02,21,1,Area-27,1
2024-01-02,21,1,Area-28,2
2024-01-02,21,1,Area-29,2
2024-01-02,21,1,Area-3,1
2024-01-02,21,1,Area-30,2
2024-01-02,21,1,Area-32,1
2024-01-02,21,1,Area-35,1
2024-01-02,21,1,Area-37,3
2024-01-02,21,1,Area-39,2
2024-01-02,21,1,Area-4,1
2024-01-02,21,1,Area-40,3
2024-01-02,21,1,Area-41,1
2024-01-02,21,1,Area-42,1
2024-01-02,21,1,Area-44,2
2024-01-02,21,1,Area-45,2
2024-01-02,21,1,Area-46,1
2024-01-02,21,1,Area-47,1
2024-01-02,21,1,Area-49,1
2024-01-02,21,1,Area-5,2
2024-01-02,21,1,Area-50,2
2024-01-02,21,1,Area-6,3
2024-01-02,21,1,Area-8,1
2024-01-02,22,1,Area-1,1
2024-01-02,22,1,Area-11,3
2024-01-02,22,1,Area-15,1
2024-01-02,22,1,Area-16,2
2024-01-02,22,1,Area-17,1
2024-01-02,22,1,Area-18,1
2024-01-02,22,1,Area-19,1
2024-01-02,22,1,Area-2,1
2024-01-02,22,1,Area-20,1
2024-01-02,22,1,Area-21,1
2024-01-02,22,1,Area-22,1
2024-01-02,22,1,Area-23,2
2024-01-02,22,1,Area-24,3
2024-01-02,22,1,Area-25,1
2024-01-02,22,1,Area-26,1
2024-01-02,22,1,Area-27,1
2024-01-02,22,1,Area-28,2
2024-01-02,22,1,Area-3,2
2024-01-02,22,1,Area-30,1
2024-01-02,22,1,Area-32,2
2024-01-02,22,1,Area-35,5
2024-01-02,22,1,Area-37,1
2024-01-02,22,1,Area-38,1
2024-01-02,22,1,Area-40,4
2024-01-02,22,1,Area-41,3
2024-01-02,22,1,Area-43,1
2024-01-02,22,1,Area-44,1
2024-01-02,22,1,Area-45,3
2024-01-02,22,1,Area-46,3
2024-01-02,22,1,Area-48,2
2024-01-02,22,1,Area-49,1
2024-01-02,22,1,Area-50,1
2024-01-02,22,1,Area-6,1
2024-01-02,22,1,Area-7,1
2024-01-02,22,1,Area-8,1
2024-01-02,22,1,Area-9,2
2024-01-02,23,1,Area-1,2
2024-01-02,23,1,Area-10,3
2024-01-02,23,1,Area-11,1
2024-01-02,23,1,Area-12,1
2024-01-02,23,1,Area-13,1
2024-01-02,23,1,Area-14,3
2024-01-02,23,1,Area-15,3
2024-01-02,23,1,Area-16,1
2024-01-02,23,1,Area-17,2
2024-01-02,23,1,Area-18,2
2024-01-02,23,1,Area-19,1
2024-01-02,23,1,Area-20,1
2024-01-02,23,1,Area-21,1
2024-01-02,23,1,Area-22,1
2024-01-02,23,1,Area-23,1
2024-01-02,23,1,Area-24,1
2024-01-02,23,1,Area-26,1
2024-01-02,23,1,Area-27,3
2024-01-02,23,1,Area-28,2
2024-01-02,23,1,Area-29,2
2024-01-02,23,1,Area-3,2
2024-01-02,23,1,Area-30,1
2024-01-02,23,1,Area-32,1
2024-01-02,23,1,Area-33,1
2024-01-02,23,1,Area-34,2
2024-01-02,23,1,Area-35,1
2024-01-02,23,1,Area-36,2
2024-01-02,23,1,Area-37,2
2024-01-02,23,1,Area-4,2
2024-01-02,23,1,Area-40,2
2024-01-02,23,1,Area-41,2
2024-01-02,23,1,Area-42,3
2024-01-02,23,1,Area-43,1
2024-01-02,23,1,Area-44,2
2024-01-02,23,1,Area-45,1
2024-01-02,23,1,Area-46,2
2024-01-02,23,1,Area-47,1
2024-01-02,23,1,Area-48,3
2024-01-02,23,1,Area-49,1
2024-01-02,23,1,Area-5,1
2024-01-02,23,1,Area-50,1
2024-01-02,23,1,Area-8,2
2024-01-03,0,2,Area-1,1
2024-01-03,0,2,Area-11,2
2024-01-03,0,2,Area-12,3
2024-01-03,0,2,Area-14,2
2024-01-03,0,2,Area-15,4
2024-01-03,0,2,Area-16,1
2024-01-03,0,2,Area-17,1
2024-01-03,0,2,Area-18,1
2024-01-03,0,2,Area-19,1
2024-01-03,0,2,Area-2,1
2024-01-03,0,2,Area-21,3
2024-01-03,0,2,Area-22,1
2024-01-03,0,2,Area-23,3
2024-01-03,0,2,Area-24,1
2024-01-03,0,2,Area-26,2
2024-01-03,0,2,Area-27,1
2024-01-03,0,2,Area-28,2
2024-01-03,0,2,Area-29,1
2024-01-03,0,2,Area-3,1
2024-01-03,0,2,Area-30,2
2024-01-03,0,2,Area-31,1
2024-01-03,0,2,Area-32,1
2024-01-03,0,2,Area-33,1
2024-01-03,0,2,Area-35,1
2024-01-03,0,2,Area-36,1
2024-01-03,0,2,Area-38,1
2024-01-03,0,2,Area-39,1
2024-01-03,0,2,Area-4,2
2024-01-03,0,2,Area-40,1
2024-01-03,0,2,Area-41,2
2024-01-03,0,2,Area-42,2
2024-01-03,0,2,Area-44,1
2024-01-03,0,2,Area-45,3
2024-01-03,0,2,Area-46,6
2024-01-03,0,2,Area-49,5
2024-01-03,0,2,Area-5,2
2024-01-03,0,2,Area-50,3
2024-01-03,0,2,Area-9,3
2024-01-03,1,2,Area-1,1
2024-01-03,1,2,Area-10,2
2024-01-03,1,2,Area-12,1
2024-01-03,1,2,Area-13,1
2024-01-03,1,2,Area-14,2
2024-01-03,1,2,Area-15,1
2024-01-03,1,2,Area-16,2
2024-01-03,1,2,Area-17,1
2024-01-03,1,2,Area-18,2
2024-01-03,1,2,Area-19,1
2024-01-03,1,2,Area-21,1
2024-01-03,1,2,Area-22,2
2024-01-03,1,2,Area-23,2
2024-01-03,1,2,Area-24,2
2024-01-03,1,2,Area-26,2
2024-01-03,1,2,Area-27,1
2024-01-03,1,2,Area-28,2
2024-01-03,1,2,Area-29,1
2024-01-03,1,2,Area-3,1
2024-01-03,1,2,Area-30,1
2024-01-03,1,2,Area-32,1
2024-01-03,1,2,Area-34,2
2024-01-03,1,2,Area-35,2
2024-01-03,1,2,Area-36,2
2024-01-03,1,2,Area-37,1
2024-01-03,1,2,Area-39,1
2024-01-03,1,2,Area-4,2
2024-01-03,1,2,Area-41,2
2024-01-03,1,2,Area-42,1
2024-01-03,1,2,Area-43,1
2024-01-03,1,2,Area-44,1
2024-01-03,1,2,Area-45,2
2024-01-03,1,2,Area-46,1
2024-01-03,1,2,Area-48,1
2024-01-03,1,2,Area-49,1
2024-01-03,1,2,Area-5,2
2024-01-03,1,2,Area-50,1
2024-01-03,1,2,Area-7,1
2024-01-03,1,2,Area-9,1
2024-01-03,2,2,Area-1,1
2024-01-03,2,2,Area-11,3
2024-01-03,2,2,Area-12,3
2024-01-03,2,2,Area-13,1
2024-01-03,2,2,Area-14,1
2024-01-03,2,2,Area-15,2
2024-01-03,2,2,Area-17,1
2024-01-03,2,2,Area-18,4
2024-01-03,2,2,Area-19,2
2024-01-03,2,2,Area-2,1
2024-01-03,2,2,Area-20,2
2024-01-03,2,2,Area-22,2
2024-01-03,2,2,Area-23,2
2024-01-03,2,2,Area-24,1
2024-01-03,2,2,Area-25,1
2024-01-03,2,2,Area-26,1
2024-01-03,2,2,Area-29,1
2024-01-03,2,2,Area-3,3
2024-01-03,2,2,Area-30,2
2024-01-03,2,2,Area-31,3
2024-01-03,2,2,Area-32,3
2024-01-03,2,2,Area-33,1
2024-01-03,2,2,Area-34,1
2024-01-03,2,2,Area-35,1
2024-01-03,2,2,Area-36,2
2024-01-03,2,2,Area-37,2
2024-01-03,2,2,Area-39,2
2024-01-03,2,2,Area-4,2
2024-01-03,2,2,Area-40,3
2024-01-03,2,2,Area-43,2
2024-01-03,2,2,Area-45,2
2024-01-03,2,2,Area-47,1
2024-01-03,2,2,Area-49,1
2024-01-03,2,2,Area-5,2
2024-01-03,2,2,Area-50,2
2024-01-03,2,2,Area-7,2
2024-01-03,2,2,Area-8,3
2024-01-03,2,2,Area-9,1
2024-01-03,3,2,Area-1,1
2024-01-03,3,2,Area-10,5
2024-01-03,3,2,Area-11,1
2024-01-03,3,2,Area-12,1
2024-01-03,3,2,Area-13,1
2024-01-03,3,2,Area-15,1
2024-01-03,3,2,Area-17,1
2024-01-03,3,2,Area-18,1
2024-01-03,3,2,Area-2,1
2024-01-03,3,2,Area-21,1
2024-01-03,3,2,Area-22,1
2024-01-03,3,2,Area-23,2
2024-01-03,3,2,Area-24,4
2024-01-03,3,2,Area-25,1
2024-01-03,3,2,Area-27,2
2024-01-03,3,2,Area-29,2
2024-01-03,3,2,Area-30,1
2024-01-03,3,2,Area-32,5
2024-01-03,3,2,Area-34,1
2024-01-03,3,2,Area-36,1
2024-01-03,3,2,Area-37,4
2024-01-03,3,2,Area-38,2
2024-01-03,3,2,Area-39,1
2024-01-03,3,2,Area-40,3
2024-01-03,3,2,Area-41,1
2024-01-03,3,2,Area-43,1
2024-01-03,3,2,Area-44,1
2024-01-03,3,2,Area-45,1
2024-01-03,3,2,Area-47,5
2024-01-03,3,2,Area-48,1
2024-01-03,3,2,Area-49,3
2024-01-03,3,2,Area-5,3
2024-01-03,3,2,Area-7,1
2024-01-03,3,2,Area-8,2
2024-01-03,3,2,Area-9,1
2024-01-03,4,2,Area-1,1
2024-01-03,4,2,Area-10,2
2024-01-03,4,2,Area-11,1
2024-01-03,4,2,Area-13,1
2024-01-03,4,2,Area-14,4
2024-01-03,4,2,Area-15,2
2024-01-03,4,2,Area-16,1
2024-01-03,4,2,Area-18,2
2024-01-03,4,2,Area-19,4
2024-01-03,4,2,Area-2,2
2024-01-03,4,2,Area-20,4
2024-01-03,4,2,Area-21,1
2024-01-03,4,2,Area-23,1
2024-01-03,4,2,Area-24,2
2024-01-03,4,2,Area-26,1
2024-01-03,4,2,Area-27,2
2024-01-03,4,2,Area-3,1
2024-01-03,4,2,Area-30,1
2024-01-03,4,2,Area-33,2
2024-01-03,4,2,Area-34,1
2024-01-03,4,2,Area-35,1
2024-01-03,4,2,Area-36,4
2024-01-03,4,2,Area-37,1
2024-01-03,4,2,Area-39,2
2024-01-03,4,2,Area-4,2
2024-01-03,4,2,Area-40,1
2024-01-03,4,2,Area-41,1
2024-01-03,4,2,Area-42,3
2024-01-03,4,2,Area-43,1
2024-01-03,4,2,Area-44,2
2024-01-03,4,2,Area-45,2
2024-01-03,4,2,Area-46,3
2024-01-03,4,2,Area-47,1
2024-01-03,4,2,Area-48,1
2024-01-03,4,2,Area-49,2
2024-01-03,4,2,Area-5,2
2024-01-03,4,2,Area-50,3
2024-01-03,4,2,Area-6,3
2024-01-03,4,2,Area-8,1
2024-01-03,4,2,Area-9,2
2024-01-03,5,2,Area-1,3
2024-01-03,5,2,Area-10,3
2024-01-03,5,2,Area-11,2
2024-01-03,5,2,Area-12,1
2024-01-03,5,2,Area-13,1
2024-01-03,5,2,Area-14,2
2024-01-03,5,2,Area-15,2
2024-01-03,5,2,Area-16,1
2024-01-03,5,2,Area-17,1
2024-01-03,5,2,Area-19,1
2024-01-03,5,2,Area-22,1
2024-01-03,5,2,Area-23,2
2024-01-03,5,2,Area-24,2
2024-01-03,5,2,Area-25,2
2024-01-03,5,2,Area-26,2
2024-01-03,5,2,Area-28,2
2024-01-03,5,2,Area-29,1
2024-01-03,5,2,Area-30,2
2024-01-03,5,2,Area-31,2
2024-01-03,5,2,Area-32,1
2024-01-03,5,2,Area-33,5
2024-01-03,5,2,Area-34,1
2024-01-03,5,2,Area-35,1
2024-01-03,5,2,Area-37,1
2024-01-03,5,2,Area-38,2
2024-01-03,5,2,Area-39,1
2024-01-03,5,2,Area-4,1
2024-01-03,5,2,Area-40,1
2024-01-03,5,2,Area-41,1
2024-01-03,5,2,Area-42,1
2024-01-03,5,2,Area-43,1
2024-01-03,5,2,Area-44,1
2024-01-03,5,2,Area-46,2
2024-01-03,5,2,Area-47,1
2024-01-03,5,2,Area-48,2
2024-01-03,5,2,Area-50,1
2024-01-03,5,2,Area-6,4
2024-01-03,5,2,Area-7,2
2024-01-03,5,2,Area-9,2
2024-01-03,6,2,Area-1,2
2024-01-03,6,2,Area-10,3
2024-01-03,6,2,Area-11,2
2024-01-03,6,2,Area-13,4
2024-01-03,6,2,Area-14,1
2024-01-03,6,2,Area-16,4
2024-01-03,6,2,Area-17,3
2024-01-03,6,2,Area-18,1
2024-01-03,6,2,Area-19,1
2024-01-03,6,2,Area-2,3
2024-01-03,6,2,Area-21,2
2024-01-03,6,2,Area-22,6
2024-01-03,6,2,Area-23,1
2024-01-03,6,2,Area-24,1
2024-01-03,6,2,Area-25,1
2024-01-03,6,2,Area-26,3
2024-01-03,6,2,Area-27,1
2024-01-03,6,2,Area-29,3
2024-01-03,6,2,Area-3,2
2024-01-03,6,2,Area-30,2
2024-01-03,6,2,Area-31,2
2024-01-03,6,2,Area-35,2
2024-01-03,6,2,Area-36,4
2024-01-03,6,2,Area-37,3
2024-01-03,6,2,Area-38,3
2024-01-03,6,2,Area-4,1
2024-01-03,6,2,Area-40,3
2024-01-03,6,2,Area-41,1
2024-01-03,6,2,Area-42,3
2024-01-03,6,2,Area-43,1
2024-01-03,6,2,Area-44,2
2024-01-03,6,2,Area-45,4
2024-01-03,6,2,Area-47,1
2024-01-03,6,2,Area-48,2
2024-01-03,6,2,Area-49,1
2024-01-03,6,2,Area-50,1
2024-01-03,6,2,Area-7,1
2024-01-03,6,2,Area-8,2
2024-01-03,6,2,Area-9,2
2024-01-03,7,2,Area-1,2
2024-01-03,7,2,Area-11,6
2024-01-03,7,2,Area-12,2
2024-01-03,7,2,Area-14,3
2024-01-03,7,2,Area-15,1
2024-01-03,7,2,Area-17,5
2024-01-03,7,2,Area-18,2
2024-01-03,7,2,Area-2,2
2024-01-03,7,2,Area-21,1
2024-01-03,7,2,Area-22,1
2024-01-03,7,2,Area-23,1
2024-01-03,7,2,Area-24,2
2024-01-03,7,2,Area-26,1
2024-01-03,7,2,Area-27,3
2024-01-03,7,2,Area-28,2
2024-01-03,7,2,Area-29,1
2024-01-03,7,2,Area-3,1
2024-01-03,7,2,Area-30,1
2024-01-03,7,2,Area-31,2
2024-01-03,7,2,Area-32,1
2024-01-03,7,2,Area-34,1
2024-01-03,7,2,Area-35,1
2024-01-03,7,2,Area-37,1
2024-01-03,7,2,Area-38,2
2024-01-03,7,2,Area-39,1
2024-01-03,7,2,Area-4,4
2024-01-03,7,2,Area-40,1
2024-01-03,7,2,Area-44,1
2024-01-03,7,2,Area-45,1
2024-01-03,7,2,Area-47,2
2024-01-03,7,2,Area-5,1
2024-01-03,7,2,Area-6,1
2024-01-03,7,2,Area-8,1
2024-01-03,7,2,Area-9,3
2024-01-03,8,2,Area-1,1
2024-01-03,8,2,Area-10,3
2024-01-03,8,2,Area-11,3
2024-01-03,8,2,Area-13,1
2024-01-03,8,2,Area-14,2
2024-01-03,8,2,Area-15,2
2024-01-03,8,2,Area-16,2
2024-01-03,8,2,Area-19,2
2024-01-03,8,2,Area-2,1
2024-01-03,8,2,Area-21,1
2024-01-03,8,2,Area-22,1
2024-01-03,8,2,Area-23,1
2024-01-03,8,2,Area-24,1
2024-01-03,8,2,Area-25,2
2024-01-03,8,2,Area-26,1
2024-01-03,8,2,Area-27,2
2024-01-03,8,2,Area-28,2
2024-01-03,8,2,Area-29,3
2024-01-03,8,2,Area-31,1
2024-01-03,8,2,Area-33,2
2024-01-03,8,2,Area-34,1
2024-01-03,8,2,Area-35,1
2024-01-03,8,2,Area-38,2
2024-01-03,8,2,Area-4,3
2024-01-03,8,2,Area-40,2
2024-01-03,8,2,Area-41,1
2024-01-03,8,2,Area-42,1
2024-01-03,8,2,Area-43,2
2024-01-03,8,2,Area-44,3
2024-01-03,8,2,Area-46,3
2024-01-03,8,2,Area-49,4
2024-01-03,8,2,Area-5,3
2024-01-03,8,2,Area-50,1
2024-01-03,8,2,Area-6,4
2024-01-03,8,2,Area-7,3
2024-01-03,8,2,Area-8,4
2024-01-03,8,2,Area-9,1
2024-01-03,9,2,Area-1,2
2024-01-03,9,2,Area-10,5
2024-01-03,9,2,Area-11,2
2024-01-03,9,2,Area-12,2
2024-01-03,9,2,Area-13,3
2024-01-03,9,2,Area-14,2
2024-01-03,9,2,Area-16,3
2024-01-03,9,2,Area-17,2
2024-01-03,9,2,Area-18,1
2024-01-03,9,2,Area-19,1
2024-01-03,9,2,Area-2,1
2024-01-03,9,2,Area-21,1
2024-01-03,9,2,Area-23,1
2024-01-03,9,2,Area-24,2
2024-01-03,9,2,Area-25,1
2024-01-03,9,2,Area-28,1
2024-01-03,9,2,Area-29,1
2024-01-03,9,2,Area-3,1
2024-01-03,9,2,Area-30,1
2024-01-03,9,2,Area-31,2
2024-01-03,9,2,Area-32,2
2024-01-03,9,2,Area-33,2
2024-01-03,9,2,Area-34,4
2024-01-03,9,2,Area-35,4
2024-01-03,9,2,Area-36,1
2024-01-03,9,2,Area-37,2
2024-01-03,9,2,Area-39,2
2024-01-03,9,2,Area-4,1
2024-01-03,9,2,Area-40,3
2024-01-03,9,2,Area-41,3
2024-01-03,9,2,Area-43,3
2024-01-03,9,2,Area-45,1
2024-01-03,9,2,Area-46,2
2024-01-03,9,2,Area-48,3
2024-01-03,9,2,Area-50,4
2024-01-03,9,2,Area-6,1
2024-01-03,9,2,Area-7,1
2024-01-03,9,2,Area-8,3
2024-01-03,9,2,Area-9,3
2024-01-03,10,2,Area-1,1
2024-01-03,10,2,Area-10,2
2024-01-03,10,2,Area-11,4
2024-01-03,10,2,Area-12,1
2024-01-03,10,2,Area-13,2
2024-01-03,10,2,Area-14,1
2024-01-03,10,2,Area-17,1
2024-01-03,10,2,Area-18,1
2024-01-03,10,2,Area-19,3
2024-01-03,10,2,Area-2,3
2024-01-03,10,2,Area-21,3
2024-01-03,10,2,Area-22,2
2024-01-03,10,2,Area-23,1
2024-01-03,10,2,Area-24,1
2024-01-03,10,2,Area-25,2
2024-01-03,10,2,Area-26,2
2024-01-03,10,2,Area-28,1
2024-01-03,10,2,Area-3,1
2024-01-03,10,2,Area-30,2
2024-01-03,10,2,Area-32,1
2024-01-03,10,2,Area-33,1
2024-01-03,10,2,Area-35,1
2024-01-03,10,2,Area-36,2
2024-01-03,10,2,Area-37,1
2024-01-03,10,2,Area-38,1
2024-01-03,10,2,Area-4,3
2024-01-03,10,2,Area-41,1
2024-01-03,10,2,Area-43,1
2024-01-03,10,2,Area-44,2
2024-01-03,10,2,Area-46,1
2024-01-03,10,2,Area-47,1
2024-01-03,10,2,Area-5,3
2024-01-03,10,2,Area-50,3
2024-01-03,10,2,Area-6,1
2024-01-03,10,2,Area-7,4
2024-01-03,10,2,Area-8,1
2024-01-03,10,2,Area-9,2
2024-01-03,11,2,Area-1,4
2024-01-03,11,2,Area-12,3
2024-01-03,11,2,Area-13,1
2024-01-03,11,2,Area-14,2
2024-01-03,11,2,Area-16,3
2024-01-03,11,2,Area-17,3
2024-01-03,11,2,Area-19,1
2024-01-03,11,2,Area-20,2
2024-01-03,11,2,Area-21,2
2024-01-03,11,2,Area-22,4
2024-01-03,11,2,Area-23,1
2024-01-03,11,2,Area-24,1
2024-01-03,11,2,Area-26,3
2024-01-03,11,2,Area-27,1
2024-01-03,11,2,Area-28,1
2024-01-03,11,2,Area-3,1
2024-01-03,11,2,Area-30,2
2024-01-03,11,2,Area-32,2
2024-01-03,11,2,Area-33,3
2024-01-03,11,2,Area-34,3
2024-01-03,11,2,Area-36,2
2024-01-03,11,2,Area-37,1
2024-01-03,11,2,Area-38,2
2024-01-03,11,2,Area-39,1
2024-01-03,11,2,Area-40,1
2024-01-03,11,2,Area-41,1
2024-01-03,11,2,Area-43,3
2024-01-03,11,2,Area-44,1
2024-01-03,11,2,Area-45,2
2024-01-03,11,2,Area-46,2
2024-01-03,11,2,Area-48,1
2024-01-03,11,2,Area-5,1
2024-01-03,11,2,Area-50,1
2024-01-03,11,2,Area-6,1
2024-01-03,11,2,Area-7,1
2024-01-03,11,2,Area-8,1
2024-01-03,11,2,Area-9,2
2024-01-03,12,2,Area-1,1
2024-01-03,12,2,Area-10,1
2024-01-03,12,2,Area-12,2
2024-01-03,12,2,Area-13,2
2024-01-03,12,2,Area-14,2
2024-01-03,12,2,Area-16,1
2024-01-03,12,2,Area-17,4
2024-01-03,12,2,Area-19,2
2024-01-03,12,2,Area-2,4
2024-01-03,12,2,Area-20,3
2024-01-03,12,2,Area-21,1
2024-01-03,12,2,Area-23,1
2024-01-03,12,2,Area-25,3
2024-01-03,12,2,Area-26,1
2024-01-03,12,2,Area-28,2
2024-01-03,12,2,Area-3,2
2024-01-03,12,2,Area-30,1
2024-01-03,12,2,Area-33,1
2024-01-03,12,2,Area-34,3
2024-01-03,12,2,Area-35,2
2024-01-03,12,2,Area-36,2
2024-01-03,12,2,Area-37,3
2024-01-03,12,2,Area-38,3
2024-01-03,12,2,Area-41,2
2024-01-03,12,2,Area-43,2
2024-01-03,12,2,Area-44,3
2024-01-03,12,2,Area-46,1
2024-01-03,12,2,Area-5,2
2024-01-03,12,2,Area-50,2
2024-01-03,12,2,Area-6,1
2024-01-03,12,2,Area-8,6
2024-01-03,12,2,Area-9,1
2024-01-03,13,2,Area-10,1
2024-01-03,13,2,Area-11,1
2024-01-03,13,2,Area-12,1
2024-01-03,13,2,Area-13,2
2024-01-03,13,2,Area-15,1
2024-01-03,13,2,Area-16,1
2024-01-03,13,2,Area-18,1
2024-01-03,13,2,Area-19,3
2024-01-03,13,2,Area-2,1
2024-01-03,13,2,Area-20,3
2024-01-03,13,2,Area-21,1
2024-01-03,13,2,Area-22,2
2024-01-03,13,2,Area-24,1
2024-01-03,13,2,Area-25,1
2024-01-03,13,2,Area-26,1
2024-01-03,13,2,Area-28,5
2024-01-03,13,2,Area-3,1
2024-01-03,13,2,Area-30,1
2024-01-03,13,2,Area-33,1
2024-01-03,13,2,Area-34,2
2024-01-03,13,2,Area-36,1
2024-01-03,13,2,Area-37,1
2024-01-03,13,2,Area-38,2
2024-01-03,13,2,Area-39,3
2024-01-03,13,2,Area-4,1
2024-01-03,13,2,Area-40,3
2024-01-03,13,2,Area-41,1
2024-01-03,13,2,Area-42,1
2024-01-03,13,2,Area-43,2
2024-01-03,13,2,Area-46,2
2024-01-03,13,2,Area-47,1
2024-01-03,13,2,Area-49,3
2024-01-03,13,2,Area-50,2
2024-01-03,13,2,Area-6,4
2024-01-03,13,2,Area-7,2
2024-01-03,13,2,Area-8,4
2024-01-03,13,2,Area-9,1
2024-01-03,14,2,Area-1,2
2024-01-03,14,2,Area-10,1
2024-01-03,14,2,Area-12,1
2024-01-03,14,2,Area-13,1
2024-01-03,14,2,Area-14,1
2024-01-03,14,2,Area-16,1
2024-01-03,14,2,Area-18,3
2024-01-03,14,2,Area-19,1
2024-01-03,14,2,Area-2,5
2024-01-03,14,2,Area-20,1
2024-01-03,14,2,Area-22,1
2024-01-03,14,2,Area-25,1
2024-01-03,14,2,Area-26,2
2024-01-03,14,2,Area-28,1
2024-01-03,14,2,Area-29,1
2024-01-03,14,2,Area-31,2
2024-01-03,14,2,Area-32,2
2024-01-03,14,2,Area-33,1
2024-01-03,14,2,Area-34,1
2024-01-03,14,2,Area-38,1
2024-01-03,14,2,Area-39,1
2024-01-03,14,2,Area-40,2
2024-01-03,14,2,Area-41,2
2024-01-03,14,2,Area-42,4
2024-01-03,14,2,Area-43,1
2024-01-03,14,2,Area-44,2
2024-01-03,14,2,Area-45,3
2024-01-03,14,2,Area-47,1
2024-01-03,14,2,Area-48,1
2024-01-03,14,2,Area-49,1
2024-01-03,14,2,Area-5,3
2024-01-03,14,2,Area-6,1
2024-01-03,14,2,Area-9,3
2024-01-03,15,2,Area-1,2
2024-01-03,15,2,Area-10,2
2024-01-03,15,2,Area-12,2
2024-01-03,15,2,Area-13,2
2024-01-03,15,2,Area-14,3
2024-01-03,15,2,Area-15,2
2024-01-03,15,2,Area-17,1
2024-01-03,15,2,Area-2,1
2024-01-03,15,2,Area-21,1
2024-01-03,15,2,Area-22,2
2024-01-03,15,2,Area-23,1
2024-01-03,15,2,Area-25,4
2024-01-03,15,2,Area-26,2
2024-01-03,15,2,Area-27,1
2024-01-03,15,2,Area-28,2
2024-01-03,15,2,Area-29,2
2024-01-03,15,2,Area-3,2
2024-01-03,15,2,Area-30,1
2024-01-03,15,2,Area-31,2
2024-01-03,15,2,Area-32,2
2024-01-03,15,2,Area-33,1
2024-01-03,15,2,Area-34,4
2024-01-03,15,2,Area-35,1
2024-01-03,15,2,Area-37,2
2024-01-03,15,2,Area-4,1
2024-01-03,15,2,Area-40,2
2024-01-03,15,2,Area-45,4
2024-01-03,15,2,Area-46,2
2024-01-03,15,2,Area-47,3
2024-01-03,15,2,Area-48,2
2024-01-03,15,2,Area-49,4
2024-01-03,15,2,Area-5,2
2024-01-03,15,2,Area-50,1
2024-01-03,15,2,Area-6,2
2024-01-03,15,2,Area-8,3
2024-01-03,16,2,Area-1,2
2024-01-03,16,2,Area-10,1
2024-01-03,16,2,Area-12,2
2024-01-03,16,2,Area-13,3
2024-01-03,16,2,Area-14,3
2024-01-03,16,2,Area-16,1
2024-01-03,16,2,Area-17,1
2024-01-03,16,2,Area-2,3
2024-01-03,16,2,Area-20,2
2024-01-03,16,2,Area-22,3
2024-01-03,16,2,Area-25,1
2024-01-03,16,2,Area-26,5
2024-01-03,16,2,Area-27,3
2024-01-03,16,2,Area-29,2
2024-01-03,16,2,Area-30,3
2024-01-03,16,2,Area-32,1
2024-01-03,16,2,Area-33,1
2024-01-03,16,2,Area-34,3
2024-01-03,16,2,Area-35,2
2024-01-03,16,2,Area-36,1
2024-01-03,16,2,Area-38,1
2024-01-03,16,2,Area-39,2
2024-01-03,16,2,Area-4,3
2024-01-03,16,2,Area-40,3
2024-01-03,16,2,Area-43,2
2024-01-03,16,2,Area-44,1
2024-01-03,16,2,Area-45,2
2024-01-03,16,2,Area-46,2
2024-01-03,16,2,Area-47,4
2024-01-03,16,2,Area-49,4
2024-01-03,16,2,Area-5,1
2024-01-03,16,2,Area-50,1
2024-01-03,16,2,Area-6,1
2024-01-03,16,2,Area-7,1
2024-01-03,16,2,Area-8,3
2024-01-03,16,2,Area-9,2
2024-01-03,17,2,Area-1,2
2024-01-03,17,2,Area-11,1
2024-01-03,17,2,Area-12,1
2024-01-03,17,2,Area-13,2
2024-01-03,17,2,Area-14,1
2024-01-03,17,2,Area-15,1
2024-01-03,17,2,Area-16,2
2024-01-03,17,2,Area-17,2
2024-01-03,17,2,Area-18,1
2024-01-03,17,2,Area-19,4
2024-01-03,17,2,Area-2,3
2024-01-03,17,2,Area-20,1
2024-01-03,17,2,Area-21,2
2024-01-03,17,2,Area-22,1
2024-01-03,17,2,Area-23,3
2024-01-03,17,2,Area-25,1
2024-01-03,17,2,Area-26,3
2024-01-03,17,2,Area-27,1
2024-01-03,17,2,Area-28,1
2024-01-03,17,2,Area-3,2
2024-01-03,17,2,Area-30,1
2024-01-03,17,2,Area-31,1
2024-01-03,17,2,Area-32,3
2024-01-03,17,2,Area-33,2
2024-01-03,17,2,Area-34,2
2024-01-03,17,2,Area-35,2
2024-01-03,17,2,Area-37,1
2024-01-03,17,2,Area-38,1
2024-01-03,17,2,Area-40,1
2024-01-03,17,2,Area-42,1
2024-01-03,17,2,Area-45,1
2024-01-03,17,2,Area-46,1
2024-01-03,17,2,Area-47,2
2024-01-03,17,2,Area-48,1
2024-01-03,17,2,Area-49,4
2024-01-03,17,2,Area-5,1
2024-01-03,17,2,Area-50,1
2024-01-03,17,2,Area-6,1
2024-01-03,17,2,Area-7,3
2024-01-03,17,2,Area-9,2
2024-01-03,18,2,Area-1,2
2024-01-03,18,2,Area-10,1
2024-01-03,18,2,Area-11,2
2024-01-03,18,2,Area-12,1
2024-01-03,18,2,Area-13,2
2024-01-03,18,2,Area-15,3
2024-01-03,18,2,Area-17,4
2024-01-03,18,2,Area-18,1
2024-01-03,18,2,Area-19,1
2024-01-03,18,2,Area-2,2
2024-01-03,18,2,Area-20,3
2024-01-03,18,2,Area-21,3
2024-01-03,18,2,Area-23,2
2024-01-03,18,2,Area-24,2
2024-01-03,18,2,Area-25,6
2024-01-03,18,2,Area-26,2
2024-01-03,18,2,Area-27,1
2024-01-03,18,2,Area-28,1
2024-01-03,18,2,Area-29,1
2024-01-03,18,2,Area-3,2
2024-01-03,18,2,Area-30,2
2024-01-03,18,2,Area-31,1
2024-01-03,18,2,Area-33,1
2024-01-03,18,2,Area-34,2
2024-01-03,18,2,Area-36,3
2024-01-03,18,2,Area-38,1
2024-01-03,18,2,Area-39,3
2024-01-03,18,2,Area-4,1
2024-01-03,18,2,Area-40,1
2024-01-03,18,2,Area-41,1
2024-01-03,18,2,Area-42,2
2024-01-03,18,2,Area-43,2
2024-01-03,18,2,Area-44,2
2024-01-03,18,2,Area-46,2
2024-01-03,18,2,Area-47,1
2024-01-03,18,2,Area-49,2
2024-01-03,18,2,Area-5,6
2024-01-03,18,2,Area-50,3
2024-01-03,18,2,Area-6,4
2024-01-03,18,2,Area-7,2
2024-01-03,18,2,Area-8,1
2024-01-03,18,2,Area-9,1
2024-01-03,19,2,Area-10,2
2024-01-03,19,2,Area-11,1
2024-01-03,19,2,Area-12,1
2024-01-03,19,2,Area-13,2
2024-01-03,19,2,Area-14,1
2024-01-03,19,2,Area-16,2
2024-01-03,19,2,Area-17,3
2024-01-03,19,2,Area-18,1
2024-01-03,19,2,Area-2,1
2024-01-03,19,2,Area-21,2
2024-01-03,19,2,Area-22,2
2024-01-03,19,2,Area-23,1
2024-01-03,19,2,Area-24,1
2024-01-03,19,2,Area-25,1
2024-01-03,19,2,Area-27,2
2024-01-03,19,2,Area-28,1
2024-01-03,19,2,Area-3,1
2024-01-03,19,2,Area-32,2
2024-01-03,19,2,Area-33,1
2024-01-03,19,2,Area-34,4
2024-01-03,19,2,Area-35,5
2024-01-03,19,2,Area-36,1
2024-01-03,19,2,Area-38,1
2024-01-03,19,2,Area-4,1
2024-01-03,19,2,Area-41,2
2024-01-03,19,2,Area-42,3
2024-01-03,19,2,Area-43,3
2024-01-03,19,2,Area-44,1
2024-01-03,19,2,Area-45,2
2024-01-03,19,2,Area-46,1
2024-01-03,19,2,Area-47,1
2024-01-03,19,2,Area-48,1
2024-01-03,19,2,Area-5,2
2024-01-03,19,2,Area-6,1
2024-01-03,19,2,Area-7,2
2024-01-03,19,2,Area-8,1
2024-01-03,20,2,Area-1,1
2024-01-03,20,2,Area-10,1
2024-01-03,20,2,Area-11,3
2024-01-03,20,2,Area-13,5
2024-01-03,20,2,Area-14,5
2024-01-03,20,2,Area-16,4
2024-01-03,20,2,Area-17,1
2024-01-03,20,2,Area-18,3
2024-01-03,20,2,Area-19,3
2024-01-03,20,2,Area-2,3
2024-01-03,20,2,Area-22,2
2024-01-03,20,2,Area-23,1
2024-01-03,20,2,Area-24,3
2024-01-03,20,2,Area-26,1
2024-01-03,20,2,Area-27,1
2024-01-03,20,2,Area-28,1
2024-01-03,20,2,Area-29,3
2024-01-03,20,2,Area-3,1
2024-01-03,20,2,Area-30,1
2024-01-03,20,2,Area-31,1
2024-01-03,20,2,Area-32,1
2024-01-03,20,2,Area-33,2
2024-01-03,20,2,Area-34,1
2024-01-03,20,2,Area-35,1
2024-01-03,20,2,Area-36,2
2024-01-03,20,2,Area-39,1
2024-01-03,20,2,Area-4,2
2024-01-03,20,2,Area-41,1
2024-01-03,20,2,Area-42,3
2024-01-03,20,2,Area-43,2
2024-01-03,20,2,Area-45,1
2024-01-03,20,2,Area-47,2
2024-01-03,20,2,Area-48,1
2024-01-03,20,2,Area-49,1
2024-01-03,20,2,Area-5,4
2024-01-03,20,2,Area-50,2
2024-01-03,20,2,Area-7,1
2024-01-03,20,2,Area-8,2
2024-01-03,20,2,Area-9,2
2024-01-03,21,2,Area-1,2
2024-01-03,21,2,Area-10,2
2024-01-03,21,2,Area-13,1
2024-01-03,21,2,Area-15,3
2024-01-03,21,2,Area-16,2
2024-01-03,21,2,Area-19,1
2024-01-03,21,2,Area-2,1
2024-01-03,21,2,Area-21,3
2024-01-03,21,2,Area-22,4
2024-01-03,21,2,Area-24,1
2024-01-03,21,2,Area-25,2
2024-01-03,21,2,Area-26,1
2024-01-03,21,2,Area-27,2
2024-01-03,21,2,Area-28,1
2024-01-03,21,2,Area-29,1
2024-01-03,21,2,Area-3,1
2024-01-03,21,2,Area-30,3
2024-01-03,21,2,Area-32,1
2024-01-03,21,2,Area-33,3
2024-01-03,21,2,Area-34,1
2024-01-03,21,2,Area-35,1
2024-01-03,21,2,Area-38,3
2024-01-03,21,2,Area-39,3
2024-01-03,21,2,Area-4,1
2024-01-03,21,2,Area-40,2
2024-01-03,21,2,Area-41,1
2024-01-03,21,2,Area-43,2
2024-01-03,21,2,Area-44,1
2024-01-03,21,2,Area-45,1
2024-01-03,21,2,Area-46,1
2024-01-03,21,2,Area-47,1
2024-01-03,21,2,Area-48,1
2024-01-03,21,2,Area-7,2
2024-01-03,21,2,Area-9,5
2024-01-03,22,2,Area-1,2
2024-01-03,22,2,Area-10,1
2024-01-03,22,2,Area-12,1
2024-01-03,22,2,Area-14,1
2024-01-03,22,2,Area-17,3
2024-01-03,22,2,Area-18,4
2024-01-03,22,2,Area-2,3
2024-01-03,22,2,Area-20,3
2024-01-03,22,2,Area-22,1
2024-01-03,22,2,Area-24,2
2024-01-03,22,2,Area-25,1
2024-01-03,22,2,Area-26,1
2024-01-03,22,2,Area-28,1
2024-01-03,22,2,Area-29,3
2024-01-03,22,2,Area-3,2
2024-01-03,22,2,Area-31,2
2024-01-03,22,2,Area-32,1
2024-01-03,22,2,Area-33,1
2024-01-03,22,2,Area-34,1
2024-01-03,22,2,Area-35,1
2024-01-03,22,2,Area-37,1
2024-01-03,22,2,Area-38,1
2024-01-03,22,2,Area-4,1
2024-01-03,22,2,Area-40,1
2024-01-03,22,2,Area-41,2
2024-01-03,22,2,Area-42,1
2024-01-03,22,2,Area-44,1
2024-01-03,22,2,Area-45,3
2024-01-03,22,2,Area-46,1
2024-01-03,22,2,Area-47,3
2024-01-03,22,2,Area-48,1
2024-01-03,22,2,Area-49,1
2024-01-03,22,2,Area-5,2
2024-01-03,22,2,Area-50,2
2024-01-03,22,2,Area-6,3
2024-01-03,22,2,Area-7,4
2024-01-03,22,2,Area-8,1
2024-01-03,23,2,Area-1,1
2024-01-03,23,2,Area-10,2
2024-01-03,23,2,Area-12,1
2024-01-03,23,2,Area-13,1
2024-01-03,23,2,Area-15,2
2024-01-03,23,2,Area-16,2
2024-01-03,23,2,Area-17,2
2024-01-03,23,2,Area-19,3
2024-01-03,23,2,Area-20,2
2024-01-03,23,2,Area-22,2
2024-01-03,23,2,Area-23,2
2024-01-03,23,2,Area-24,1
2024-01-03,23,2,Area-25,1
2024-01-03,23,2,Area-27,2
2024-01-03,23,2,Area-28,1
2024-01-03,23,2,Area-29,2
2024-01-03,23,2,Area-3,1
2024-01-03,23,2,Area-30,2
2024-01-03,23,2,Area-33,1
2024-01-03,23,2,Area-36,1
2024-01-03,23,2,Area-37,1
2024-01-03,23,2,Area-39,2
2024-01-03,23,2,Area-4,1
2024-01-03,23,2,Area-40,2
2024-01-03,23,2,Area-41,1
2024-01-03,23,2,Area-42,1
2024-01-03,23,2,Area-43,1
2024-01-03,23,2,Area-45,1
2024-01-03,23,2,Area-47,2
2024-01-03,23,2,Area-49,2
2024-01-03,23,2,Area-5,1
2024-01-03,23,2,Area-50,2
2024-01-03,23,2,Area-6,1
2024-01-03,23,2,Area-7,2
2024-01-03,23,2,Area-8,1
2024-01-04,0,3,Area-1,2
2024-01-04,0,3,Area-12,1
2024-01-04,0,3,Area-13,1
2024-01-04,0,3,Area-14,2
2024-01-04,0,3,Area-15,1
2024-01-04,0,3,Area-17,3
2024-01-04,0,3,Area-18,2
2024-01-04,0,3,Area-21,2
2024-01-04,0,3,Area-22,1
2024-01-04,0,3,Area-24,1
2024-01-04,0,3,Area-25,1
2024-01-04,0,3,Area-26,2
2024-01-04,0,3,Area-27,2
2024-01-04,0,3,Area-29,1
2024-01-04,0,3,Area-3,1
2024-01-04,0,3,Area-30,1
2024-01-04,0,3,Area-32,1
2024-01-04,0,3,Area-33,5
2024-01-04,0,3,Area-35,3
2024-01-04,0,3,Area-36,3
2024-01-04,0,3,Area-37,1
2024-01-04,0,3,Area-38,3
2024-01-04,0,3,Area-39,1
2024-01-04,0,3,Area-4,1
2024-01-04,0,3,Area-40,2
2024-01-04,0,3,Area-41,1
2024-01-04,0,3,Area-42,2
2024-01-04,0,3,Area-44,3
2024-01-04,0,3,Area-45,2
2024-01-04,0,3,Area-46,1
2024-01-04,0,3,Area-49,2
2024-01-04,0,3,Area-50,1
2024-01-04,0,3,Area-6,1
2024-01-04,0,3,Area-8,2
2024-01-04,0,3,Area-9,5
2024-01-04,1,3,Area-1,1
2024-01-04,1,3,Area-10,1
2024-01-04,1,3,Area-11,1
2024-01-04,1,3,Area-12,1
2024-01-04,1,3,Area-13,3
2024-01-04,1,3,Area-14,1
2024-01-04,1,3,Area-15,1
2024-01-04,1,3,Area-16,1
2024-01-04,1,3,Area-17,3
2024-01-04,1,3,Area-18,2
2024-01-04,1,3,Area-19,1
2024-01-04,1,3,Area-20,2
2024-01-04,1,3,Area-21,1
2024-01-04,1,3,Area-22,1
2024-01-04,1,3,Area-23,1
2024-01-04,1,3,Area-24,3
2024-01-04,1,3,Area-25,6
2024-01-04,1,3,Area-27,2
2024-01-04,1,3,Area-28,4
2024-01-04,1,3,Area-29,1
2024-01-04,1,3,Area-3,1
2024-01-04,1,3,Area-30,3
2024-01-04,1,3,Area-31,3
2024-01-04,1,3,Area-34,1
2024-01-04,1,3,Area-37,1
2024-01-04,1,3,Area-38,2
2024-01-04,1,3,Area-39,2
2024-01-04,1,3,Area-40,3
2024-01-04,1,3,Area-41,3
2024-01-04,1,3,Area-42,1
2024-01-04,1,3,Area-44,2
2024-01-04,1,3,Area-47,1
2024-01-04,1,3,Area-48,3
2024-01-04,1,3,Area-49,2
2024-01-04,1,3,Area-5,1
2024-01-04,1,3,Area-50,2
2024-01-04,1,3,Area-6,3
2024-01-04,1,3,Area-8,3
2024-01-04,1,3,Area-9,4
2024-01-04,2,3,Area-1,2
2024-01-04,2,3,Area-12,1
2024-01-04,2,3,Area-13,2
2024-01-04,2,3,Area-14,2
2024-01-04,2,3,Area-15,2
2024-01-04,2,3,Area-16,2
2024-01-04,2,3,Area-17,4
2024-01-04,2,3,Area-18,1
2024-01-04,2,3,Area-19,2
2024-01-04,2,3,Area-22,1
2024-01-04,2,3,Area-23,2
2024-01-04,2,3,Area-26,1
2024-01-04,2,3,Area-27,5
2024-01-04,2,3,Area-28,1
2024-01-04,2,3,Area-29,1
2024-01-04,2,3,Area-31,2
2024-01-04,2,3,Area-32,1
2024-01-04,2,3,Area-34,3
2024-01-04,2,3,Area-35,1
2024-01-04,2,3,Area-37,2
2024-01-04,2,3,Area-38,2
2024-01-04,2,3,Area-39,1
2024-01-04,2,3,Area-4,2
2024-01-04,2,3,Area-41,1
2024-01-04,2,3,Area-42,1
2024-01-04,2,3,Area-43,1
2024-01-04,2,3,Area-44,2
2024-01-04,2,3,Area-45,4
2024-01-04,2,3,Area-48,2
2024-01-04,2,3,Area-49,4
2024-01-04,2,3,Area-5,1
2024-01-04,2,3,Area-50,2
2024-01-04,2,3,Area-6,2
2024-01-04,2,3,Area-7,2
2024-01-04,2,3,Area-8,1
2024-01-04,2,3,Area-9,1
2024-01-04,3,3,Area-1,1
2024-01-04,3,3,Area-10,1
2024-01-04,3,3,Area-12,2
2024-01-04,3,3,Area-14,1
2024-01-04,3,3,Area-17,1
2024-01-04,3,3,Area-18,1
2024-01-04,3,3,Area-2,3
2024-01-04,3,3,Area-20,1
2024-01-04,3,3,Area-21,2
2024-01-04,3,3,Area-22,1
2024-01-04,3,3,Area-23,2
2024-01-04,3,3,Area-24,3
2024-01-04,3,3,Area-25,2
2024-01-04,3,3,Area-27,1
2024-01-04,3,3,Area-28,2
2024-01-04,3,3,Area-29,1
2024-01-04,3,3,Area-3,1
2024-01-04,3,3,Area-30,2
2024-01-04,3,3,Area-31,2
2024-01-04,3,3,Area-32,4
2024-01-04,3,3,Area-33,1
2024-01-04,3,3,Area-34,2
2024-01-04,3,3,Area-35,1
2024-01-04,3,3,Area-36,3
2024-01-04,3,3,Area-37,1
2024-01-04,3,3,Area-39,1
2024-01-04,3,3,Area-40,2
2024-01-04,3,3,Area-42,1
2024-01-04,3,3,Area-44,1
2024-01-04,3,3,Area-45,1
2024-01-04,3,3,Area-46,3
2024-01-04,3,3,Area-47,2
2024-01-04,3,3,Area-48,2
2024-01-04,3,3,Area-49,1
2024-01-04,3,3,Area-50,1
2024-01-04,3,3,Area-6,2
2024-01-04,3,3,Area-7,1
2024-01-04,3,3,Area-8,2
2024-01-04,3,3,Area-9,1
2024-01-04,4,3,Area-1,1
2024-01-04,4,3,Area-10,4
2024-01-04,4,3,Area-11,1
2024-01-04,4,3,Area-12,3
2024-01-04,4,3,Area-13,1
2024-01-04,4,3,Area-15,2
2024-01-04,4,3,Area-17,1
2024-01-04,4,3,Area-18,1
2024-01-04,4,3,Area-19,2
2024-01-04,4,3,Area-2,1
2024-01-04,4,3,Area-20,1
2024-01-04,4,3,Area-22,2
2024-01-04,4,3,Area-23,2
2024-01-04,4,3,Area-25,1
2024-01-04,4,3,Area-26,1
2024-01-04,4,3,Area-27,2
2024-01-04,4,3,Area-28,3
2024-01-04,4,3,Area-3,6
2024-01-04,4,3,Area-30,1
2024-01-04,4,3,Area-31,1
2024-01-04,4,3,Area-33,3
2024-01-04,4,3,Area-34,2
2024-01-04,4,3,Area-37,1
2024-01-04,4,3,Area-39,1
2024-01-04,4,3,Area-4,2
2024-01-04,4,3,Area-41,1
2024-01-04,4,3,Area-42,1
2024-01-04,4,3,Area-43,1
2024-01-04,4,3,Area-44,1
2024-01-04,4,3,Area-45,1
2024-01-04,4,3,Area-46,1
2024-01-04,4,3,Area-48,1
2024-01-04,4,3,Area-49,1
2024-01-04,4,3,Area-5,4
2024-01-04,4,3,Area-50,3
2024-01-04,4,3,Area-8,4
2024-01-04,4,3,Area-9,1
2024-01-04,5,3,Area-1,5
2024-01-04,5,3,Area-10,1
2024-01-04,5,3,Area-11,2
2024-01-04,5,3,Area-12,1
2024-01-04,5,3,Area-13,1
2024-01-04,5,3,Area-14,1
2024-01-04,5,3,Area-15,2
2024-01-04,5,3,Area-17,1
2024-01-04,5,3,Area-18,2
2024-01-04,5,3,Area-19,1
2024-01-04,5,3,Area-2,2
2024-01-04,5,3,Area-20,1
2024-01-04,5,3,Area-21,2
2024-01-04,5,3,Area-22,1
2024-01-04,5,3,Area-24,1
2024-01-04,5,3,Area-25,1
2024-01-04,5,3,Area-26,5
2024-01-04,5,3,Area-27,1
2024-01-04,5,3,Area-28,3
2024-01-04,5,3,Area-3,3
2024-01-04,5,3,Area-30,1
2024-01-04,5,3,Area-31,1
2024-01-04,5,3,Area-32,2
2024-01-04,5,3,Area-34,2
2024-01-04,5,3,Area-35,1
2024-01-04,5,3,Area-36,1
2024-01-04,5,3,Area-39,3
2024-01-04,5,3,Area-40,1
2024-01-04,5,3,Area-41,4
2024-01-04,5,3,Area-42,2
2024-01-04,5,3,Area-43,1
2024-01-04,5,3,Area-45,1
2024-01-04,5,3,Area-46,3
2024-01-04,5,3,Area-47,3
2024-01-04,5,3,Area-48,1
2024-01-04,5,3,Area-49,2
2024-01-04,5,3,Area-5,1
2024-01-04,5,3,Area-50,1
2024-01-04,5,3,Area-7,2
2024-01-04,5,3,Area-9,3
2024-01-04,6,3,Area-1,4
2024-01-04,6,3,Area-10,1
2024-01-04,6,3,Area-12,2
2024-01-04,6,3,Area-13,4
2024-01-04,6,3,Area-14,3
2024-01-04,6,3,Area-15,1
2024-01-04,6,3,Area-16,1
2024-01-04,6,3,Area-18,3
2024-01-04,6,3,Area-19,1
2024-01-04,6,3,Area-20,1
2024-01-04,6,3,Area-22,3
2024-01-04,6,3,Area-23,1
2024-01-04,6,3,Area-24,2
2024-01-04,6,3,Area-25,3
2024-01-04,6,3,Area-26,3
2024-01-04,6,3,Area-27,2
2024-01-04,6,3,Area-28,1
2024-01-04,6,3,Area-29,1
2024-01-04,6,3,Area-3,2
2024-01-04,6,3,Area-30,1
2024-01-04,6,3,Area-32,1
2024-01-04,6,3,Area-34,1
2024-01-04,6,3,Area-35,2
2024-01-04,6,3,Area-36,1
2024-01-04,6,3,Area-37,2
2024-01-04,6,3,Area-39,5
2024-01-04,6,3,Area-4,2
2024-01-04,6,3,Area-42,2
2024-01-04,6,3,Area-43,1
2024-01-04,6,3,Area-44,1
2024-01-04,6,3,Area-45,1
2024-01-04,6,3,Area-46,1
2024-01-04,6,3,Area-47,1
2024-01-04,6,3,Area-48,2
2024-01-04,6,3,Area-49,1
2024-01-04,6,3,Area-50,1
2024-01-04,6,3,Area-8,1
2024-01-04,6,3,Area-9,3
2024-01-04,7,3,Area-11,2
2024-01-04,7,3,Area-13,1
2024-01-04,7,3,Area-14,3
2024-01-04,7,3,Area-15,2
2024-01-04,7,3,Area-16,1
2024-01-04,7,3,Area-17,1
2024-01-04,7,3,Area-19,1
2024-01-04,7,3,Area-2,1
2024-01-04,7,3,Area-20,1
2024-01-04,7,3,Area-22,1
2024-01-04,7,3,Area-23,2
2024-01-04,7,3,Area-26,1
2024-01-04,7,3,Area-27,4
2024-01-04,7,3,Area-28,1
2024-01-04,7,3,Area-29,3
2024-01-04,7,3,Area-3,2
2024-01-04,7,3,Area-31,1
2024-01-04,7,3,Area-32,2
2024-01-04,7,3,Area-33,1
2024-01-04,7,3,Area-35,2
2024-01-04,7,3,Area-36,1
2024-01-04,7,3,Area-37,2
2024-01-04,7,3,Area-39,1
2024-01-04,7,3,Area-4,2
2024-01-04,7,3,Area-40,1
2024-01-04,7,3,Area-43,3
2024-01-04,7,3,Area-44,3
2024-01-04,7,3,Area-46,2
2024-01-04,7,3,Area-47,1
2024-01-04,7,3,Area-5,3
2024-01-04,7,3,Area-50,1
2024-01-04,7,3,Area-6,2
2024-01-04,7,3,Area-7,2
2024-01-04,7,3,Area-8,1
2024-01-04,8,3,Area-10,2
2024-01-04,8,3,Area-12,2
2024-01-04,8,3,Area-13,4
2024-01-04,8,3,Area-14,4
2024-01-04,8,3,Area-15,2
2024-01-04,8,3,Area-16,3
2024-01-04,8,3,Area-17,2
2024-01-04,8,3,Area-18,1
2024-01-04,8,3,Area-19,2
2024-01-04,8,3,Area-2,1
2024-01-04,8,3,Area-20,2
2024-01-04,8,3,Area-23,1
2024-01-04,8,3,Area-24,2
2024-01-04,8,3,Area-25,1
2024-01-04,8,3,Area-27,2
2024-01-04,8,3,Area-28,2
2024-01-04,8,3,Area-3,1
2024-01-04,8,3,Area-31,3
2024-01-04,8,3,Area-33,1
2024-01-04,8,3,Area-34,3
2024-01-04,8,3,Area-35,1
2024-01-04,8,3,Area-36,1
2024-01-04,8,3,Area-37,2
2024-01-04,8,3,Area-38,4
2024-01-04,8,3,Area-39,1
2024-01-04,8,3,Area-4,2
2024-01-04,8,3,Area-40,1
2024-01-04,8,3,Area-42,1
2024-01-04,8,3,Area-43,2
2024-01-04,8,3,Area-44,1
2024-01-04,8,3,Area-45,1
2024-01-04,8,3,Area-46,1
2024-01-04,8,3,Area-47,1
2024-01-04,8,3,Area-48,2
2024-01-04,8,3,Area-49,4
2024-01-04,8,3,Area-5,1
2024-01-04,8,3,Area-50,1
2024-01-04,8,3,Area-6,2
2024-01-04,8,3,Area-8,1
2024-01-04,8,3,Area-9,2
2024-01-04,9,3,Area-1,1
2024-01-04,9,3,Area-10,3
2024-01-04,9,3,Area-12,2
2024-01-04,9,3,Area-13,1
2024-01-04,9,3,Area-15,1
2024-01-04,9,3,Area-16,1
2024-01-04,9,3,Area-18,5
2024-01-04,9,3,Area-19,2
2024-01-04,9,3,Area-2,1
2024-01-04,9,3,Area-22,1
2024-01-04,9,3,Area-23,3
2024-01-04,9,3,Area-24,2
2024-01-04,9,3,Area-25,1
2024-01-04,9,3,Area-26,2
2024-01-04,9,3,Area-27,1
2024-01-04,9,3,Area-28,2
2024-01-04,9,3,Area-29,1
2024-01-04,9,3,Area-30,2
2024-01-04,9,3,Area-31,3
2024-01-04,9,3,Area-32,1
2024-01-04,9,3,Area-36,5
2024-01-04,9,3,Area-37,2
2024-01-04,9,3,Area-38,2
2024-01-04,9,3,Area-39,3
2024-01-04,9,3,Area-4,1
2024-01-04,9,3,Area-41,2
2024-01-04,9,3,Area-42,4
2024-01-04,9,3,Area-43,2
2024-01-04,9,3,Area-44,2
2024-01-04,9,3,Area-45,2
2024-01-04,9,3,Area-46,2
2024-01-04,9,3,Area-47,2
2024-01-04,9,3,Area-48,1
2024-01-04,9,3,Area-49,3
2024-01-04,9,3,Area-5,2
2024-01-04,9,3,Area-6,2
2024-01-04,9,3,Area-7,2
2024-01-04,10,3,Area-10,2
2024-01-04,10,3,Area-11,1
2024-01-04,10,3,Area-12,1
2024-01-04,10,3,Area-13,2
2024-01-04,10,3,Area-14,1
2024-01-04,10,3,Area-15,1
2024-01-04,10,3,Area-16,1
2024-01-04,10,3,Area-18,1
2024-01-04,10,3,Area-2,1
2024-01-04,10,3,Area-20,2
2024-01-04,10,3,Area-22,1
2024-01-04,10,3,Area-26,2
2024-01-04,10,3,Area-27,1
2024-01-04,10,3,Area-28,2
2024-01-04,10,3,Area-29,1
2024-01-04,10,3,Area-3,3
2024-01-04,10,3,Area-30,2
2024-01-04,10,3,Area-32,2
2024-01-04,10,3,Area-33,3
2024-01-04,10,3,Area-34,1
2024-01-04,10,3,Area-35,2
2024-01-04,10,3,Area-36,4
2024-01-04,10,3,Area-37,1
2024-01-04,10,3,Area-38,1
2024-01-04,10,3,Area-39,1
2024-01-04,10,3,Area-4,1
2024-01-04,10,3,Area-41,2
2024-01-04,10,3,Area-44,3
2024-01-04,10,3,Area-45,1
2024-01-04,10,3,Area-46,2
2024-01-04,10,3,Area-48,3
2024-01-04,10,3,Area-49,3
2024-01-04,10,3,Area-5,3
2024-01-04,10,3,Area-50,2
2024-01-04,10,3,Area-6,3
2024-01-04,10,3,Area-8,1
2024-01-04,10,3,Area-9,2
2024-01-04,11,3,Area-1,1
2024-01-04,11,3,Area-10,4
2024-01-04,11,3,Area-11,3
2024-01-04,11,3,Area-14,1
2024-01-04,11,3,Area-15,3
2024-01-04,11,3,Area-16,2
2024-01-04,11,3,Area-18,3
2024-01-04,11,3,Area-19,1
2024-01-04,11,3,Area-2,1
2024-01-04,11,3,Area-20,1
2024-01-04,11,3,Area-21,1
2024-01-04,11,3,Area-23,1
2024-01-04,11,3,Area-25,1
2024-01-04,11,3,Area-26,1
2024-01-04,11,3,Area-27,3
2024-01-04,11,3,Area-28,1
2024-01-04,11,3,Area-3,2
2024-01-04,11,3,Area-30,2
2024-01-04,11,3,Area-31,1
2024-01-04,11,3,Area-34,1
2024-01-04,11,3,Area-35,1
2024-01-04,11,3,Area-37,1
2024-01-04,11,3,Area-39,2
2024-01-04,11,3,Area-4,2
2024-01-04,11,3,Area-40,1
2024-01-04,11,3,Area-41,1
2024-01-04,11,3,Area-42,1
2024-01-04,11,3,Area-44,1
2024-01-04,11,3,Area-45,2
2024-01-04,11,3,Area-47,1
2024-01-04,11,3,Area-48,3
2024-01-04,11,3,Area-5,1
2024-01-04,11,3,Area-50,3
2024-01-04,11,3,Area-6,3
2024-01-04,11,3,Area-7,2
2024-01-04,11,3,Area-8,2
2024-01-04,11,3,Area-9,4
2024-01-04,12,3,Area-1,2
2024-01-04,12,3,Area-11,3
2024-01-04,12,3,Area-12,1
2024-01-04,12,3,Area-16,1
2024-01-04,12,3,Area-17,2
2024-01-04,12,3,Area-18,1
2024-01-04,12,3,Area-19,1
2024-01-04,12,3,Area-2,2
2024-01-04,12,3,Area-20,1
2024-01-04,12,3,Area-21,2
2024-01-04,12,3,Area-22,5
2024-01-04,12,3,Area-23,3
2024-01-04,12,3,Area-26,1
2024-01-04,12,3,Area-28,1
2024-01-04,12,3,Area-29,2
2024-01-04,12,3,Area-30,1
2024-01-04,12,3,Area-31,1
2024-01-04,12,3,Area-32,2
2024-01-04,12,3,Area-33,3
2024-01-04,12,3,Area-34,3
2024-01-04,12,3,Area-35,3
2024-01-04,12,3,Area-36,1
2024-01-04,12,3,Area-37,1
2024-01-04,12,3,Area-38,1
2024-01-04,12,3,Area-39,3
2024-01-04,12,3,Area-4,2
2024-01-04,12,3,Area-40,4
2024-01-04,12,3,Area-41,3
2024-01-04,12,3,Area-42,1
2024-01-04,12,3,Area-43,2
2024-01-04,12,3,Area-44,3
2024-01-04,12,3,Area-45,1
2024-01-04,12,3,Area-46,2
2024-01-04,12,3,Area-47,3
2024-01-04,12,3,Area-48,4
2024-01-04,12,3,Area-5,3
2024-01-04,12,3,Area-50,1
2024-01-04,12,3,Area-6,1
2024-01-04,12,3,Area-8,2
2024-01-04,12,3,Area-9,1
2024-01-04,13,3,Area-1,4
2024-01-04,13,3,Area-10,3
2024-01-04,13,3,Area-11,2
2024-01-04,13,3,Area-12,2
2024-01-04,13,3,Area-13,2
2024-01-04,13,3,Area-14,3
2024-01-04,13,3,Area-15,2
2024-01-04,13,3,Area-17,1
2024-01-04,13,3,Area-18,2
2024-01-04,13,3,Area-2,2
2024-01-04,13,3,Area-20,2
2024-01-04,13,3,Area-21,3
2024-01-04,13,3,Area-22,2
2024-01-04,13,3,Area-23,3
2024-01-04,13,3,Area-24,1
2024-01-04,13,3,Area-25,2
2024-01-04,13,3,Area-26,1
2024-01-04,13,3,Area-28,2
2024-01-04,13,3,Area-29,2
2024-01-04,13,3,Area-30,1
2024-01-04,13,3,Area-32,1
2024-01-04,13,3,Area-33,2
2024-01-04,13,3,Area-34,1
2024-01-04,13,3,Area-35,2
2024-01-04,13,3,Area-38,2
2024-01-04,13,3,Area-39,1
2024-01-04,13,3,Area-40,3
2024-01-04,13,3,Area-41,1
2024-01-04,13,3,Area-42,1
2024-01-04,13,3,Area-43,2
2024-01-04,13,3,Area-44,1
2024-01-04,13,3,Area-46,1
2024-01-04,13,3,Area-49,1
2024-01-04,13,3,Area-50,2
2024-01-04,13,3,Area-7,3
2024-01-04,13,3,Area-9,1
2024-01-04,14,3,Area-1,1
2024-01-04,14,3,Area-10,1
2024-01-04,14,3,Area-11,1
2024-01-04,14,3,Area-12,1
2024-01-04,14,3,Area-13,1
2024-01-04,14,3,Area-15,1
2024-01-04,14,3,Area-17,2
2024-01-04,14,3,Area-18,1
2024-01-04,14,3,Area-19,2
2024-01-04,14,3,Area-2,1
2024-01-04,14,3,Area-20,2
2024-01-04,14,3,Area-21,2
2024-01-04,14,3,Area-23,2
2024-01-04,14,3,Area-25,3
2024-01-04,14,3,Area-26,3
2024-01-04,14,3,Area-3,1
2024-01-04,14,3,Area-30,2
2024-01-04,14,3,Area-33,2
2024-01-04,14,3,Area-34,1
2024-01-04,14,3,Area-35,1
2024-01-04,14,3,Area-39,2
2024-01-04,14,3,Area-4,1
2024-01-04,14,3,Area-40,2
2024-01-04,14,3,Area-42,3
2024-01-04,14,3,Area-43,1
2024-01-04,14,3,Area-45,3
2024-01-04,14,3,Area-46,2
2024-01-04,14,3,Area-48,1
2024-01-04,14,3,Area-5,3
2024-01-04,14,3,Area-50,1
2024-01-04,14,3,Area-7,1
2024-01-04,14,3,Area-9,2
2024-01-04,15,3,Area-1,2
2024-01-04,15,3,Area-11,1
2024-01-04,15,3,Area-12,3
2024-01-04,15,3,Area-13,3
2024-01-04,15,3,Area-14,1
2024-01-04,15,3,Area-15,2
2024-01-04,15,3,Area-17,2
2024-01-04,15,3,Area-18,1
2024-01-04,15,3,Area-19,1
2024-01-04,15,3,Area-2,1
2024-01-04,15,3,Area-20,4
2024-01-04,15,3,Area-21,1
2024-01-04,15,3,Area-24,4
2024-01-04,15,3,Area-25,2
2024-01-04,15,3,Area-26,1
2024-01-04,15,3,Area-27,2
2024-01-04,15,3,Area-28,2
2024-01-04,15,3,Area-29,5
2024-01-04,15,3,Area-30,2
2024-01-04,15,3,Area-31,2
2024-01-04,15,3,Area-32,2
2024-01-04,15,3,Area-33,2
2024-01-04,15,3,Area-34,3
2024-01-04,15,3,Area-36,1
2024-01-04,15,3,Area-38,1
2024-01-04,15,3,Area-40,3
2024-01-04,15,3,Area-41,1
2024-01-04,15,3,Area-42,2
2024-01-04,15,3,Area-43,1
2024-01-04,15,3,Area-44,1
2024-01-04,15,3,Area-45,2
2024-01-04,15,3,Area-46,1
2024-01-04,15,3,Area-5,2
2024-01-04,15,3,Area-50,1
2024-01-04,15,3,Area-6,2
2024-01-04,15,3,Area-7,4
2024-01-04,15,3,Area-8,1
2024-01-04,15,3,Area-9,2
2024-01-04,16,3,Area-1,1
2024-01-04,16,3,Area-10,2
2024-01-04,16,3,Area-11,1
2024-01-04,16,3,Area-12,1
2024-01-04,16,3,Area-13,1
2024-01-04,16,3,Area-14,1
2024-01-04,16,3,Area-15,1
2024-01-04,16,3,Area-17,1
2024-01-04,16,3,Area-18,1
2024-01-04,16,3,Area-19,2
2024-01-04,16,3,Area-20,1
2024-01-04,16,3,Area-23,2
2024-01-04,16,3,Area-24,2
2024-01-04,16,3,Area-25,1
2024-01-04,16,3,Area-26,3
2024-01-04,16,3,Area-27,2
2024-01-04,16,3,Area-28,2
2024-01-04,16,3,Area-29,1
2024-01-04,16,3,Area-30,1
2024-01-04,16,3,Area-31,1
2024-01-04,16,3,Area-32,1
2024-01-04,16,3,Area-33,2
2024-01-04,16,3,Area-34,2
2024-01-04,16,3,Area-35,1
2024-01-04,16,3,Area-36,1
2024-01-04,16,3,Area-37,4
2024-01-04,16,3,Area-39,1
2024-01-04,16,3,Area-4,2
2024-01-04,16,3,Area-40,1
2024-01-04,16,3,Area-41,1
2024-01-04,16,3,Area-42,1
2024-01-04,16,3,Area-43,1
2024-01-04,16,3,Area-44,1
2024-01-04,16,3,Area-45,3
2024-01-04,16,3,Area-46,1
2024-01-04,16,3,Area-47,1
2024-01-04,16,3,Area-49,1
2024-01-04,16,3,Area-5,1
2024-01-04,16,3,Area-50,2
2024-01-04,16,3,Area-6,3
2024-01-04,16,3,Area-7,3
2024-01-04,16,3,Area-9,2
2024-01-04,17,3,Area-1,1
2024-01-04,17,3,Area-10,6
2024-01-04,17,3,Area-11,2
2024-01-04,17,3,Area-12,2
2024-01-04,17,3,Area-13,4
2024-01-04,17,3,Area-14,4
2024-01-04,17,3,Area-16,3
2024-01-04,17,3,Area-17,2
2024-01-04,17,3,Area-18,1
2024-01-04,17,3,Area-19,3
2024-01-04,17,3,Area-2,2
2024-01-04,17,3,Area-20,2
2024-01-04,17,3,Area-21,2
2024-01-04,17,3,Area-22,5
2024-01-04,17,3,Area-24,3
2024-01-04,17,3,Area-25,1
2024-01-04,17,3,Area-26,2
2024-01-04,17,3,Area-27,2
2024-01-04,17,3,Area-28,4
2024-01-04,17,3,Area-30,3
2024-01-04,17,3,Area-33,2
2024-01-04,17,3,Area-34,5
2024-01-04,17,3,Area-35,1
2024-01-04,17,3,Area-37,2
2024-01-04,17,3,Area-38,4
2024-01-04,17,3,Area-39,2
2024-01-04,17,3,Area-4,1
2024-01-04,17,3,Area-40,3
2024-01-04,17,3,Area-41,1
2024-01-04,17,3,Area-42,1
2024-01-04,17,3,Area-43,1
2024-01-04,17,3,Area-46,3
2024-01-04,17,3,Area-47,5
2024-01-04,17,3,Area-48,3
2024-01-04,17,3,Area-49,4
2024-01-04,17,3,Area-50,2
2024-01-04,17,3,Area-6,4
2024-01-04,17,3,Area-7,3
2024-01-04,17,3,Area-8,1
2024-01-04,17,3,Area-9,1
2024-01-04,18,3,Area-1,1
2024-01-04,18,3,Area-10,2
2024-01-04,18,3,Area-11,3
2024-01-04,18,3,Area-12,1
2024-01-04,18,3,Area-14,3
2024-01-04,18,3,Area-17,5
2024-01-04,18,3,Area-18,3
2024-01-04,18,3,Area-19,4
2024-01-04,18,3,Area-20,2
2024-01-04,18,3,Area-21,1
2024-01-04,18,3,Area-23,3
2024-01-04,18,3,Area-26,2
2024-01-04,18,3,Area-29,2
2024-01-04,18,3,Area-31,1
2024-01-04,18,3,Area-32,2
2024-01-04,18,3,Area-33,1
2024-01-04,18,3,Area-34,1
2024-01-04,18,3,Area-38,4
2024-01-04,18,3,Area-39,2
2024-01-04,18,3,Area-4,3
2024-01-04,18,3,Area-41,4
2024-01-04,18,3,Area-43,3
2024-01-04,18,3,Area-44,3
2024-01-04,18,3,Area-46,1
2024-01-04,18,3,Area-48,1
2024-01-04,18,3,Area-49,1
2024-01-04,18,3,Area-50,2
2024-01-04,18,3,Area-6,1
2024-01-04,18,3,Area-7,3
2024-01-04,18,3,Area-8,1
2024-01-04,18,3,Area-9,2
2024-01-04,19,3,Area-1,2
2024-01-04,19,3,Area-10,1
2024-01-04,19,3,Area-11,1
2024-01-04,19,3,Area-12,1
2024-01-04,19,3,Area-13,1
2024-01-04,19,3,Area-15,2
2024-01-04,19,3,Area-16,1
2024-01-04,19,3,Area-17,2
2024-01-04,19,3,Area-19,1
2024-01-04,19,3,Area-2,1
2024-01-04,19,3,Area-20,2
2024-01-04,19,3,Area-21,2
2024-01-04,19,3,Area-22,1
2024-01-04,19,3,Area-23,1
2024-01-04,19,3,Area-24,1
2024-01-04,19,3,Area-26,1
2024-01-04,19,3,Area-27,5
2024-01-04,19,3,Area-28,3
2024-01-04,19,3,Area-3,1
2024-01-04,19,3,Area-30,3
2024-01-04,19,3,Area-31,2
2024-01-04,19,3,Area-33,1
2024-01-04,19,3,Area-34,2
2024-01-04,19,3,Area-36,1
2024-01-04,19,3,Area-37,1
2024-01-04,19,3,Area-38,1
2024-01-04,19,3,Area-39,2
2024-01-04,19,3,Area-4,1
2024-01-04,19,3,Area-40,3
2024-01-04,19,3,Area-41,3
2024-01-04,19,3,Area-42,1
2024-01-04,19,3,Area-43,1
2024-01-04,19,3,Area-46,1
2024-01-04,19,3,Area-47,2
2024-01-04,19,3,Area-48,1
2024-01-04,19,3,Area-49,1
2024-01-04,19,3,Area-5,3
2024-01-04,19,3,Area-50,1
2024-01-04,19,3,Area-6,1
2024-01-04,19,3,Area-9,2
2024-01-04,20,3,Area-10,2
2024-01-04,20,3,Area-12,3
2024-01-04,20,3,Area-16,1
2024-01-04,20,3,Area-18,2
2024-01-04,20,3,Area-19,2
2024-01-04,20,3,Area-2,1
2024-01-04,20,3,Area-20,1
2024-01-04,20,3,Area-21,2
2024-01-04,20,3,Area-22,2
2024-01-04,20,3,Area-23,1
2024-01-04,20,3,Area-24,1
2024-01-04,20,3,Area-25,2
2024-01-04,20,3,Area-26,1
2024-01-04,20,3,Area-28,2
2024-01-04,20,3,Area-29,2
2024-01-04,20,3,Area-3,1
2024-01-04,20,3,Area-31,1
2024-01-04,20,3,Area-32,3
2024-01-04,20,3,Area-34,1
2024-01-04,20,3,Area-35,3
2024-01-04,20,3,Area-36,3
2024-01-04,20,3,Area-37,5
2024-01-04,20,3,Area-39,1
2024-01-04,20,3,Area-4,1
2024-01-04,20,3,Area-40,1
2024-01-04,20,3,Area-41,1
2024-01-04,20,3,Area-42,1
2024-01-04,20,3,Area-43,4
2024-01-04,20,3,Area-44,3
2024-01-04,20,3,Area-46,3
2024-01-04,20,3,Area-48,1
2024-01-04,20,3,Area-49,1
2024-01-04,20,3,Area-5,1
2024-01-04,20,3,Area-50,1
2024-01-04,20,3,Area-6,1
2024-01-04,20,3,Area-7,1
2024-01-04,20,3,Area-8,2
2024-01-04,20,3,Area-9,2
2024-01-04,21,3,Area-1,1
2024-01-04,21,3,Area-10,2
2024-01-04,21,3,Area-11,2
2024-01-04,21,3,Area-12,4
2024-01-04,21,3,Area-13,1
2024-01-04,21,3,Area-14,2
2024-01-04,21,3,Area-15,2
2024-01-04,21,3,Area-16,1
2024-01-04,21,3,Area-17,2
2024-01-04,21,3,Area-18,3
2024-01-04,21,3,Area-19,2
2024-01-04,21,3,Area-2,2
2024-01-04,21,3,Area-20,1
2024-01-04,21,3,Area-21,1
2024-01-04,21,3,Area-22,1
2024-01-04,21,3,Area-23,2
2024-01-04,21,3,Area-24,2
2024-01-04,21,3,Area-25,2
2024-01-04,21,3,Area-27,2
2024-01-04,21,3,Area-3,1
2024-01-04,21,3,Area-30,4
2024-01-04,21,3,Area-31,3
2024-01-04,21,3,Area-33,1
2024-01-04,21,3,Area-35,1
2024-01-04,21,3,Area-36,2
2024-01-04,21,3,Area-37,1
2024-01-04,21,3,Area-38,1
2024-01-04,21,3,Area-39,2
2024-01-04,21,3,Area-40,2
2024-01-04,21,3,Area-41,2
2024-01-04,21,3,Area-42,2
2024-01-04,21,3,Area-43,1
2024-01-04,21,3,Area-47,2
2024-01-04,21,3,Area-49,1
2024-01-04,21,3,Area-50,3
2024-01-04,21,3,Area-6,1
2024-01-04,21,3,Area-7,1
2024-01-04,21,3,Area-8,1
2024-01-04,21,3,Area-9,1
2024-01-04,22,3,Area-1,2
2024-01-04,22,3,Area-10,1
2024-01-04,22,3,Area-11,1
2024-01-04,22,3,Area-12,1
2024-01-04,22,3,Area-13,3
2024-01-04,22,3,Area-14,2
2024-01-04,22,3,Area-16,1
2024-01-04,22,3,Area-17,4
2024-01-04,22,3,Area-18,3
2024-01-04,22,3,Area-19,1
2024-01-04,22,3,Area-2,1
2024-01-04,22,3,Area-20,3
2024-01-04,22,3,Area-21,2
2024-01-04,22,3,Area-22,4
2024-01-04,22,3,Area-23,2
2024-01-04,22,3,Area-24,1
2024-01-04,22,3,Area-25,2
2024-01-04,22,3,Area-27,1
2024-01-04,22,3,Area-28,1
2024-01-04,22,3,Area-3,1
2024-01-04,22,3,Area-30,1
2024-01-04,22,3,Area-32,1
2024-01-04,22,3,Area-34,1
2024-01-04,22,3,Area-35,2
2024-01-04,22,3,Area-36,2
2024-01-04,22,3,Area-37,2
2024-01-04,22,3,Area-39,1
2024-01-04,22,3,Area-4,1
2024-01-04,22,3,Area-40,2
2024-01-04,22,3,Area-41,3
2024-01-04,22,3,Area-42,1
2024-01-04,22,3,Area-44,1
2024-01-04,22,3,Area-45,1
2024-01-04,22,3,Area-46,1
2024-01-04,22,3,Area-47,1
2024-01-04,22,3,Area-48,2
2024-01-04,22,3,Area-49,3
2024-01-04,22,3,Area-5,1
2024-01-04,22,3,Area-6,1
2024-01-04,22,3,Area-7,3
2024-01-04,22,3,Area-8,1
2024-01-04,22,3,Area-9,1
2024-01-04,23,3,Area-11,2
2024-01-04,23,3,Area-12,3
2024-01-04,23,3,Area-13,1
2024-01-04,23,3,Area-15,2
2024-01-04,23,3,Area-19,2
2024-01-04,23,3,Area-2,3
2024-01-04,23,3,Area-20,2
2024-01-04,23,3,Area-21,2
2024-01-04,23,3,Area-23,2
2024-01-04,23,3,Area-24,3
2024-01-04,23,3,Area-26,2
2024-01-04,23,3,Area-28,1
2024-01-04,23,3,Area-29,4
2024-01-04,23,3,Area-3,2
2024-01-04,23,3,Area-31,2
2024-01-04,23,3,Area-32,3
2024-01-04,23,3,Area-33,1
2024-01-04,23,3,Area-34,5
2024-01-04,23,3,Area-38,1
2024-01-04,23,3,Area-4,1
2024-01-04,23,3,Area-40,1
2024-01-04,23,3,Area-42,6
2024-01-04,23,3,Area-43,3
2024-01-04,23,3,Area-45,3
2024-01-04,23,3,Area-46,1
2024-01-04,23,3,Area-48,2
2024-01-04,23,3,Area-5,3
2024-01-04,23,3,Area-6,2
2024-01-04,23,3,Area-7,2
2024-01-04,23,3,Area-8,1
2024-01-04,23,3,Area-9,1
2024-01-05,0,4,Area-10,1
2024-01-05,0,4,Area-13,6
2024-01-05,0,4,Area-15,2
2024-01-05,0,4,Area-16,4
2024-01-05,0,4,Area-18,2
2024-01-05,0,4,Area-19,1
2024-01-05,0,4,Area-2,1
2024-01-05,0,4,Area-20,3
2024-01-05,0,4,Area-21,1
2024-01-05,0,4,Area-22,1
2024-01-05,0,4,Area-23,1
2024-01-05,0,4,Area-24,2
2024-01-05,0,4,Area-26,1
2024-01-05,0,4,Area-28,1
2024-01-05,0,4,Area-29,1
2024-01-05,0,4,Area-30,2
2024-01-05,0,4,Area-31,2
2024-01-05,0,4,Area-32,1
2024-01-05,0,4,Area-34,2
2024-01-05,0,4,Area-35,1
2024-01-05,0,4,Area-37,1
2024-01-05,0,4,Area-38,1
2024-01-05,0,4,Area-39,1
2024-01-05,0,4,Area-4,1
2024-01-05,0,4,Area-41,2
2024-01-05,0,4,Area-42,1
2024-01-05,0,4,Area-43,1
2024-01-05,0,4,Area-44,2
2024-01-05,0,4,Area-45,2
2024-01-05,0,4,Area-48,3
2024-01-05,0,4,Area-49,1
2024-01-05,0,4,Area-5,2
2024-01-05,0,4,Area-50,1
2024-01-05,0,4,Area-6,1
2024-01-05,0,4,Area-8,1
2024-01-05,0,4,Area-9,1
2024-01-05,1,4,Area-1,2
2024-01-05,1,4,Area-10,5
2024-01-05,1,4,Area-12,3
2024-01-05,1,4,Area-13,1
2024-01-05,1,4,Area-14,3
2024-01-05,1,4,Area-15,2
2024-01-05,1,4,Area-16,1
2024-01-05,1,4,Area-17,1
2024-01-05,1,4,Area-18,4
2024-01-05,1,4,Area-2,1
2024-01-05,1,4,Area-20,3
2024-01-05,1,4,Area-21,3
2024-01-05,1,4,Area-22,1
2024-01-05,1,4,Area-23,2
2024-01-05,1,4,Area-24,2
2024-01-05,1,4,Area-25,1
2024-01-05,1,4,Area-26,1
2024-01-05,1,4,Area-27,2
2024-01-05,1,4,Area-28,2
2024-01-05,1,4,Area-29,1
2024-01-05,1,4,Area-3,1
2024-01-05,1,4,Area-30,1
2024-01-05,1,4,Area-31,2
2024-01-05,1,4,Area-32,2
2024-01-05,1,4,Area-33,2
2024-01-05,1,4,Area-34,2
2024-01-05,1,4,Area-35,2
2024-01-05,1,4,Area-37,1
2024-01-05,1,4,Area-39,1
2024-01-05,1,4,Area-4,3
2024-01-05,1,4,Area-40,1
2024-01-05,1,4,Area-41,2
2024-01-05,1,4,Area-42,1
2024-01-05,1,4,Area-43,1
2024-01-05,1,4,Area-45,2
2024-01-05,1,4,Area-46,1
2024-01-05,1,4,Area-47,1
2024-01-05,1,4,Area-48,2
2024-01-05,1,4,Area-49,1
2024-01-05,1,4,Area-5,1
2024-01-05,1,4,Area-6,2
2024-01-05,1,4,Area-7,2
2024-01-05,2,4,Area-1,3
2024-01-05,2,4,Area-10,1
2024-01-05,2,4,Area-11,3
2024-01-05,2,4,Area-12,2
2024-01-05,2,4,Area-13,2
2024-01-05,2,4,Area-14,2
2024-01-05,2,4,Area-15,1
2024-01-05,2,4,Area-17,3
2024-01-05,2,4,Area-18,2
2024-01-05,2,4,Area-2,1
2024-01-05,2,4,Area-21,2
2024-01-05,2,4,Area-22,1
2024-01-05,2,4,Area-25,2
2024-01-05,2,4,Area-26,1
2024-01-05,2,4,Area-28,1
2024-01-05,2,4,Area-29,3
2024-01-05,2,4,Area-3,3
2024-01-05,2,4,Area-31,1
2024-01-05,2,4,Area-32,3
2024-01-05,2,4,Area-33,1
2024-01-05,2,4,Area-35,2
2024-01-05,2,4,Area-36,1
2024-01-05,2,4,Area-37,1
2024-01-05,2,4,Area-38,1
2024-01-05,2,4,Area-39,2
2024-01-05,2,4,Area-4,2
2024-01-05,2,4,Area-40,1
2024-01-05,2,4,Area-42,1
2024-01-05,2,4,Area-43,2
2024-01-05,2,4,Area-44,1
2024-01-05,2,4,Area-45,1
2024-01-05,2,4,Area-46,1
2024-01-05,2,4,Area-47,1
2024-01-05,2,4,Area-48,2
2024-01-05,2,4,Area-49,1
2024-01-05,2,4,Area-50,4
2024-01-05,2,4,Area-6,2
2024-01-05,2,4,Area-7,1
2024-01-05,2,4,Area-8,3
2024-01-05,2,4,Area-9,1
2024-01-05,3,4,Area-1,2
2024-01-05,3,4,Area-13,1
2024-01-05,3,4,Area-14,1
2024-01-05,3,4,Area-16,1
2024-01-05,3,4,Area-18,3
2024-01-05,3,4,Area-19,1
2024-01-05,3,4,Area-2,1
2024-01-05,3,4,Area-20,1
2024-01-05,3,4,Area-21,2
2024-01-05,3,4,Area-22,3
2024-01-05,3,4,Area-23,1
2024-01-05,3,4,Area-26,1
2024-01-05,3,4,Area-27,3
2024-01-05,3,4,Area-3,1
2024-01-05,3,4,Area-31,3
2024-01-05,3,4,Area-32,1
2024-01-05,3,4,Area-34,2
2024-01-05,3,4,Area-36,2
2024-01-05,3,4,Area-37,2
2024-01-05,3,4,Area-38,3
2024-01-05,3,4,Area-39,2
2024-01-05,3,4,Area-4,3
2024-01-05,3,4,Area-40,2
2024-01-05,3,4,Area-41,1
2024-01-05,3,4,Area-42,2
2024-01-05,3,4,Area-44,1
2024-01-05,3,4,Area-45,1
2024-01-05,3,4,Area-46,2
2024-01-05,3,4,Area-47,1
2024-01-05,3,4,Area-48,2
2024-01-05,3,4,Area-49,5
2024-01-05,3,4,Area-50,1
2024-01-05,3,4,Area-6,1
2024-01-05,3,4,Area-7,1
2024-01-05,3,4,Area-8,2
2024-01-05,3,4,Area-9,1
2024-01-05,4,4,Area-1,1
2024-01-05,4,4,Area-10,1
2024-01-05,4,4,Area-11,3
2024-01-05,4,4,Area-12,1
2024-01-05,4,4,Area-13,2
2024-01-05,4,4,Area-14,1
2024-01-05,4,4,Area-15,2
2024-01-05,4,4,Area-16,3
2024-01-05,4,4,Area-17,3
2024-01-05,4,4,Area-18,1
2024-01-05,4,4,Area-19,1
2024-01-05,4,4,Area-2,2
2024-01-05,4,4,Area-20,2
2024-01-05,4,4,Area-21,1
2024-01-05,4,4,Area-22,3
2024-01-05,4,4,Area-23,2
2024-01-05,4,4,Area-24,2
2024-01-05,4,4,Area-25,1
2024-01-05,4,4,Area-26,1
2024-01-05,4,4,Area-27,1
2024-01-05,4,4,Area-28,1
2024-01-05,4,4,Area-29,2
2024-01-05,4,4,Area-3,2
2024-01-05,4,4,Area-31,1
2024-01-05,4,4,Area-32,3
2024-01-05,4,4,Area-33,3
2024-01-05,4,4,Area-34,1
2024-01-05,4,4,Area-35,2
2024-01-05,4,4,Area-36,2
2024-01-05,4,4,Area-37,3
2024-01-05,4,4,Area-39,3
2024-01-05,4,4,Area-4,4
2024-01-05,4,4,Area-40,3
2024-01-05,4,4,Area-41,3
2024-01-05,4,4,Area-43,3
2024-01-05,4,4,Area-47,1
2024-01-05,4,4,Area-49,2
2024-01-05,4,4,Area-5,1
2024-01-05,4,4,Area-50,2
2024-01-05,4,4,Area-6,5
2024-01-05,4,4,Area-7,1
2024-01-05,5,4,Area-1,1
2024-01-05,5,4,Area-10,2
2024-01-05,5,4,Area-11,2
2024-01-05,5,4,Area-12,2
2024-01-05,5,4,Area-13,2
2024-01-05,5,4,Area-14,1
2024-01-05,5,4,Area-15,3
2024-01-05,5,4,Area-16,3
2024-01-05,5,4,Area-17,1
2024-01-05,5,4,Area-18,1
2024-01-05,5,4,Area-19,1
2024-01-05,5,4,Area-20,2
2024-01-05,5,4,Area-21,1
2024-01-05,5,4,Area-22,1
2024-01-05,5,4,Area-23,1
2024-01-05,5,4,Area-24,2
2024-01-05,5,4,Area-25,1
2024-01-05,5,4,Area-26,1
2024-01-05,5,4,Area-27,3
2024-01-05,5,4,Area-28,1
2024-01-05,5,4,Area-29,2
2024-01-05,5,4,Area-3,4
2024-01-05,5,4,Area-30,1
2024-01-05,5,4,Area-31,2
2024-01-05,5,4,Area-32,1
2024-01-05,5,4,Area-34,2
2024-01-05,5,4,Area-36,1
2024-01-05,5,4,Area-38,1
2024-01-05,5,4,Area-40,1
2024-01-05,5,4,Area-41,2
2024-01-05,5,4,Area-42,1
2024-01-05,5,4,Area-43,4
2024-01-05,5,4,Area-44,2
2024-01-05,5,4,Area-45,1
2024-01-05,5,4,Area-46,1
2024-01-05,5,4,Area-47,3
2024-01-05,5,4,Area-48,5
2024-01-05,5,4,Area-49,4
2024-01-05,5,4,Area-5,1
2024-01-05,5,4,Area-50,1
2024-01-05,5,4,Area-7,1
2024-01-05,6,4,Area-1,2
2024-01-05,6,4,Area-10,1
2024-01-05,6,4,Area-11,1
2024-01-05,6,4,Area-12,1
2024-01-05,6,4,Area-13,1
2024-01-05,6,4,Area-15,4
2024-01-05,6,4,Area-16,2
2024-01-05,6,4,Area-17,3
2024-01-05,6,4,Area-18,2
2024-01-05,6,4,Area-19,3
2024-01-05,6,4,Area-20,2
2024-01-05,6,4,Area-21,1
2024-01-05,6,4,Area-22,1
2024-01-05,6,4,Area-23,3
2024-01-05,6,4,Area-26,3
2024-01-05,6,4,Area-27,2
2024-01-05,6,4,Area-28,1
2024-01-05,6,4,Area-29,2
2024-01-05,6,4,Area-3,1
2024-01-05,6,4,Area-30,4
2024-01-05,6,4,Area-31,2
2024-01-05,6,4,Area-32,1
2024-01-05,6,4,Area-33,2
2024-01-05,6,4,Area-34,1
2024-01-05,6,4,Area-35,1
2024-01-05,6,4,Area-37,2
2024-01-05,6,4,Area-38,1
2024-01-05,6,4,Area-39,2
2024-01-05,6,4,Area-4,2
2024-01-05,6,4,Area-41,1
2024-01-05,6,4,Area-42,2
2024-01-05,6,4,Area-43,2
2024-01-05,6,4,Area-44,2
2024-01-05,6,4,Area-45,1
2024-01-05,6,4,Area-46,1
2024-01-05,6,4,Area-48,1
2024-01-05,6,4,Area-49,1
2024-01-05,6,4,Area-5,2
2024-01-05,6,4,Area-50,1
2024-01-05,6,4,Area-7,1
2024-01-05,6,4,Area-8,1
2024-01-05,6,4,Area-9,1
2024-01-05,7,4,Area-1,1
2024-01-05,7,4,Area-10,1
2024-01-05,7,4,Area-11,2
2024-01-05,7,4,Area-12,2
2024-01-05,7,4,Area-15,3
2024-01-05,7,4,Area-16,4
2024-01-05,7,4,Area-17,1
2024-01-05,7,4,Area-18,1
2024-01-05,7,4,Area-19,2
2024-01-05,7,4,Area-2,1
2024-01-05,7,4,Area-23,3
2024-01-05,7,4,Area-24,5
2024-01-05,7,4,Area-25,4
2024-01-05,7,4,Area-26,2
2024-01-05,7,4,Area-27,2
2024-01-05,7,4,Area-28,3
2024-01-05,7,4,Area-3,2
2024-01-05,7,4,Area-30,1
2024-01-05,7,4,Area-31,2
2024-01-05,7,4,Area-32,2
2024-01-05,7,4,Area-33,1
2024-01-05,7,4,Area-34,1
2024-01-05,7,4,Area-35,2
2024-01-05,7,4,Area-37,1
2024-01-05,7,4,Area-39,5
2024-01-05,7,4,Area-4,1
2024-01-05,7,4,Area-40,3
2024-01-05,7,4,Area-41,2
2024-01-05,7,4,Area-42,2
2024-01-05,7,4,Area-45,3
2024-01-05,7,4,Area-46,2
2024-01-05,7,4,Area-47,1
2024-01-05,7,4,Area-48,2
2024-01-05,7,4,Area-49,1
2024-01-05,7,4,Area-5,2
2024-01-05,7,4,Area-7,3
2024-01-05,7,4,Area-9,1
2024-01-05,8,4,Area-10,1
2024-01-05,8,4,Area-11,4
2024-01-05,8,4,Area-12,3
2024-01-05,8,4,Area-14,1
2024-01-05,8,4,Area-15,1
2024-01-05,8,4,Area-17,4
2024-01-05,8,4,Area-19,1
2024-01-05,8,4,Area-2,2
2024-01-05,8,4,Area-21,2
2024-01-05,8,4,Area-22,1
2024-01-05,8,4,Area-23,3
2024-01-05,8,4,Area-24,2
2024-01-05,8,4,Area-25,2
2024-01-05,8,4,Area-26,1
2024-01-05,8,4,Area-28,2
2024-01-05,8,4,Area-29,3
2024-01-05,8,4,Area-3,2
2024-01-05,8,4,Area-30,2
2024-01-05,8,4,Area-31,1
2024-01-05,8,4,Area-33,2
2024-01-05,8,4,Area-36,1
2024-01-05,8,4,Area-37,1
2024-01-05,8,4,Area-38,4
2024-01-05,8,4,Area-39,2
2024-01-05,8,4,Area-4,1
2024-01-05,8,4,Area-40,3
2024-01-05,8,4,Area-42,2
2024-01-05,8,4,Area-43,2
2024-01-05,8,4,Area-44,1
2024-01-05,8,4,Area-45,2
2024-01-05,8,4,Area-46,1
2024-01-05,8,4,Area-47,3
2024-01-05,8,4,Area-48,1
2024-01-05,8,4,Area-49,3
2024-01-05,8,4,Area-5,3
2024-01-05,8,4,Area-6,1
2024-01-05,8,4,Area-7,2
2024-01-05,8,4,Area-8,3
2024-01-05,8,4,Area-9,1
2024-01-05,9,4,Area-1,1
2024-01-05,9,4,Area-10,3
2024-01-05,9,4,Area-12,4
2024-01-05,9,4,Area-13,1
2024-01-05,9,4,Area-15,3
2024-01-05,9,4,Area-16,1
2024-01-05,9,4,Area-17,1
2024-01-05,9,4,Area-18,1
2024-01-05,9,4,Area-2,2
2024-01-05,9,4,Area-20,3
2024-01-05,9,4,Area-21,1
2024-01-05,9,4,Area-22,1
2024-01-05,9,4,Area-23,4
2024-01-05,9,4,Area-24,5
2024-01-05,9,4,Area-25,1
2024-01-05,9,4,Area-27,2
2024-01-05,9,4,Area-28,4
2024-01-05,9,4,Area-3,1
2024-01-05,9,4,Area-31,2
2024-01-05,9,4,Area-33,1
2024-01-05,9,4,Area-34,4
2024-01-05,9,4,Area-35,2
2024-01-05,9,4,Area-36,4
2024-01-05,9,4,Area-37,3
2024-01-05,9,4,Area-4,1
2024-01-05,9,4,Area-40,1
2024-01-05,9,4,Area-41,2
2024-01-05,9,4,Area-42,2
2024-01-05,9,4,Area-43,3
2024-01-05,9,4,Area-44,1
2024-01-05,9,4,Area-46,3
2024-01-05,9,4,Area-47,3
2024-01-05,9,4,Area-48,1
2024-01-05,9,4,Area-49,1
2024-01-05,9,4,Area-5,1
2024-01-05,9,4,Area-50,2
2024-01-05,9,4,Area-8,1
2024-01-05,10,4,Area-10,2
2024-01-05,10,4,Area-12,1
2024-01-05,10,4,Area-13,2
2024-01-05,10,4,Area-16,3
2024-01-05,10,4,Area-17,2
2024-01-05,10,4,Area-18,2
2024-01-05,10,4,Area-19,1
2024-01-05,10,4,Area-20,2
2024-01-05,10,4,Area-21,1
2024-01-05,10,4,Area-22,4
2024-01-05,10,4,Area-23,1
2024-01-05,10,4,Area-24,1
2024-01-05,10,4,Area-25,1
2024-01-05,10,4,Area-29,1
2024-01-05,10,4,Area-3,2
2024-01-05,10,4,Area-30,1
2024-01-05,10,4,Area-31,3
2024-01-05,10,4,Area-32,2
2024-01-05,10,4,Area-33,1
2024-01-05,10,4,Area-34,3
2024-01-05,10,4,Area-36,1
2024-01-05,10,4,Area-37,1
2024-01-05,10,4,Area-38,1
2024-01-05,10,4,Area-39,1
2024-01-05,10,4,Area-4,3
2024-01-05,10,4,Area-40,3
2024-01-05,10,4,Area-41,2
2024-01-05,10,4,Area-42,3
2024-01-05,10,4,Area-43,1
2024-01-05,10,4,Area-44,2
2024-01-05,10,4,Area-45,2
2024-01-05,10,4,Area-46,1
2024-01-05,10,4,Area-47,3
2024-01-05,10,4,Area-48,2
2024-01-05,10,4,Area-5,1
2024-01-05,10,4,Area-50,3
2024-01-05,10,4,Area-9,1
2024-01-05,11,4,Area-1,1
2024-01-05,11,4,Area-10,2
2024-01-05,11,4,Area-12,1
2024-01-05,11,4,Area-13,1
2024-01-05,11,4,Area-14,3
2024-01-05,11,4,Area-15,2
2024-01-05,11,4,Area-16,2
2024-01-05,11,4,Area-17,1
2024-01-05,11,4,Area-18,1
2024-01-05,11,4,Area-2,1
2024-01-05,11,4,Area-20,1
2024-01-05,11,4,Area-21,3
2024-01-05,11,4,Area-23,2
2024-01-05,11,4,Area-24,1
2024-01-05,11,4,Area-26,1
2024-01-05,11,4,Area-28,3
2024-01-05,11,4,Area-29,3
2024-01-05,11,4,Area-30,1
2024-01-05,11,4,Area-32,1
2024-01-05,11,4,Area-33,1
2024-01-05,11,4,Area-34,1
2024-01-05,11,4,Area-35,1
2024-01-05,11,4,Area-38,1
2024-01-05,11,4,Area-39,1
2024-01-05,11,4,Area-4,2
2024-01-05,11,4,Area-40,2
2024-01-05,11,4,Area-41,1
2024-01-05,11,4,Area-43,1
2024-01-05,11,4,Area-44,2
2024-01-05,11,4,Area-45,2
2024-01-05,11,4,Area-46,2
2024-01-05,11,4,Area-47,2
2024-01-05,11,4,Area-48,2
2024-01-05,11,4,Area-50,2
2024-01-05,11,4,Area-6,3
2024-01-05,11,4,Area-7,1
2024-01-05,11,4,Area-9,1
2024-01-05,12,4,Area-10,1
2024-01-05,12,4,Area-11,2
2024-01-05,12,4,Area-12,2
2024-01-05,12,4,Area-13,1
2024-01-05,12,4,Area-15,2
2024-01-05,12,4,Area-16,2
2024-01-05,12,4,Area-17,1
2024-01-05,12,4,Area-18,1
2024-01-05,12,4,Area-19,2
2024-01-05,12,4,Area-2,2
2024-01-05,12,4,Area-20,3
2024-01-05,12,4,Area-21,1
2024-01-05,12,4,Area-22,1
2024-01-05,12,4,Area-23,4
2024-01-05,12,4,Area-26,2
2024-01-05,12,4,Area-27,4
2024-01-05,12,4,Area-28,1
2024-01-05,12,4,Area-3,3
2024-01-05,12,4,Area-30,2
2024-01-05,12,4,Area-31,3
2024-01-05,12,4,Area-33,4
2024-01-05,12,4,Area-34,1
2024-01-05,12,4,Area-35,1
2024-01-05,12,4,Area-36,1
2024-01-05,12,4,Area-37,1
2024-01-05,12,4,Area-38,1
2024-01-05,12,4,Area-39,1
2024-01-05,12,4,Area-4,3
2024-01-05,12,4,Area-40,4
2024-01-05,12,4,Area-41,2
2024-01-05,12,4,Area-42,2
2024-01-05,12,4,Area-43,2
2024-01-05,12,4,Area-44,3
2024-01-05,12,4,Area-45,1
2024-01-05,12,4,Area-46,2
2024-01-05,12,4,Area-47,1
2024-01-05,12,4,Area-49,1
2024-01-05,12,4,Area-5,2
2024-01-05,12,4,Area-50,4
2024-01-05,12,4,Area-6,2
2024-01-05,12,4,Area-8,1
2024-01-05,12,4,Area-9,1
2024-01-05,13,4,Area-1,1
2024-01-05,13,4,Area-11,3
2024-01-05,13,4,Area-12,2
2024-01-05,13,4,Area-13,3
2024-01-05,13,4,Area-14,3
2024-01-05,13,4,Area-15,1
2024-01-05,13,4,Area-16,1
2024-01-05,13,4,Area-18,1
2024-01-05,13,4,Area-19,1
2024-01-05,13,4,Area-2,1
2024-01-05,13,4,Area-20,2
2024-01-05,13,4,Area-21,4
2024-01-05,13,4,Area-22,1
2024-01-05,13,4,Area-23,2
2024-01-05,13,4,Area-24,1
2024-01-05,13,4,Area-25,5
2024-01-05,13,4,Area-27,2
2024-01-05,13,4,Area-28,1
2024-01-05,13,4,Area-29,3
2024-01-05,13,4,Area-3,1
2024-01-05,13,4,Area-31,1
2024-01-05,13,4,Area-35,1
2024-01-05,13,4,Area-36,1
2024-01-05,13,4,Area-37,1
2024-01-05,13,4,Area-38,1
2024-01-05,13,4,Area-39,1
2024-01-05,13,4,Area-4,4
2024-01-05,13,4,Area-40,2
2024-01-05,13,4,Area-42,3
2024-01-05,13,4,Area-43,5
2024-01-05,13,4,Area-44,3
2024-01-05,13,4,Area-45,3
2024-01-05,13,4,Area-46,2
2024-01-05,13,4,Area-47,2
2024-01-05,13,4,Area-48,2
2024-01-05,13,4,Area-49,2
2024-01-05,13,4,Area-5,3
2024-01-05,13,4,Area-50,2
2024-01-05,13,4,Area-6,2
2024-01-05,13,4,Area-7,2
2024-01-05,13,4,Area-8,1
2024-01-05,13,4,Area-9,1
2024-01-05,14,4,Area-1,3
2024-01-05,14,4,Area-10,1
2024-01-05,14,4,Area-11,1
2024-01-05,14,4,Area-12,1
2024-01-05,14,4,Area-13,1
2024-01-05,14,4,Area-14,3
2024-01-05,14,4,Area-15,1
2024-01-05,14,4,Area-16,2
2024-01-05,14,4,Area-17,3
2024-01-05,14,4,Area-18,1
2024-01-05,14,4,Area-19,1
2024-01-05,14,4,Area-20,1
2024-01-05,14,4,Area-21,2
2024-01-05,14,4,Area-22,1
2024-01-05,14,4,Area-24,1
2024-01-05,14,4,Area-25,1
2024-01-05,14,4,Area-26,1
2024-01-05,14,4,Area-27,1
2024-01-05,14,4,Area-28,2
2024-01-05,14,4,Area-29,3
2024-01-05,14,4,Area-3,1
2024-01-05,14,4,Area-31,1
2024-01-05,14,4,Area-32,1
2024-01-05,14,4,Area-33,2
2024-01-05,14,4,Area-34,3
2024-01-05,14,4,Area-35,2
2024-01-05,14,4,Area-36,1
2024-01-05,14,4,Area-38,1
2024-01-05,14,4,Area-39,3
2024-01-05,14,4,Area-4,2
2024-01-05,14,4,Area-41,1
2024-01-05,14,4,Area-42,1
2024-01-05,14,4,Area-46,3
2024-01-05,14,4,Area-47,1
2024-01-05,14,4,Area-48,1
2024-01-05,14,4,Area-49,3
2024-01-05,14,4,Area-50,2
2024-01-05,14,4,Area-6,2
2024-01-05,14,4,Area-8,1
2024-01-05,15,4,Area-1,1
2024-01-05,15,4,Area-10,2
2024-01-05,15,4,Area-11,2
2024-01-05,15,4,Area-12,2
2024-01-05,15,4,Area-14,1
2024-01-05,15,4,Area-18,3
2024-01-05,15,4,Area-19,2
2024-01-05,15,4,Area-2,2
2024-01-05,15,4,Area-20,3
2024-01-05,15,4,Area-21,1
2024-01-05,15,4,Area-22,5
2024-01-05,15,4,Area-23,2
2024-01-05,15,4,Area-24,1
2024-01-05,15,4,Area-26,4
2024-01-05,15,4,Area-27,2
2024-01-05,15,4,Area-28,4
2024-01-05,15,4,Area-29,1
2024-01-05,15,4,Area-3,1
2024-01-05,15,4,Area-30,1
2024-01-05,15,4,Area-31,1
2024-01-05,15,4,Area-32,2
2024-01-05,15,4,Area-33,1
2024-01-05,15,4,Area-34,3
2024-01-05,15,4,Area-35,2
2024-01-05,15,4,Area-36,1
2024-01-05,15,4,Area-37,2
2024-01-05,15,4,Area-38,1
2024-01-05,15,4,Area-39,1
2024-01-05,15,4,Area-4,2
2024-01-05,15,4,Area-40,2
2024-01-05,15,4,Area-42,3
2024-01-05,15,4,Area-44,1
2024-01-05,15,4,Area-45,1
2024-01-05,15,4,Area-46,1
2024-01-05,15,4,Area-47,1
2024-01-05,15,4,Area-5,1
2024-01-05,15,4,Area-50,2
2024-01-05,15,4,Area-6,2
2024-01-05,15,4,Area-7,2
2024-01-05,15,4,Area-8,1
2024-01-05,15,4,Area-9,3
2024-01-05,16,4,Area-10,3
2024-01-05,16,4,Area-11,4
2024-01-05,16,4,Area-12,1
2024-01-05,16,4,Area-13,3
2024-01-05,16,4,Area-14,1
2024-01-05,16,4,Area-15,3
2024-01-05,16,4,Area-17,1
2024-01-05,16,4,Area-18,1
2024-01-05,16,4,Area-2,1
2024-01-05,16,4,Area-20,3
2024-01-05,16,4,Area-21,3
2024-01-05,16,4,Area-23,3
2024-01-05,16,4,Area-24,1
2024-01-05,16,4,Area-25,1
2024-01-05,16,4,Area-26,1
2024-01-05,16,4,Area-27,2
2024-01-05,16,4,Area-28,2
2024-01-05,16,4,Area-29,2
2024-01-05,16,4,Area-3,1
2024-01-05,16,4,Area-30,2
2024-01-05,16,4,Area-31,1
2024-01-05,16,4,Area-33,1
2024-01-05,16,4,Area-34,2
2024-01-05,16,4,Area-35,1
2024-01-05,16,4,Area-37,1
2024-01-05,16,4,Area-38,2
2024-01-05,16,4,Area-4,4
2024-01-05,16,4,Area-41,1
2024-01-05,16,4,Area-43,4
2024-01-05,16,4,Area-44,3
2024-01-05,16,4,Area-45,1
2024-01-05,16,4,Area-46,3
2024-01-05,16,4,Area-47,1
2024-01-05,16,4,Area-48,4
2024-01-05,16,4,Area-49,1
2024-01-05,16,4,Area-5,1
2024-01-05,16,4,Area-6,2
2024-01-05,16,4,Area-8,2
2024-01-05,17,4,Area-1,2
2024-01-05,17,4,Area-10,1
2024-01-05,17,4,Area-13,2
2024-01-05,17,4,Area-15,2
2024-01-05,17,4,Area-16,1
2024-01-05,17,4,Area-17,1
2024-01-05,17,4,Area-19,1
2024-01-05,17,4,Area-2,2
2024-01-05,17,4,Area-21,1
2024-01-05,17,4,Area-22,5
2024-01-05,17,4,Area-23,4
2024-01-05,17,4,Area-24,1
2024-01-05,17,4,Area-25,1
2024-01-05,17,4,Area-26,2
2024-01-05,17,4,Area-27,1
2024-01-05,17,4,Area-28,2
2024-01-05,17,4,Area-3,2
2024-01-05,17,4,Area-30,1
2024-01-05,17,4,Area-31,1
2024-01-05,17,4,Area-32,2
2024-01-05,17,4,Area-33,4
2024-01-05,17,4,Area-34,1
2024-01-05,17,4,Area-37,3
2024-01-05,17,4,Area-38,2
2024-01-05,17,4,Area-39,1
2024-01-05,17,4,Area-40,3
2024-01-05,17,4,Area-41,1
2024-01-05,17,4,Area-42,1
2024-01-05,17,4,Area-43,1
2024-01-05,17,4,Area-44,1
2024-01-05,17,4,Area-45,1
2024-01-05,17,4,Area-47,2
2024-01-05,17,4,Area-48,1
2024-01-05,17,4,Area-49,3
2024-01-05,17,4,Area-5,3
2024-01-05,17,4,Area-50,2
2024-01-05,17,4,Area-9,4
2024-01-05,18,4,Area-1,1
2024-01-05,18,4,Area-12,1
2024-01-05,18,4,Area-14,1
2024-01-05,18,4,Area-15,1
2024-01-05,18,4,Area-16,5
2024-01-05,18,4,Area-17,3
2024-01-05,18,4,Area-19,1
2024-01-05,18,4,Area-2,2
2024-01-05,18,4,Area-21,1
2024-01-05,18,4,Area-22,2
2024-01-05,18,4,Area-23,4
2024-01-05,18,4,Area-24,4
2024-01-05,18,4,Area-26,2
2024-01-05,18,4,Area-28,2
2024-01-05,18,4,Area-29,4
2024-01-05,18,4,Area-3,4
2024-01-05,18,4,Area-32,2
2024-01-05,18,4,Area-33,3
2024-01-05,18,4,Area-34,1
2024-01-05,18,4,Area-37,2
2024-01-05,18,4,Area-38,2
2024-01-05,18,4,Area-39,1
2024-01-05,18,4,Area-40,3
2024-01-05,18,4,Area-41,4
2024-01-05,18,4,Area-43,1
2024-01-05,18,4,Area-47,1
2024-01-05,18,4,Area-48,2
2024-01-05,18,4,Area-49,1
2024-01-05,18,4,Area-5,1
2024-01-05,18,4,Area-50,2
2024-01-05,18,4,Area-6,1
2024-01-05,18,4,Area-7,2
2024-01-05,18,4,Area-8,1
2024-01-05,18,4,Area-9,2
2024-01-05,19,4,Area-10,1
2024-01-05,19,4,Area-11,1
2024-01-05,19,4,Area-12,1
2024-01-05,19,4,Area-15,1
2024-01-05,19,4,Area-16,1
2024-01-05,19,4,Area-17,1
2024-01-05,19,4,Area-19,1
2024-01-05,19,4,Area-2,2
2024-01-05,19,4,Area-22,1
2024-01-05,19,4,Area-24,2
2024-01-05,19,4,Area-25,1
2024-01-05,19,4,Area-27,1
2024-01-05,19,4,Area-28,2
2024-01-05,19,4,Area-29,2
2024-01-05,19,4,Area-31,1
2024-01-05,19,4,Area-32,1
2024-01-05,19,4,Area-34,2
2024-01-05,19,4,Area-35,1
2024-01-05,19,4,Area-36,2
2024-01-05,19,4,Area-37,3
2024-01-05,19,4,Area-38,3
2024-01-05,19,4,Area-39,2
2024-01-05,19,4,Area-4,2
2024-01-05,19,4,Area-40,1
2024-01-05,19,4,Area-41,1
2024-01-05,19,4,Area-42,1
2024-01-05,19,4,Area-43,3
2024-01-05,19,4,Area-44,1
2024-01-05,19,4,Area-45,1
2024-01-05,19,4,Area-49,1
2024-01-05,19,4,Area-5,1
2024-01-05,19,4,Area-6,1
2024-01-05,19,4,Area-7,1
2024-01-05,19,4,Area-8,2
2024-01-05,19,4,Area-9,1
2024-01-05,20,4,Area-1,4
2024-01-05,20,4,Area-10,2
2024-01-05,20,4,Area-11,4
2024-01-05,20,4,Area-12,2
2024-01-05,20,4,Area-15,3
2024-01-05,20,4,Area-16,2
2024-01-05,20,4,Area-18,1
2024-01-05,20,4,Area-19,2
2024-01-05,20,4,Area-20,1
2024-01-05,20,4,Area-22,2
2024-01-05,20,4,Area-23,1
2024-01-05,20,4,Area-25,2
2024-01-05,20,4,Area-26,3
2024-01-05,20,4,Area-27,1
2024-01-05,20,4,Area-29,1
2024-01-05,20,4,Area-31,2
2024-01-05,20,4,Area-34,1
2024-01-05,20,4,Area-35,1
2024-01-05,20,4,Area-36,1
2024-01-05,20,4,Area-37,2
2024-01-05,20,4,Area-38,1
2024-01-05,20,4,Area-39,1
2024-01-05,20,4,Area-4,2
2024-01-05,20,4,Area-40,3
2024-01-05,20,4,Area-41,1
2024-01-05,20,4,Area-42,2
2024-01-05,20,4,Area-43,3
2024-01-05,20,4,Area-44,1
2024-01-05,20,4,Area-46,1
2024-01-05,20,4,Area-48,2
2024-01-05,20,4,Area-49,3
2024-01-05,20,4,Area-6,2
2024-01-05,20,4,Area-7,1
2024-01-05,20,4,Area-8,3
2024-01-05,20,4,Area-9,1
2024-01-05,21,4,Area-1,1
2024-01-05,21,4,Area-11,2
2024-01-05,21,4,Area-12,1
2024-01-05,21,4,Area-17,3
2024-01-05,21,4,Area-18,1
2024-01-05,21,4,Area-19,1
2024-01-05,21,4,Area-2,2
2024-01-05,21,4,Area-20,4
2024-01-05,21,4,Area-21,2
2024-01-05,21,4,Area-22,2
2024-01-05,21,4,Area-23,2
2024-01-05,21,4,Area-24,3
2024-01-05,21,4,Area-25,1
2024-01-05,21,4,Area-27,1
2024-01-05,21,4,Area-28,1
2024-01-05,21,4,Area-29,3
2024-01-05,21,4,Area-3,1
2024-01-05,21,4,Area-30,1
2024-01-05,21,4,Area-31,2
2024-01-05,21,4,Area-34,2
2024-01-05,21,4,Area-35,1
2024-01-05,21,4,Area-36,3
2024-01-05,21,4,Area-37,1
2024-01-05,21,4,Area-39,2
2024-01-05,21,4,Area-41,1
2024-01-05,21,4,Area-42,2
2024-01-05,21,4,Area-43,1
2024-01-05,21,4,Area-45,1
2024-01-05,21,4,Area-46,2
2024-01-05,21,4,Area-47,1
2024-01-05,21,4,Area-48,2
2024-01-05,21,4,Area-49,1
2024-01-05,21,4,Area-5,2
2024-01-05,21,4,Area-50,1
2024-01-05,21,4,Area-6,2
2024-01-05,21,4,Area-8,1
2024-01-05,21,4,Area-9,4
2024-01-05,22,4,Area-1,1
2024-01-05,22,4,Area-10,1
2024-01-05,22,4,Area-11,2
2024-01-05,22,4,Area-13,1
2024-01-05,22,4,Area-14,1
2024-01-05,22,4,Area-15,5
2024-01-05,22,4,Area-16,3
2024-01-05,22,4,Area-17,2
2024-01-05,22,4,Area-19,2
2024-01-05,22,4,Area-2,1
2024-01-05,22,4,Area-21,2
2024-01-05,22,4,Area-22,2
2024-01-05,22,4,Area-23,1
2024-01-05,22,4,Area-24,4
2024-01-05,22,4,Area-25,1
2024-01-05,22,4,Area-26,2
2024-01-05,22,4,Area-27,1
2024-01-05,22,4,Area-28,1
2024-01-05,22,4,Area-29,1
2024-01-05,22,4,Area-30,1
2024-01-05,22,4,Area-32,2
2024-01-05,22,4,Area-34,2
2024-01-05,22,4,Area-36,2
2024-01-05,22,4,Area-37,3
2024-01-05,22,4,Area-40,1
2024-01-05,22,4,Area-41,1
2024-01-05,22,4,Area-42,1
2024-01-05,22,4,Area-43,3
2024-01-05,22,4,Area-44,3
2024-01-05,22,4,Area-45,2
2024-01-05,22,4,Area-48,1
2024-01-05,22,4,Area-49,2
2024-01-05,22,4,Area-50,3
2024-01-05,22,4,Area-6,1
2024-01-05,22,4,Area-8,1
2024-01-05,23,4,Area-1,1
2024-01-05,23,4,Area-10,2
2024-01-05,23,4,Area-11,1
2024-01-05,23,4,Area-12,2
2024-01-05,23,4,Area-15,1
2024-01-05,23,4,Area-16,1
2024-01-05,23,4,Area-2,2
2024-01-05,23,4,Area-20,2
2024-01-05,23,4,Area-21,1
2024-01-05,23,4,Area-22,4
2024-01-05,23,4,Area-23,1
2024-01-05,23,4,Area-24,2
2024-01-05,23,4,Area-25,2
2024-01-05,23,4,Area-26,1
2024-01-05,23,4,Area-27,1
2024-01-05,23,4,Area-28,2
2024-01-05,23,4,Area-29,2
2024-01-05,23,4,Area-3,3
2024-01-05,23,4,Area-30,2
2024-01-05,23,4,Area-33,1
2024-01-05,23,4,Area-34,2
2024-01-05,23,4,Area-35,2
2024-01-05,23,4,Area-36,1
2024-01-05,23,4,Area-37,3
2024-01-05,23,4,Area-39,3
2024-01-05,23,4,Area-4,2
2024-01-05,23,4,Area-40,1
2024-01-05,23,4,Area-41,2
2024-01-05,23,4,Area-42,1
2024-01-05,23,4,Area-45,3
2024-01-05,23,4,Area-47,1
2024-01-05,23,4,Area-48,1
2024-01-05,23,4,Area-49,1
2024-01-05,23,4,Area-5,4
2024-01-05,23,4,Area-50,1
2024-01-05,23,4,Area-6,1
2024-01-05,23,4,Area-7,4
2024-01-05,23,4,Area-8,1
2024-01-05,23,4,Area-9,3
2024-01-06,0,5,Area-10,2
2024-01-06,0,5,Area-11,3
2024-01-06,0,5,Area-12,1
2024-01-06,0,5,Area-13,1
2024-01-06,0,5,Area-15,3
2024-01-06,0,5,Area-16,1
2024-01-06,0,5,Area-17,2
2024-01-06,0,5,Area-18,2
2024-01-06,0,5,Area-19,1
2024-01-06,0,5,Area-22,4
2024-01-06,0,5,Area-23,4
2024-01-06,0,5,Area-25,1
2024-01-06,0,5,Area-27,3
2024-01-06,0,5,Area-28,1
2024-01-06,0,5,Area-29,1
2024-01-06,0,5,Area-3,2
2024-01-06,0,5,Area-30,1
2024-01-06,0,5,Area-31,3
2024-01-06,0,5,Area-32,2
2024-01-06,0,5,Area-34,2
2024-01-06,0,5,Area-35,1
2024-01-06,0,5,Area-36,3
2024-01-06,0,5,Area-37,1
2024-01-06,0,5,Area-38,1
2024-01-06,0,5,Area-39,2
2024-01-06,0,5,Area-4,1
2024-01-06,0,5,Area-40,3
2024-01-06,0,5,Area-42,1
2024-01-06,0,5,Area-43,1
2024-01-06,0,5,Area-44,1
2024-01-06,0,5,Area-45,1
2024-01-06,0,5,Area-46,3
2024-01-06,0,5,Area-48,2
2024-01-06,0,5,Area-49,3
2024-01-06,0,5,Area-5,1
2024-01-06,0,5,Area-50,1
2024-01-06,0,5,Area-6,2
2024-01-06,0,5,Area-8,1
2024-01-06,1,5,Area-1,1
2024-01-06,1,5,Area-10,1
2024-01-06,1,5,Area-12,2
2024-01-06,1,5,Area-13,1
2024-01-06,1,5,Area-15,2
2024-01-06,1,5,Area-16,1
2024-01-06,1,5,Area-17,1
2024-01-06,1,5,Area-18,2
2024-01-06,1,5,Area-20,1
2024-01-06,1,5,Area-21,4
2024-01-06,1,5,Area-22,2
2024-01-06,1,5,Area-24,2
2024-01-06,1,5,Area-25,1
2024-01-06,1,5,Area-26,2
2024-01-06,1,5,Area-27,2
2024-01-06,1,5,Area-28,2
2024-01-06,1,5,Area-3,3
2024-01-06,1,5,Area-32,1
2024-01-06,1,5,Area-33,1
2024-01-06,1,5,Area-34,1
2024-01-06,1,5,Area-35,2
2024-01-06,1,5,Area-36,1
2024-01-06,1,5,Area-38,1
2024-01-06,1,5,Area-4,2
2024-01-06,1,5,Area-40,1
2024-01-06,1,5,Area-41,1
2024-01-06,1,5,Area-42,2
2024-01-06,1,5,Area-43,3
2024-01-06,1,5,Area-45,1
2024-01-06,1,5,Area-46,5
2024-01-06,1,5,Area-47,1
2024-01-06,1,5,Area-48,2
2024-01-06,1,5,Area-49,2
2024-01-06,1,5,Area-5,2
2024-01-06,1,5,Area-50,4
2024-01-06,1,5,Area-7,1
2024-01-06,1,5,Area-8,3
2024-01-06,1,5,Area-9,1
2024-01-06,2,5,Area-1,2
2024-01-06,2,5,Area-10,1
2024-01-06,2,5,Area-11,1
2024-01-06,2,5,Area-12,2
2024-01-06,2,5,Area-14,1
2024-01-06,2,5,Area-15,3
2024-01-06,2,5,Area-16,2
2024-01-06,2,5,Area-17,1
2024-01-06,2,5,Area-18,2
2024-01-06,2,5,Area-2,2
2024-01-06,2,5,Area-20,1
2024-01-06,2,5,Area-21,3
2024-01-06,2,5,Area-22,5
2024-01-06,2,5,Area-23,1
2024-01-06,2,5,Area-24,1
2024-01-06,2,5,Area-25,3
2024-01-06,2,5,Area-26,3
2024-01-06,2,5,Area-27,3
2024-01-06,2,5,Area-28,1
2024-01-06,2,5,Area-3,1
2024-01-06,2,5,Area-31,1
2024-01-06,2,5,Area-32,2
2024-01-06,2,5,Area-33,5
2024-01-06,2,5,Area-35,2
2024-01-06,2,5,Area-38,2
2024-01-06,2,5,Area-39,1
2024-01-06,2,5,Area-4,2
2024-01-06,2,5,Area-40,2
2024-01-06,2,5,Area-41,1
2024-01-06,2,5,Area-42,3
2024-01-06,2,5,Area-44,2
2024-01-06,2,5,Area-45,3
2024-01-06,2,5,Area-46,2
2024-01-06,2,5,Area-47,2
2024-01-06,2,5,Area-48,1
2024-01-06,2,5,Area-49,3
2024-01-06,2,5,Area-5,2
2024-01-06,2,5,Area-50,2
2024-01-06,2,5,Area-7,1
2024-01-06,2,5,Area-9,1
2024-01-06,3,5,Area-10,2
2024-01-06,3,5,Area-11,2
2024-01-06,3,5,Area-12,1
2024-01-06,3,5,Area-13,2
2024-01-06,3,5,Area-15,2
2024-01-06,3,5,Area-16,4
2024-01-06,3,5,Area-17,3
2024-01-06,3,5,Area-19,2
2024-01-06,3,5,Area-2,1
2024-01-06,3,5,Area-20,2
2024-01-06,3,5,Area-21,2
2024-01-06,3,5,Area-22,2
2024-01-06,3,5,Area-23,3
2024-01-06,3,5,Area-25,3
2024-01-06,3,5,Area-26,2
2024-01-06,3,5,Area-27,2
2024-01-06,3,5,Area-29,4
2024-01-06,3,5,Area-30,2
2024-01-06,3,5,Area-35,3
2024-01-06,3,5,Area-37,2
2024-01-06,3,5,Area-38,2
2024-01-06,3,5,Area-39,3
2024-01-06,3,5,Area-40,1
2024-01-06,3,5,Area-42,2
2024-01-06,3,5,Area-43,2
2024-01-06,3,5,Area-44,1
2024-01-06,3,5,Area-45,3
2024-01-06,3,5,Area-47,2
2024-01-06,3,5,Area-48,1
2024-01-06,3,5,Area-49,1
2024-01-06,3,5,Area-5,3
2024-01-06,3,5,Area-50,2
2024-01-06,3,5,Area-6,5
2024-01-06,3,5,Area-7,2
2024-01-06,3,5,Area-8,5
2024-01-06,3,5,Area-9,2
2024-01-06,4,5,Area-1,4
2024-01-06,4,5,Area-10,1
2024-01-06,4,5,Area-12,1
2024-01-06,4,5,Area-13,3
2024-01-06,4,5,Area-14,3
2024-01-06,4,5,Area-15,4
2024-01-06,4,5,Area-16,1
2024-01-06,4,5,Area-17,1
2024-01-06,4,5,Area-18,2
2024-01-06,4,5,Area-2,4
2024-01-06,4,5,Area-20,2
2024-01-06,4,5,Area-21,1
2024-01-06,4,5,Area-22,2
2024-01-06,4,5,Area-23,3
2024-01-06,4,5,Area-25,1
2024-01-06,4,5,Area-26,1
2024-01-06,4,5,Area-27,1
2024-01-06,4,5,Area-28,2
2024-01-06,4,5,Area-29,2
2024-01-06,4,5,Area-3,3
2024-01-06,4,5,Area-31,2
2024-01-06,4,5,Area-33,1
2024-01-06,4,5,Area-34,2
2024-01-06,4,5,Area-35,1
2024-01-06,4,5,Area-36,3
2024-01-06,4,5,Area-37,1
2024-01-06,4,5,Area-38,3
2024-01-06,4,5,Area-39,1
2024-01-06,4,5,Area-4,4
2024-01-06,4,5,Area-41,2
2024-01-06,4,5,Area-42,1
2024-01-06,4,5,Area-43,2
2024-01-06,4,5,Area-44,1
2024-01-06,4,5,Area-45,1
2024-01-06,4,5,Area-46,2
2024-01-06,4,5,Area-48,2
2024-01-06,4,5,Area-49,1
2024-01-06,4,5,Area-5,3
2024-01-06,4,5,Area-50,3
2024-01-06,4,5,Area-6,2
2024-01-06,4,5,Area-7,2
2024-01-06,4,5,Area-8,2
2024-01-06,4,5,Area-9,1
2024-01-06,5,5,Area-1,1
2024-01-06,5,5,Area-10,1
2024-01-06,5,5,Area-11,2
2024-01-06,5,5,Area-12,1
2024-01-06,5,5,Area-13,1
2024-01-06,5,5,Area-14,1
2024-01-06,5,5,Area-15,1
2024-01-06,5,5,Area-16,1
2024-01-06,5,5,Area-18,1
2024-01-06,5,5,Area-19,2
2024-01-06,5,5,Area-20,3
2024-01-06,5,5,Area-21,1
2024-01-06,5,5,Area-22,3
2024-01-06,5,5,Area-23,2
2024-01-06,5,5,Area-26,1
2024-01-06,5,5,Area-27,1
2024-01-06,5,5,Area-29,2
2024-01-06,5,5,Area-3,2
2024-01-06,5,5,Area-30,2
2024-01-06,5,5,Area-31,2
2024-01-06,5,5,Area-34,1
2024-01-06,5,5,Area-35,2
2024-01-06,5,5,Area-36,3
2024-01-06,5,5,Area-38,2
2024-01-06,5,5,Area-39,1
2024-01-06,5,5,Area-4,3
2024-01-06,5,5,Area-42,4
2024-01-06,5,5,Area-43,1
2024-01-06,5,5,Area-44,1
2024-01-06,5,5,Area-45,1
2024-01-06,5,5,Area-47,3
2024-01-06,5,5,Area-48,3
2024-01-06,5,5,Area-49,1
2024-01-06,5,5,Area-5,1
2024-01-06,5,5,Area-6,1
2024-01-06,5,5,Area-7,1
2024-01-06,5,5,Area-8,1
2024-01-06,6,5,Area-10,2
2024-01-06,6,5,Area-11,2
2024-01-06,6,5,Area-12,1
2024-01-06,6,5,Area-13,2
2024-01-06,6,5,Area-15,1
2024-01-06,6,5,Area-16,1
2024-01-06,6,5,Area-17,1
2024-01-06,6,5,Area-18,1
2024-01-06,6,5,Area-19,2
2024-01-06,6,5,Area-2,2
2024-01-06,6,5,Area-21,3
2024-01-06,6,5,Area-22,1
2024-01-06,6,5,Area-23,1
2024-01-06,6,5,Area-24,1
2024-01-06,6,5,Area-26,1
2024-01-06,6,5,Area-29,2
2024-01-06,6,5,Area-3,1
2024-01-06,6,5,Area-30,1
2024-01-06,6,5,Area-31,1
2024-01-06,6,5,Area-32,1
2024-01-06,6,5,Area-36,1
2024-01-06,6,5,Area-37,1
2024-01-06,6,5,Area-39,2
2024-01-06,6,5,Area-40,2
2024-01-06,6,5,Area-41,1
2024-01-06,6,5,Area-42,2
2024-01-06,6,5,Area-43,2
2024-01-06,6,5,Area-44,2
2024-01-06,6,5,Area-45,1
2024-01-06,6,5,Area-47,3
2024-01-06,6,5,Area-48,1
2024-01-06,6,5,Area-49,1
2024-01-06,6,5,Area-5,3
2024-01-06,6,5,Area-7,3
2024-01-06,6,5,Area-8,1
2024-01-06,6,5,Area-9,2
2024-01-06,7,5,Area-1,1
2024-01-06,7,5,Area-15,1
2024-01-06,7,5,Area-18,1
2024-01-06,7,5,Area-2,2
2024-01-06,7,5,Area-20,3
2024-01-06,7,5,Area-22,1
2024-01-06,7,5,Area-24,1
2024-01-06,7,5,Area-25,1
2024-01-06,7,5,Area-26,3
2024-01-06,7,5,Area-28,1
2024-01-06,7,5,Area-29,3
2024-01-06,7,5,Area-3,3
2024-01-06,7,5,Area-30,1
2024-01-06,7,5,Area-31,3
2024-01-06,7,5,Area-33,1
2024-01-06,7,5,Area-34,1
2024-01-06,7,5,Area-35,1
2024-01-06,7,5,Area-36,1
2024-01-06,7,5,Area-37,1
2024-01-06,7,5,Area-38,1
2024-01-06,7,5,Area-39,1
2024-01-06,7,5,Area-4,1
2024-01-06,7,5,Area-40,3
2024-01-06,7,5,Area-42,1
2024-01-06,7,5,Area-47,1
2024-01-06,7,5,Area-48,1
2024-01-06,7,5,Area-49,1
2024-01-06,7,5,Area-5,4
2024-01-06,7,5,Area-50,3
2024-01-06,7,5,Area-8,1
2024-01-06,7,5,Area-9,2
2024-01-06,8,5,Area-1,2
2024-01-06,8,5,Area-12,1
2024-01-06,8,5,Area-13,1
2024-01-06,8,5,Area-14,1
2024-01-06,8,5,Area-16,3
2024-01-06,8,5,Area-17,3
2024-01-06,8,5,Area-18,2
2024-01-06,8,5,Area-19,1
2024-01-06,8,5,Area-2,3
2024-01-06,8,5,Area-21,1
2024-01-06,8,5,Area-22,2
2024-01-06,8,5,Area-23,1
2024-01-06,8,5,Area-24,3
2024-01-06,8,5,Area-25,2
2024-01-06,8,5,Area-28,3
2024-01-06,8,5,Area-29,2
2024-01-06,8,5,Area-30,2
2024-01-06,8,5,Area-33,1
2024-01-06,8,5,Area-34,1
2024-01-06,8,5,Area-35,1
2024-01-06,8,5,Area-36,1
2024-01-06,8,5,Area-37,3
2024-01-06,8,5,Area-39,1
2024-01-06,8,5,Area-40,2
2024-01-06,8,5,Area-41,2
2024-01-06,8,5,Area-43,2
2024-01-06,8,5,Area-44,1
2024-01-06,8,5,Area-45,2
2024-01-06,8,5,Area-46,1
2024-01-06,8,5,Area-48,3
2024-01-06,8,5,Area-50,1
2024-01-06,8,5,Area-7,1
2024-01-06,8,5,Area-9,2
2024-01-06,9,5,Area-1,2
2024-01-06,9,5,Area-10,2
2024-01-06,9,5,Area-12,1
2024-01-06,9,5,Area-13,1
2024-01-06,9,5,Area-14,2
2024-01-06,9,5,Area-15,2
2024-01-06,9,5,Area-16,1
2024-01-06,9,5,Area-17,2
2024-01-06,9,5,Area-18,2
2024-01-06,9,5,Area-19,1
2024-01-06,9,5,Area-2,1
2024-01-06,9,5,Area-20,5
2024-01-06,9,5,Area-21,1
2024-01-06,9,5,Area-22,1
2024-01-06,9,5,Area-24,4
2024-01-06,9,5,Area-25,1
2024-01-06,9,5,Area-26,2
2024-01-06,9,5,Area-28,1
2024-01-06,9,5,Area-29,2
2024-01-06,9,5,Area-3,2
2024-01-06,9,5,Area-30,1
2024-01-06,9,5,Area-32,2
2024-01-06,9,5,Area-33,2
2024-01-06,9,5,Area-35,3
2024-01-06,9,5,Area-37,3
2024-01-06,9,5,Area-38,1
2024-01-06,9,5,Area-39,2
2024-01-06,9,5,Area-4,3
2024-01-06,9,5,Area-42,2
2024-01-06,9,5,Area-45,1
2024-01-06,9,5,Area-48,2
2024-01-06,9,5,Area-5,1
2024-01-06,9,5,Area-50,3
2024-01-06,9,5,Area-6,3
2024-01-06,9,5,Area-7,2
2024-01-06,9,5,Area-8,1
2024-01-06,10,5,Area-1,2
2024-01-06,10,5,Area-10,1
2024-01-06,10,5,Area-11,2
2024-01-06,10,5,Area-12,1
2024-01-06,10,5,Area-13,1
2024-01-06,10,5,Area-15,2
2024-01-06,10,5,Area-16,2
2024-01-06,10,5,Area-18,2
2024-01-06,10,5,Area-19,1
2024-01-06,10,5,Area-2,1
2024-01-06,10,5,Area-21,4
2024-01-06,10,5,Area-22,1
2024-01-06,10,5,Area-24,1
2024-01-06,10,5,Area-25,4
2024-01-06,10,5,Area-27,2
2024-01-06,10,5,Area-28,1
2024-01-06,10,5,Area-29,1
2024-01-06,10,5,Area-3,1
2024-01-06,10,5,Area-31,1
2024-01-06,10,5,Area-32,3
2024-01-06,10,5,Area-33,3
2024-01-06,10,5,Area-34,1
2024-01-06,10,5,Area-35,2
2024-01-06,10,5,Area-36,2
2024-01-06,10,5,Area-38,2
2024-01-06,10,5,Area-39,1
2024-01-06,10,5,Area-4,5
2024-01-06,10,5,Area-40,1
2024-01-06,10,5,Area-43,2
2024-01-06,10,5,Area-44,1
2024-01-06,10,5,Area-45,3
2024-01-06,10,5,Area-5,2
2024-01-06,10,5,Area-50,2
2024-01-06,10,5,Area-9,3
2024-01-06,11,5,Area-1,2
2024-01-06,11,5,Area-11,1
2024-01-06,11,5,Area-12,1
2024-01-06,11,5,Area-13,2
2024-01-06,11,5,Area-14,4
2024-01-06,11,5,Area-15,1
2024-01-06,11,5,Area-16,1
2024-01-06,11,5,Area-18,1
2024-01-06,11,5,Area-19,3
2024-01-06,11,5,Area-2,1
2024-01-06,11,5,Area-20,2
2024-01-06,11,5,Area-21,2
2024-01-06,11,5,Area-22,1
2024-01-06,11,5,Area-27,4
2024-01-06,11,5,Area-28,1
2024-01-06,11,5,Area-29,1
2024-01-06,11,5,Area-31,1
2024-01-06,11,5,Area-32,6
2024-01-06,11,5,Area-33,1
2024-01-06,11,5,Area-38,3
2024-01-06,11,5,Area-39,2
2024-01-06,11,5,Area-4,1
2024-01-06,11,5,Area-41,3
2024-01-06,11,5,Area-42,3
2024-01-06,11,5,Area-43,1
2024-01-06,11,5,Area-44,2
2024-01-06,11,5,Area-45,2
2024-01-06,11,5,Area-47,4
2024-01-06,11,5,Area-48,1
2024-01-06,11,5,Area-49,1
2024-01-06,11,5,Area-5,2
2024-01-06,11,5,Area-50,2
2024-01-06,11,5,Area-6,2
2024-01-06,11,5,Area-9,1
2024-01-06,12,5,Area-10,1
2024-01-06,12,5,Area-11,2
2024-01-06,12,5,Area-12,5
2024-01-06,12,5,Area-13,1
2024-01-06,12,5,Area-14,1
2024-01-06,12,5,Area-15,1
2024-01-06,12,5,Area-16,2
2024-01-06,12,5,Area-17,3
2024-01-06,12,5,Area-2,3
2024-01-06,12,5,Area-21,2
2024-01-06,12,5,Area-22,1
2024-01-06,12,5,Area-23,4
2024-01-06,12,5,Area-24,2
2024-01-06,12,5,Area-25,1
2024-01-06,12,5,Area-26,2
2024-01-06,12,5,Area-3,1
2024-01-06,12,5,Area-30,1
2024-01-06,12,5,Area-31,1
2024-01-06,12,5,Area-32,2
2024-01-06,12,5,Area-33,1
2024-01-06,12,5,Area-34,4
2024-01-06,12,5,Area-35,3
2024-01-06,12,5,Area-36,2
2024-01-06,12,5,Area-37,4
2024-01-06,12,5,Area-38,2
2024-01-06,12,5,Area-39,2
2024-01-06,12,5,Area-4,2
2024-01-06,12,5,Area-40,1
2024-01-06,12,5,Area-41,2
2024-01-06,12,5,Area-44,1
2024-01-06,12,5,Area-45,3
2024-01-06,12,5,Area-48,4
2024-01-06,12,5,Area-49,1
2024-01-06,12,5,Area-5,2
2024-01-06,12,5,Area-50,2
2024-01-06,12,5,Area-6,1
2024-01-06,12,5,Area-7,2
2024-01-06,12,5,Area-8,2
2024-01-06,12,5,Area-9,2
2024-01-06,13,5,Area-11,1
2024-01-06,13,5,Area-12,1
2024-01-06,13,5,Area-14,1
2024-01-06,13,5,Area-15,1
2024-01-06,13,5,Area-16,2
2024-01-06,13,5,Area-18,1
2024-01-06,13,5,Area-19,1
2024-01-06,13,5,Area-2,1
2024-01-06,13,5,Area-20,1
2024-01-06,13,5,Area-22,1
2024-01-06,13,5,Area-23,1
2024-01-06,13,5,Area-24,2
2024-01-06,13,5,Area-25,2
2024-01-06,13,5,Area-26,2
2024-01-06,13,5,Area-28,1
2024-01-06,13,5,Area-29,2
2024-01-06,13,5,Area-3,2
2024-01-06,13,5,Area-30,4
2024-01-06,13,5,Area-31,6
2024-01-06,13,5,Area-32,4
2024-01-06,13,5,Area-33,1
2024-01-06,13,5,Area-34,1
2024-01-06,13,5,Area-36,1
2024-01-06,13,5,Area-38,1
2024-01-06,13,5,Area-39,2
2024-01-06,13,5,Area-4,2
2024-01-06,13,5,Area-40,3
2024-01-06,13,5,Area-41,1
2024-01-06,13,5,Area-42,1
2024-01-06,13,5,Area-44,1
2024-01-06,13,5,Area-45,1
2024-01-06,13,5,Area-50,1
2024-01-06,13,5,Area-6,1
2024-01-06,13,5,Area-8,2
2024-01-06,13,5,Area-9,2
2024-01-06,14,5,Area-10,1
2024-01-06,14,5,Area-12,1
2024-01-06,14,5,Area-13,3
2024-01-06,14,5,Area-14,3
2024-01-06,14,5,Area-15,1
2024-01-06,14,5,Area-17,2
2024-01-06,14,5,Area-18,4
2024-01-06,14,5,Area-19,1
2024-01-06,14,5,Area-2,4
2024-01-06,14,5,Area-20,2
2024-01-06,14,5,Area-21,2
2024-01-06,14,5,Area-22,1
2024-01-06,14,5,Area-23,2
2024-01-06,14,5,Area-24,3
2024-01-06,14,5,Area-25,1
2024-01-06,14,5,Area-26,2
2024-01-06,14,5,Area-27,1
2024-01-06,14,5,Area-3,1
2024-01-06,14,5,Area-30,4
2024-01-06,14,5,Area-31,4
2024-01-06,14,5,Area-33,2
2024-01-06,14,5,Area-34,1
2024-01-06,14,5,Area-35,3
2024-01-06,14,5,Area-36,1
2024-01-06,14,5,Area-37,1
2024-01-06,14,5,Area-38,2
2024-01-06,14,5,Area-39,2
2024-01-06,14,5,Area-4,2
2024-01-06,14,5,Area-40,1
2024-01-06,14,5,Area-42,3
2024-01-06,14,5,Area-44,2
2024-01-06,14,5,Area-45,2
2024-01-06,14,5,Area-46,1
2024-01-06,14,5,Area-47,1
2024-01-06,14,5,Area-49,1
2024-01-06,14,5,Area-5,3
2024-01-06,14,5,Area-6,2
2024-01-06,14,5,Area-7,1
2024-01-06,14,5,Area-8,1
2024-01-06,15,5,Area-1,1
2024-01-06,15,5,Area-11,1
2024-01-06,15,5,Area-12,2
2024-01-06,15,5,Area-13,1
2024-01-06,15,5,Area-14,2
2024-01-06,15,5,Area-15,1
2024-01-06,15,5,Area-17,1
2024-01-06,15,5,Area-18,2
2024-01-06,15,5,Area-19,1
2024-01-06,15,5,Area-2,3
2024-01-06,15,5,Area-21,1
2024-01-06,15,5,Area-22,3
2024-01-06,15,5,Area-23,2
2024-01-06,15,5,Area-25,2
2024-01-06,15,5,Area-27,2
2024-01-06,15,5,Area-28,1
2024-01-06,15,5,Area-3,4
2024-01-06,15,5,Area-31,1
2024-01-06,15,5,Area-33,2
2024-01-06,15,5,Area-35,4
2024-01-06,15,5,Area-37,1
2024-01-06,15,5,Area-39,2
2024-01-06,15,5,Area-41,4
2024-01-06,15,5,Area-42,3
2024-01-06,15,5,Area-45,2
2024-01-06,15,5,Area-46,1
2024-01-06,15,5,Area-47,1
2024-01-06,15,5,Area-48,1
2024-01-06,15,5,Area-5,1
2024-01-06,15,5,Area-50,2
2024-01-06,15,5,Area-6,2
2024-01-06,15,5,Area-7,1
2024-01-06,15,5,Area-8,1
2024-01-06,15,5,Area-9,2
2024-01-06,16,5,Area-10,1
2024-01-06,16,5,Area-11,4
2024-01-06,16,5,Area-12,3
2024-01-06,16,5,Area-14,4
2024-01-06,16,5,Area-16,2
2024-01-06,16,5,Area-17,2
2024-01-06,16,5,Area-18,2
2024-01-06,16,5,Area-19,2
2024-01-06,16,5,Area-2,1
2024-01-06,16,5,Area-20,1
2024-01-06,16,5,Area-21,2
2024-01-06,16,5,Area-22,3
2024-01-06,16,5,Area-23,1
2024-01-06,16,5,Area-25,2
2024-01-06,16,5,Area-26,3
2024-01-06,16,5,Area-28,4
2024-01-06,16,5,Area-29,2
2024-01-06,16,5,Area-3,1
2024-01-06,16,5,Area-33,2
2024-01-06,16,5,Area-34,1
2024-01-06,16,5,Area-36,3
2024-01-06,16,5,Area-37,1
2024-01-06,16,5,Area-38,5
2024-01-06,16,5,Area-39,2
2024-01-06,16,5,Area-4,2
2024-01-06,16,5,Area-42,1
2024-01-06,16,5,Area-43,1
2024-01-06,16,5,Area-44,1
2024-01-06,16,5,Area-45,1
2024-01-06,16,5,Area-46,1
2024-01-06,16,5,Area-47,2
2024-01-06,16,5,Area-48,1
2024-01-06,16,5,Area-5,2
2024-01-06,16,5,Area-50,3
2024-01-06,16,5,Area-6,1
2024-01-06,16,5,Area-8,1
2024-01-06,16,5,Area-9,1
2024-01-06,17,5,Area-1,1
2024-01-06,17,5,Area-10,1
2024-01-06,17,5,Area-11,2
2024-01-06,17,5,Area-14,2
2024-01-06,17,5,Area-15,4
2024-01-06,17,5,Area-17,1
2024-01-06,17,5,Area-18,3
2024-01-06,17,5,Area-19,1
2024-01-06,17,5,Area-2,2
2024-01-06,17,5,Area-20,2
2024-01-06,17,5,Area-21,1
2024-01-06,17,5,Area-22,4
2024-01-06,17,5,Area-23,1
2024-01-06,17,5,Area-25,2
2024-01-06,17,5,Area-27,1
2024-01-06,17,5,Area-28,2
2024-01-06,17,5,Area-29,4
2024-01-06,17,5,Area-3,4
2024-01-06,17,5,Area-31,2
2024-01-06,17,5,Area-34,2
2024-01-06,17,5,Area-36,1
2024-01-06,17,5,Area-38,5
2024-01-06,17,5,Area-39,2
2024-01-06,17,5,Area-40,1
2024-01-06,17,5,Area-41,2
2024-01-06,17,5,Area-42,1
2024-01-06,17,5,Area-43,1
2024-01-06,17,5,Area-45,1
2024-01-06,17,5,Area-49,2
2024-01-06,17,5,Area-5,1
2024-01-06,17,5,Area-6,2
2024-01-06,17,5,Area-7,3
2024-01-06,17,5,Area-8,3
2024-01-06,17,5,Area-9,1
2024-01-06,18,5,Area-1,3
2024-01-06,18,5,Area-10,2
2024-01-06,18,5,Area-11,3
2024-01-06,18,5,Area-12,1
2024-01-06,18,5,Area-14,1
2024-01-06,18,5,Area-15,1
2024-01-06,18,5,Area-17,2
2024-01-06,18,5,Area-18,3
2024-01-06,18,5,Area-19,2
2024-01-06,18,5,Area-2,1
2024-01-06,18,5,Area-20,4
2024-01-06,18,5,Area-21,1
2024-01-06,18,5,Area-22,1
2024-01-06,18,5,Area-23,1
2024-01-06,18,5,Area-26,1
2024-01-06,18,5,Area-27,1
2024-01-06,18,5,Area-29,1
2024-01-06,18,5,Area-30,3
2024-01-06,18,5,Area-31,1
2024-01-06,18,5,Area-32,1
2024-01-06,18,5,Area-33,1
2024-01-06,18,5,Area-34,2
2024-01-06,18,5,Area-35,2
2024-01-06,18,5,Area-36,2
2024-01-06,18,5,Area-37,2
2024-01-06,18,5,Area-38,2
2024-01-06,18,5,Area-39,1
2024-01-06,18,5,Area-4,1
2024-01-06,18,5,Area-40,1
2024-01-06,18,5,Area-41,1
2024-01-06,18,5,Area-43,2
2024-01-06,18,5,Area-46,5
2024-01-06,18,5,Area-47,3
2024-01-06,18,5,Area-48,1
2024-01-06,18,5,Area-5,1
2024-01-06,18,5,Area-50,1
2024-01-06,18,5,Area-6,3
2024-01-06,18,5,Area-8,1
2024-01-06,19,5,Area-11,3
2024-01-06,19,5,Area-12,1
2024-01-06,19,5,Area-13,1
2024-01-06,19,5,Area-14,1
2024-01-06,19,5,Area-15,1
2024-01-06,19,5,Area-16,3
2024-01-06,19,5,Area-17,1
2024-01-06,19,5,Area-18,3
2024-01-06,19,5,Area-2,2
2024-01-06,19,5,Area-20,1
2024-01-06,19,5,Area-21,1
2024-01-06,19,5,Area-22,3
2024-01-06,19,5,Area-23,1
2024-01-06,19,5,Area-24,2
2024-01-06,19,5,Area-25,2
2024-01-06,19,5,Area-26,1
2024-01-06,19,5,Area-27,2
2024-01-06,19,5,Area-28,1
2024-01-06,19,5,Area-29,2
2024-01-06,19,5,Area-3,3
2024-01-06,19,5,Area-30,2
2024-01-06,19,5,Area-31,4
2024-01-06,19,5,Area-33,2
2024-01-06,19,5,Area-36,1
2024-01-06,19,5,Area-38,1
2024-01-06,19,5,Area-39,2
2024-01-06,19,5,Area-4,2
2024-01-06,19,5,Area-40,3
2024-01-06,19,5,Area-42,3
2024-01-06,19,5,Area-43,3
2024-01-06,19,5,Area-45,3
2024-01-06,19,5,Area-46,1
2024-01-06,19,5,Area-5,2
2024-01-06,19,5,Area-50,2
2024-01-06,19,5,Area-7,2
2024-01-06,19,5,Area-8,1
2024-01-06,20,5,Area-1,2
2024-01-06,20,5,Area-11,1
2024-01-06,20,5,Area-14,1
2024-01-06,20,5,Area-15,1
2024-01-06,20,5,Area-17,1
2024-01-06,20,5,Area-18,4
2024-01-06,20,5,Area-2,1
2024-01-06,20,5,Area-20,1
2024-01-06,20,5,Area-21,1
2024-01-06,20,5,Area-25,2
2024-01-06,20,5,Area-26,1
2024-01-06,20,5,Area-27,1
2024-01-06,20,5,Area-29,1
2024-01-06,20,5,Area-3,1
2024-01-06,20,5,Area-31,1
2024-01-06,20,5,Area-32,1
2024-01-06,20,5,Area-33,1
2024-01-06,20,5,Area-35,2
2024-01-06,20,5,Area-36,1
2024-01-06,20,5,Area-39,3
2024-01-06,20,5,Area-4,3
2024-01-06,20,5,Area-41,1
2024-01-06,20,5,Area-42,3
2024-01-06,20,5,Area-44,1
2024-01-06,20,5,Area-45,1
2024-01-06,20,5,Area-46,4
2024-01-06,20,5,Area-47,1
2024-01-06,20,5,Area-48,1
2024-01-06,20,5,Area-49,1
2024-01-06,20,5,Area-5,2
2024-01-06,20,5,Area-50,2
2024-01-06,20,5,Area-7,1
2024-01-06,20,5,Area-8,2
2024-01-06,20,5,Area-9,2
2024-01-06,21,5,Area-1,1
2024-01-06,21,5,Area-10,1
2024-01-06,21,5,Area-11,3
2024-01-06,21,5,Area-12,1
2024-01-06,21,5,Area-13,1
2024-01-06,21,5,Area-14,2
2024-01-06,21,5,Area-15,1
2024-01-06,21,5,Area-16,2
2024-01-06,21,5,Area-17,1
2024-01-06,21,5,Area-19,1
2024-01-06,21,5,Area-2,2
2024-01-06,21,5,Area-20,1
2024-01-06,21,5,Area-21,1
2024-01-06,21,5,Area-22,1
2024-01-06,21,5,Area-23,3
2024-01-06,21,5,Area-25,5
2024-01-06,21,5,Area-26,1
2024-01-06,21,5,Area-28,1
2024-01-06,21,5,Area-29,2
2024-01-06,21,5,Area-3,2
2024-01-06,21,5,Area-30,1
2024-01-06,21,5,Area-31,4
2024-01-06,21,5,Area-32,2
2024-01-06,21,5,Area-33,1
2024-01-06,21,5,Area-34,3
2024-01-06,21,5,Area-36,4
2024-01-06,21,5,Area-37,2
2024-01-06,21,5,Area-39,2
2024-01-06,21,5,Area-40,2
2024-01-06,21,5,Area-42,1
2024-01-06,21,5,Area-43,2
2024-01-06,21,5,Area-44,1
2024-01-06,21,5,Area-45,5
2024-01-06,21,5,Area-46,1
2024-01-06,21,5,Area-47,1
2024-01-06,21,5,Area-48,2
2024-01-06,21,5,Area-49,1
2024-01-06,21,5,Area-5,2
2024-01-06,21,5,Area-6,2
2024-01-06,21,5,Area-8,2
2024-01-06,21,5,Area-9,1
2024-01-06,22,5,Area-1,3
2024-01-06,22,5,Area-10,4
2024-01-06,22,5,Area-11,2
2024-01-06,22,5,Area-12,3
2024-01-06,22,5,Area-13,1
2024-01-06,22,5,Area-14,4
2024-01-06,22,5,Area-15,1
2024-01-06,22,5,Area-16,1
2024-01-06,22,5,Area-19,1
2024-01-06,22,5,Area-20,4
2024-01-06,22,5,Area-21,2
2024-01-06,22,5,Area-22,1
2024-01-06,22,5,Area-23,2
2024-01-06,22,5,Area-24,2
2024-01-06,22,5,Area-25,1
2024-01-06,22,5,Area-26,1
2024-01-06,22,5,Area-27,3
2024-01-06,22,5,Area-29,1
2024-01-06,22,5,Area-3,1
2024-01-06,22,5,Area-31,3
2024-01-06,22,5,Area-35,2
2024-01-06,22,5,Area-36,1
2024-01-06,22,5,Area-37,2
2024-01-06,22,5,Area-38,2
2024-01-06,22,5,Area-39,3
2024-01-06,22,5,Area-40,1
2024-01-06,22,5,Area-42,1
2024-01-06,22,5,Area-43,1
2024-01-06,22,5,Area-44,1
2024-01-06,22,5,Area-45,5
2024-01-06,22,5,Area-46,3
2024-01-06,22,5,Area-47,3
2024-01-06,22,5,Area-5,2
2024-01-06,22,5,Area-6,3
2024-01-06,22,5,Area-7,2
2024-01-06,22,5,Area-8,4
2024-01-06,23,5,Area-1,2
2024-01-06,23,5,Area-11,2
2024-01-06,23,5,Area-12,1
2024-01-06,23,5,Area-14,3
2024-01-06,23,5,Area-15,5
2024-01-06,23,5,Area-16,1
2024-01-06,23,5,Area-17,1
2024-01-06,23,5,Area-18,2
2024-01-06,23,5,Area-19,3
2024-01-06,23,5,Area-2,3
2024-01-06,23,5,Area-20,1
2024-01-06,23,5,Area-21,3
2024-01-06,23,5,Area-22,1
2024-01-06,23,5,Area-24,1
2024-01-06,23,5,Area-25,1
2024-01-06,23,5,Area-26,2
2024-01-06,23,5,Area-27,1
2024-01-06,23,5,Area-28,1
2024-01-06,23,5,Area-3,2
2024-01-06,23,5,Area-30,1
2024-01-06,23,5,Area-32,2
2024-01-06,23,5,Area-33,1
2024-01-06,23,5,Area-36,2
2024-01-06,23,5,Area-37,1
2024-01-06,23,5,Area-38,1
2024-01-06,23,5,Area-39,1
2024-01-06,23,5,Area-40,2
2024-01-06,23,5,Area-41,1
2024-01-06,23,5,Area-42,3
2024-01-06,23,5,Area-45,1
2024-01-06,23,5,Area-46,3
2024-01-06,23,5,Area-47,1
2024-01-06,23,5,Area-48,1
2024-01-06,23,5,Area-49,1
2024-01-06,23,5,Area-5,3
2024-01-06,23,5,Area-50,1
2024-01-06,23,5,Area-7,1
2024-01-06,23,5,Area-8,2
2024-01-06,23,5,Area-9,1
2024-01-07,0,6,Area-1,2
2024-01-07,0,6,Area-12,2
2024-01-07,0,6,Area-13,2
2024-01-07,0,6,Area-14,3
2024-01-07,0,6,Area-15,2
2024-01-07,0,6,Area-18,1
2024-01-07,0,6,Area-19,3
2024-01-07,0,6,Area-20,2
2024-01-07,0,6,Area-21,1
2024-01-07,0,6,Area-22,1
2024-01-07,0,6,Area-23,1
2024-01-07,0,6,Area-25,2
2024-01-07,0,6,Area-27,3
2024-01-07,0,6,Area-28,2
2024-01-07,0,6,Area-29,2
2024-01-07,0,6,Area-3,2
2024-01-07,0,6,Area-30,3
2024-01-07,0,6,Area-31,1
2024-01-07,0,6,Area-32,1
2024-01-07,0,6,Area-33,7
2024-01-07,0,6,Area-34,3
2024-01-07,0,6,Area-35,1
2024-01-07,0,6,Area-36,3
2024-01-07,0,6,Area-38,1
2024-01-07,0,6,Area-40,2
2024-01-07,0,6,Area-43,2
2024-01-07,0,6,Area-45,1
2024-01-07,0,6,Area-46,1
2024-01-07,0,6,Area-47,2
2024-01-07,0,6,Area-49,1
2024-01-07,0,6,Area-5,1
2024-01-07,0,6,Area-7,3
2024-01-07,0,6,Area-8,1
2024-01-07,0,6,Area-9,4
2024-01-07,1,6,Area-1,1
2024-01-07,1,6,Area-10,1
2024-01-07,1,6,Area-12,2
2024-01-07,1,6,Area-13,3
2024-01-07,1,6,Area-15,1
2024-01-07,1,6,Area-16,1
2024-01-07,1,6,Area-17,1
2024-01-07,1,6,Area-18,1
2024-01-07,1,6,Area-19,3
2024-01-07,1,6,Area-2,2
2024-01-07,1,6,Area-20,1
2024-01-07,1,6,Area-21,3
2024-01-07,1,6,Area-22,3
2024-01-07,1,6,Area-23,1
2024-01-07,1,6,Area-24,2
2024-01-07,1,6,Area-25,4
2024-01-07,1,6,Area-26,2
2024-01-07,1,6,Area-28,2
2024-01-07,1,6,Area-29,1
2024-01-07,1,6,Area-3,1
2024-01-07,1,6,Area-30,3
2024-01-07,1,6,Area-33,1
2024-01-07,1,6,Area-34,2
2024-01-07,1,6,Area-35,2
2024-01-07,1,6,Area-36,3
2024-01-07,1,6,Area-37,4
2024-01-07,1,6,Area-38,1
2024-01-07,1,6,Area-39,1
2024-01-07,1,6,Area-40,1
2024-01-07,1,6,Area-42,2
2024-01-07,1,6,Area-44,4
2024-01-07,1,6,Area-46,1
2024-01-07,1,6,Area-47,1
2024-01-07,1,6,Area-9,2
2024-01-07,2,6,Area-13,1
2024-01-07,2,6,Area-14,2
2024-01-07,2,6,Area-15,4
2024-01-07,2,6,Area-16,2
2024-01-07,2,6,Area-17,2
2024-01-07,2,6,Area-18,1
2024-01-07,2,6,Area-19,1
2024-01-07,2,6,Area-2,1
2024-01-07,2,6,Area-20,1
2024-01-07,2,6,Area-21,3
2024-01-07,2,6,Area-22,1
2024-01-07,2,6,Area-23,2
2024-01-07,2,6,Area-24,6
2024-01-07,2,6,Area-25,2
2024-01-07,2,6,Area-26,3
2024-01-07,2,6,Area-27,2
2024-01-07,2,6,Area-28,1
2024-01-07,2,6,Area-29,1
2024-01-07,2,6,Area-3,3
2024-01-07,2,6,Area-30,3
2024-01-07,2,6,Area-31,1
2024-01-07,2,6,Area-33,4
2024-01-07,2,6,Area-34,2
2024-01-07,2,6,Area-35,1
2024-01-07,2,6,Area-37,1
2024-01-07,2,6,Area-4,1
2024-01-07,2,6,Area-40,1
2024-01-07,2,6,Area-41,1
2024-01-07,2,6,Area-42,1
2024-01-07,2,6,Area-43,1
2024-01-07,2,6,Area-44,1
2024-01-07,2,6,Area-45,3
2024-01-07,2,6,Area-48,4
2024-01-07,2,6,Area-7,1
2024-01-07,2,6,Area-8,1
2024-01-07,2,6,Area-9,1
2024-01-07,3,6,Area-1,2
2024-01-07,3,6,Area-10,2
2024-01-07,3,6,Area-12,2
2024-01-07,3,6,Area-13,1
2024-01-07,3,6,Area-14,2
2024-01-07,3,6,Area-15,1
2024-01-07,3,6,Area-16,1
2024-01-07,3,6,Area-18,2
2024-01-07,3,6,Area-19,2
2024-01-07,3,6,Area-2,3
2024-01-07,3,6,Area-21,1
2024-01-07,3,6,Area-22,1
2024-01-07,3,6,Area-23,1
2024-01-07,3,6,Area-24,2
2024-01-07,3,6,Area-25,1
2024-01-07,3,6,Area-26,2
2024-01-07,3,6,Area-27,2
2024-01-07,3,6,Area-28,2
2024-01-07,3,6,Area-29,2
2024-01-07,3,6,Area-3,1
2024-01-07,3,6,Area-31,1
2024-01-07,3,6,Area-33,2
2024-01-07,3,6,Area-34,2
2024-01-07,3,6,Area-35,3
2024-01-07,3,6,Area-37,1
2024-01-07,3,6,Area-38,2
2024-01-07,3,6,Area-39,2
2024-01-07,3,6,Area-42,2
2024-01-07,3,6,Area-43,1
2024-01-07,3,6,Area-44,2
2024-01-07,3,6,Area-46,3
2024-01-07,3,6,Area-47,4
2024-01-07,3,6,Area-48,2
2024-01-07,3,6,Area-49,1
2024-01-07,3,6,Area-5,5
2024-01-07,3,6,Area-50,1
2024-01-07,3,6,Area-6,4
2024-01-07,3,6,Area-8,2
2024-01-07,4,6,Area-1,4
2024-01-07,4,6,Area-10,2
2024-01-07,4,6,Area-12,3
2024-01-07,4,6,Area-15,1
2024-01-07,4,6,Area-16,1
2024-01-07,4,6,Area-17,1
2024-01-07,4,6,Area-18,1
2024-01-07,4,6,Area-2,2
2024-01-07,4,6,Area-20,2
2024-01-07,4,6,Area-21,1
2024-01-07,4,6,Area-22,1
2024-01-07,4,6,Area-24,2
2024-01-07,4,6,Area-25,1
2024-01-07,4,6,Area-26,2
2024-01-07,4,6,Area-27,1
2024-01-07,4,6,Area-29,2
2024-01-07,4,6,Area-3,1
2024-01-07,4,6,Area-30,1
2024-01-07,4,6,Area-31,1
2024-01-07,4,6,Area-32,1
2024-01-07,4,6,Area-33,2
2024-01-07,4,6,Area-34,3
2024-01-07,4,6,Area-35,2
2024-01-07,4,6,Area-36,1
2024-01-07,4,6,Area-37,3
2024-01-07,4,6,Area-38,2
2024-01-07,4,6,Area-39,2
2024-01-07,4,6,Area-4,2
2024-01-07,4,6,Area-40,4
2024-01-07,4,6,Area-41,2
2024-01-07,4,6,Area-42,4
2024-01-07,4,6,Area-43,1
2024-01-07,4,6,Area-44,2
2024-01-07,4,6,Area-46,1
2024-01-07,4,6,Area-48,1
2024-01-07,4,6,Area-5,3
2024-01-07,4,6,Area-50,1
2024-01-07,4,6,Area-6,2
2024-01-07,4,6,Area-7,2
2024-01-07,4,6,Area-8,5
2024-01-07,4,6,Area-9,2
2024-01-07,5,6,Area-10,4
2024-01-07,5,6,Area-11,1
2024-01-07,5,6,Area-13,1
2024-01-07,5,6,Area-14,1
2024-01-07,5,6,Area-15,1
2024-01-07,5,6,Area-16,1
2024-01-07,5,6,Area-17,1
2024-01-07,5,6,Area-18,2
2024-01-07,5,6,Area-19,1
2024-01-07,5,6,Area-2,1
2024-01-07,5,6,Area-23,1
2024-01-07,5,6,Area-24,3
2024-01-07,5,6,Area-25,1
2024-01-07,5,6,Area-26,2
2024-01-07,5,6,Area-29,1
2024-01-07,5,6,Area-30,3
2024-01-07,5,6,Area-31,5
2024-01-07,5,6,Area-32,1
2024-01-07,5,6,Area-33,1
2024-01-07,5,6,Area-34,2
2024-01-07,5,6,Area-36,2
2024-01-07,5,6,Area-37,1
2024-01-07,5,6,Area-38,1
2024-01-07,5,6,Area-4,1
2024-01-07,5,6,Area-40,1
2024-01-07,5,6,Area-41,1
2024-01-07,5,6,Area-43,1
2024-01-07,5,6,Area-45,4
2024-01-07,5,6,Area-46,1
2024-01-07,5,6,Area-47,1
2024-01-07,5,6,Area-49,2
2024-01-07,5,6,Area-5,1
2024-01-07,5,6,Area-6,1
2024-01-07,5,6,Area-7,3
2024-01-07,5,6,Area-8,3
2024-01-07,5,6,Area-9,1
2024-01-07,6,6,Area-1,3
2024-01-07,6,6,Area-10,2
2024-01-07,6,6,Area-12,3
2024-01-07,6,6,Area-13,1
2024-01-07,6,6,Area-15,2
2024-01-07,6,6,Area-16,2
2024-01-07,6,6,Area-17,1
2024-01-07,6,6,Area-18,1
2024-01-07,6,6,Area-2,1
2024-01-07,6,6,Area-20,2
2024-01-07,6,6,Area-21,1
2024-01-07,6,6,Area-22,4
2024-01-07,6,6,Area-23,2
2024-01-07,6,6,Area-24,1
2024-01-07,6,6,Area-25,2
2024-01-07,6,6,Area-26,3
2024-01-07,6,6,Area-27,3
2024-01-07,6,6,Area-28,2
2024-01-07,6,6,Area-29,3
2024-01-07,6,6,Area-3,3
2024-01-07,6,6,Area-30,1
2024-01-07,6,6,Area-31,2
2024-01-07,6,6,Area-32,3
2024-01-07,6,6,Area-34,2
2024-01-07,6,6,Area-35,3
2024-01-07,6,6,Area-36,1
2024-01-07,6,6,Area-38,2
2024-01-07,6,6,Area-40,1
2024-01-07,6,6,Area-41,1
2024-01-07,6,6,Area-42,2
2024-01-07,6,6,Area-43,3
2024-01-07,6,6,Area-45,1
2024-01-07,6,6,Area-46,2
2024-01-07,6,6,Area-47,2
2024-01-07,6,6,Area-48,2
2024-01-07,6,6,Area-49,1
2024-01-07,6,6,Area-5,1
2024-01-07,6,6,Area-50,3
2024-01-07,6,6,Area-6,1
2024-01-07,6,6,Area-7,2
2024-01-07,6,6,Area-8,4
2024-01-07,6,6,Area-9,1
2024-01-07,7,6,Area-1,1
2024-01-07,7,6,Area-10,1
2024-01-07,7,6,Area-11,2
2024-01-07,7,6,Area-12,1
2024-01-07,7,6,Area-14,1
2024-01-07,7,6,Area-15,2
2024-01-07,7,6,Area-16,3
2024-01-07,7,6,Area-18,1
2024-01-07,7,6,Area-19,5
2024-01-07,7,6,Area-2,2
2024-01-07,7,6,Area-20,3
2024-01-07,7,6,Area-22,1
2024-01-07,7,6,Area-23,3
2024-01-07,7,6,Area-24,1
2024-01-07,7,6,Area-25,1
2024-01-07,7,6,Area-26,1
2024-01-07,7,6,Area-27,3
2024-01-07,7,6,Area-29,2
2024-01-07,7,6,Area-3,3
2024-01-07,7,6,Area-30,1
2024-01-07,7,6,Area-31,1
2024-01-07,7,6,Area-32,1
2024-01-07,7,6,Area-36,4
2024-01-07,7,6,Area-37,2
2024-01-07,7,6,Area-38,1
2024-01-07,7,6,Area-39,4
2024-01-07,7,6,Area-4,2
2024-01-07,7,6,Area-40,2
2024-01-07,7,6,Area-42,1
2024-01-07,7,6,Area-44,2
2024-01-07,7,6,Area-45,3
2024-01-07,7,6,Area-47,1
2024-01-07,7,6,Area-48,2
2024-01-07,7,6,Area-49,3
2024-01-07,7,6,Area-50,2
2024-01-07,7,6,Area-6,4
2024-01-07,7,6,Area-7,1
2024-01-07,8,6,Area-1,1
2024-01-07,8,6,Area-11,1
2024-01-07,8,6,Area-12,2
2024-01-07,8,6,Area-13,1
2024-01-07,8,6,Area-16,1
2024-01-07,8,6,Area-18,2
2024-01-07,8,6,Area-19,1
2024-01-07,8,6,Area-21,2
2024-01-07,8,6,Area-23,2
2024-01-07,8,6,Area-24,1
2024-01-07,8,6,Area-25,3
2024-01-07,8,6,Area-28,2
2024-01-07,8,6,Area-29,1
2024-01-07,8,6,Area-3,1
2024-01-07,8,6,Area-30,1
2024-01-07,8,6,Area-31,1
2024-01-07,8,6,Area-33,1
2024-01-07,8,6,Area-34,1
2024-01-07,8,6,Area-35,1
2024-01-07,8,6,Area-36,1
2024-01-07,8,6,Area-38,2
2024-01-07,8,6,Area-39,1
2024-01-07,8,6,Area-4,1
2024-01-07,8,6,Area-40,1
2024-01-07,8,6,Area-41,2
2024-01-07,8,6,Area-44,1
2024-01-07,8,6,Area-45,1
2024-01-07,8,6,Area-46,2
2024-01-07,8,6,Area-47,1
2024-01-07,8,6,Area-48,2
2024-01-07,8,6,Area-49,1
2024-01-07,8,6,Area-5,1
2024-01-07,8,6,Area-50,2
2024-01-07,8,6,Area-6,1
2024-01-07,8,6,Area-7,1
2024-01-07,8,6,Area-8,3
2024-01-07,9,6,Area-1,2
2024-01-07,9,6,Area-11,1
2024-01-07,9,6,Area-12,2
2024-01-07,9,6,Area-13,3
2024-01-07,9,6,Area-14,2
2024-01-07,9,6,Area-15,3
2024-01-07,9,6,Area-16,1
2024-01-07,9,6,Area-17,1
2024-01-07,9,6,Area-2,3
2024-01-07,9,6,Area-20,1
2024-01-07,9,6,Area-21,2
2024-01-07,9,6,Area-22,2
2024-01-07,9,6,Area-24,2
2024-01-07,9,6,Area-25,2
2024-01-07,9,6,Area-26,2
2024-01-07,9,6,Area-27,1
2024-01-07,9,6,Area-28,2
2024-01-07,9,6,Area-31,2
2024-01-07,9,6,Area-32,2
2024-01-07,9,6,Area-34,2
2024-01-07,9,6,Area-35,2
2024-01-07,9,6,Area-37,2
2024-01-07,9,6,Area-38,1
2024-01-07,9,6,Area-39,2
2024-01-07,9,6,Area-4,1
2024-01-07,9,6,Area-40,2
2024-01-07,9,6,Area-41,2
2024-01-07,9,6,Area-42,4
2024-01-07,9,6,Area-45,2
2024-01-07,9,6,Area-47,3
2024-01-07,9,6,Area-48,3
2024-01-07,9,6,Area-6,2
2024-01-07,9,6,Area-7,2
2024-01-07,9,6,Area-8,1
2024-01-07,9,6,Area-9,1
2024-01-07,10,6,Area-1,2
2024-01-07,10,6,Area-10,2
2024-01-07,10,6,Area-12,1
2024-01-07,10,6,Area-13,2
2024-01-07,10,6,Area-14,2
2024-01-07,10,6,Area-15,2
2024-01-07,10,6,Area-17,2
2024-01-07,10,6,Area-21,2
2024-01-07,10,6,Area-22,2
2024-01-07,10,6,Area-24,2
2024-01-07,10,6,Area-25,1
2024-01-07,10,6,Area-27,1
2024-01-07,10,6,Area-29,1
2024-01-07,10,6,Area-3,2
2024-01-07,10,6,Area-30,1
2024-01-07,10,6,Area-32,1
2024-01-07,10,6,Area-34,3
2024-01-07,10,6,Area-35,1
2024-01-07,10,6,Area-36,2
2024-01-07,10,6,Area-37,1
2024-01-07,10,6,Area-38,3
2024-01-07,10,6,Area-39,4
2024-01-07,10,6,Area-4,1
2024-01-07,10,6,Area-40,1
2024-01-07,10,6,Area-41,1
2024-01-07,10,6,Area-42,1
2024-01-07,10,6,Area-43,3
2024-01-07,10,6,Area-44,1
2024-01-07,10,6,Area-45,2
2024-01-07,10,6,Area-46,1
2024-01-07,10,6,Area-49,2
2024-01-07,10,6,Area-5,1
2024-01-07,10,6,Area-50,1
2024-01-07,10,6,Area-6,1
2024-01-07,10,6,Area-7,2
2024-01-07,10,6,Area-8,2
2024-01-07,10,6,Area-9,2
2024-01-07,11,6,Area-1,3
2024-01-07,11,6,Area-10,1
2024-01-07,11,6,Area-11,2
2024-01-07,11,6,Area-12,1
2024-01-07,11,6,Area-15,3
2024-01-07,11,6,Area-17,1
2024-01-07,11,6,Area-19,1
2024-01-07,11,6,Area-20,1
2024-01-07,11,6,Area-21,2
2024-01-07,11,6,Area-23,2
2024-01-07,11,6,Area-24,3
2024-01-07,11,6,Area-26,1
2024-01-07,11,6,Area-27,1
2024-01-07,11,6,Area-28,1
2024-01-07,11,6,Area-3,1
2024-01-07,11,6,Area-32,1
2024-01-07,11,6,Area-34,1
2024-01-07,11,6,Area-36,2
2024-01-07,11,6,Area-37,2
2024-01-07,11,6,Area-39,1
2024-01-07,11,6,Area-40,1
2024-01-07,11,6,Area-41,1
2024-01-07,11,6,Area-43,2
2024-01-07,11,6,Area-45,3
2024-01-07,11,6,Area-46,2
2024-01-07,11,6,Area-47,1
2024-01-07,11,6,Area-48,2
2024-01-07,11,6,Area-49,2
2024-01-07,11,6,Area-5,2
2024-01-07,11,6,Area-50,4
2024-01-07,11,6,Area-7,2
2024-01-07,11,6,Area-8,2
2024-01-07,12,6,Area-11,5
2024-01-07,12,6,Area-12,3
2024-01-07,12,6,Area-14,3
2024-01-07,12,6,Area-15,3
2024-01-07,12,6,Area-16,1
2024-01-07,12,6,Area-18,2
2024-01-07,12,6,Area-2,3
2024-01-07,12,6,Area-20,1
2024-01-07,12,6,Area-22,1
2024-01-07,12,6,Area-24,1
2024-01-07,12,6,Area-25,3
2024-01-07,12,6,Area-26,2
2024-01-07,12,6,Area-27,2
2024-01-07,12,6,Area-28,2
2024-01-07,12,6,Area-29,4
2024-01-07,12,6,Area-3,1
2024-01-07,12,6,Area-30,3
2024-01-07,12,6,Area-32,1
2024-01-07,12,6,Area-33,1
2024-01-07,12,6,Area-34,2
2024-01-07,12,6,Area-35,2
2024-01-07,12,6,Area-36,1
2024-01-07,12,6,Area-38,2
2024-01-07,12,6,Area-39,2
2024-01-07,12,6,Area-4,1
2024-01-07,12,6,Area-40,2
2024-01-07,12,6,Area-42,1
2024-01-07,12,6,Area-43,1
2024-01-07,12,6,Area-44,1
2024-01-07,12,6,Area-45,1
2024-01-07,12,6,Area-46,3
2024-01-07,12,6,Area-47,2
2024-01-07,12,6,Area-49,2
2024-01-07,12,6,Area-5,1
2024-01-07,12,6,Area-6,1
2024-01-07,12,6,Area-8,3
2024-01-07,12,6,Area-9,1
2024-01-07,13,6,Area-10,1
2024-01-07,13,6,Area-11,2
2024-01-07,13,6,Area-12,1
2024-01-07,13,6,Area-14,1
2024-01-07,13,6,Area-15,1
2024-01-07,13,6,Area-17,1
2024-01-07,13,6,Area-2,1
2024-01-07,13,6,Area-21,1
2024-01-07,13,6,Area-22,2
2024-01-07,13,6,Area-23,1
2024-01-07,13,6,Area-24,1
2024-01-07,13,6,Area-25,2
2024-01-07,13,6,Area-27,3
2024-01-07,13,6,Area-28,1
2024-01-07,13,6,Area-3,2
2024-01-07,13,6,Area-30,1
2024-01-07,13,6,Area-31,2
2024-01-07,13,6,Area-32,1
2024-01-07,13,6,Area-34,4
2024-01-07,13,6,Area-35,3
2024-01-07,13,6,Area-36,1
2024-01-07,13,6,Area-37,1
2024-01-07,13,6,Area-38,1
2024-01-07,13,6,Area-39,6
2024-01-07,13,6,Area-4,1
2024-01-07,13,6,Area-40,2
2024-01-07,13,6,Area-43,2
2024-01-07,13,6,Area-45,1
2024-01-07,13,6,Area-46,2
2024-01-07,13,6,Area-47,1
2024-01-07,13,6,Area-49,1
2024-01-07,13,6,Area-5,1
2024-01-07,13,6,Area-50,5
2024-01-07,13,6,Area-6,1
2024-01-07,13,6,Area-7,2
2024-01-07,13,6,Area-9,2
2024-01-07,14,6,Area-1,2
2024-01-07,14,6,Area-10,3
2024-01-07,14,6,Area-11,3
2024-01-07,14,6,Area-13,1
2024-01-07,14,6,Area-14,1
2024-01-07,14,6,Area-15,2
2024-01-07,14,6,Area-16,3
2024-01-07,14,6,Area-17,1
2024-01-07,14,6,Area-19,1
2024-01-07,14,6,Area-20,2
2024-01-07,14,6,Area-21,1
2024-01-07,14,6,Area-22,1
2024-01-07,14,6,Area-23,1
2024-01-07,14,6,Area-25,1
2024-01-07,14,6,Area-26,1
2024-01-07,14,6,Area-27,3
2024-01-07,14,6,Area-29,1
2024-01-07,14,6,Area-30,1
2024-01-07,14,6,Area-32,2
2024-01-07,14,6,Area-33,1
2024-01-07,14,6,Area-34,2
2024-01-07,14,6,Area-36,1
2024-01-07,14,6,Area-37,3
2024-01-07,14,6,Area-39,1
2024-01-07,14,6,Area-4,1
2024-01-07,14,6,Area-41,2
2024-01-07,14,6,Area-42,1
2024-01-07,14,6,Area-44,3
2024-01-07,14,6,Area-45,3
2024-01-07,14,6,Area-46,4
2024-01-07,14,6,Area-48,4
2024-01-07,14,6,Area-49,3
2024-01-07,14,6,Area-5,1
2024-01-07,14,6,Area-50,4
2024-01-07,14,6,Area-6,1
2024-01-07,14,6,Area-7,1
2024-01-07,14,6,Area-9,2
2024-01-07,15,6,Area-1,1
2024-01-07,15,6,Area-11,1
2024-01-07,15,6,Area-12,4
2024-01-07,15,6,Area-13,1
2024-01-07,15,6,Area-14,1
2024-01-07,15,6,Area-15,1
2024-01-07,15,6,Area-16,3
2024-01-07,15,6,Area-19,2
2024-01-07,15,6,Area-2,1
2024-01-07,15,6,Area-20,3
2024-01-07,15,6,Area-21,1
2024-01-07,15,6,Area-22,3
2024-01-07,15,6,Area-23,2
2024-01-07,15,6,Area-25,2
2024-01-07,15,6,Area-26,1
2024-01-07,15,6,Area-27,3
2024-01-07,15,6,Area-29,1
2024-01-07,15,6,Area-3,3
2024-01-07,15,6,Area-30,1
2024-01-07,15,6,Area-31,1
2024-01-07,15,6,Area-34,1
2024-01-07,15,6,Area-35,1
2024-01-07,15,6,Area-36,3
2024-01-07,15,6,Area-37,2
2024-01-07,15,6,Area-38,2
2024-01-07,15,6,Area-39,1
2024-01-07,15,6,Area-4,3
2024-01-07,15,6,Area-40,4
2024-01-07,15,6,Area-41,2
2024-01-07,15,6,Area-43,1
2024-01-07,15,6,Area-45,4
2024-01-07,15,6,Area-46,1
2024-01-07,15,6,Area-47,4
2024-01-07,15,6,Area-49,2
2024-01-07,15,6,Area-5,3
2024-01-07,15,6,Area-50,1
2024-01-07,15,6,Area-7,2
2024-01-07,15,6,Area-9,1
2024-01-07,16,6,Area-1,3
2024-01-07,16,6,Area-10,1
2024-01-07,16,6,Area-12,1
2024-01-07,16,6,Area-13,1
2024-01-07,16,6,Area-15,3
2024-01-07,16,6,Area-17,1
2024-01-07,16,6,Area-18,2
2024-01-07,16,6,Area-19,2
2024-01-07,16,6,Area-2,1
2024-01-07,16,6,Area-20,1
2024-01-07,16,6,Area-22,2
2024-01-07,16,6,Area-23,2
2024-01-07,16,6,Area-24,1
2024-01-07,16,6,Area-25,2
2024-01-07,16,6,Area-26,1
2024-01-07,16,6,Area-29,1
2024-01-07,16,6,Area-31,2
2024-01-07,16,6,Area-32,3
2024-01-07,16,6,Area-33,2
2024-01-07,16,6,Area-34,1
2024-01-07,16,6,Area-36,2
2024-01-07,16,6,Area-37,1
2024-01-07,16,6,Area-38,2
2024-01-07,16,6,Area-39,2
2024-01-07,16,6,Area-4,1
2024-01-07,16,6,Area-43,1
2024-01-07,16,6,Area-44,1
2024-01-07,16,6,Area-45,4
2024-01-07,16,6,Area-46,3
2024-01-07,16,6,Area-47,1
2024-01-07,16,6,Area-48,4
2024-01-07,16,6,Area-49,3
2024-01-07,16,6,Area-5,1
2024-01-07,16,6,Area-6,3
2024-01-07,16,6,Area-7,3
2024-01-07,16,6,Area-8,4
2024-01-07,16,6,Area-9,3
2024-01-07,17,6,Area-1,1
2024-01-07,17,6,Area-10,1
2024-01-07,17,6,Area-12,1
2024-01-07,17,6,Area-13,1
2024-01-07,17,6,Area-14,2
2024-01-07,17,6,Area-15,3
2024-01-07,17,6,Area-16,1
2024-01-07,17,6,Area-17,2
2024-01-07,17,6,Area-18,2
2024-01-07,17,6,Area-19,1
2024-01-07,17,6,Area-2,3
2024-01-07,17,6,Area-20,1
2024-01-07,17,6,Area-21,1
2024-01-07,17,6,Area-23,2
2024-01-07,17,6,Area-24,1
2024-01-07,17,6,Area-26,3
2024-01-07,17,6,Area-27,1
2024-01-07,17,6,Area-28,3
2024-01-07,17,6,Area-29,1
2024-01-07,17,6,Area-30,4
2024-01-07,17,6,Area-31,1
2024-01-07,17,6,Area-32,2
2024-01-07,17,6,Area-33,1
2024-01-07,17,6,Area-34,2
2024-01-07,17,6,Area-35,2
2024-01-07,17,6,Area-36,1
2024-01-07,17,6,Area-37,1
2024-01-07,17,6,Area-38,2
2024-01-07,17,6,Area-39,2
2024-01-07,17,6,Area-4,1
2024-01-07,17,6,Area-40,2
2024-01-07,17,6,Area-41,2
2024-01-07,17,6,Area-42,2
2024-01-07,17,6,Area-43,1
2024-01-07,17,6,Area-44,2
2024-01-07,17,6,Area-45,2
2024-01-07,17,6,Area-46,2
2024-01-07,17,6,Area-5,2
2024-01-07,17,6,Area-50,1
2024-01-07,17,6,Area-6,2
2024-01-07,17,6,Area-7,3
2024-01-07,17,6,Area-8,2
2024-01-07,17,6,Area-9,2
2024-01-07,18,6,Area-1,1
2024-01-07,18,6,Area-10,2
2024-01-07,18,6,Area-11,1
2024-01-07,18,6,Area-12,3
2024-01-07,18,6,Area-13,1
2024-01-07,18,6,Area-17,1
2024-01-07,18,6,Area-19,1
2024-01-07,18,6,Area-20,2
2024-01-07,18,6,Area-21,2
2024-01-07,18,6,Area-22,2
2024-01-07,18,6,Area-23,2
2024-01-07,18,6,Area-25,2
2024-01-07,18,6,Area-26,2
2024-01-07,18,6,Area-27,2
2024-01-07,18,6,Area-29,1
2024-01-07,18,6,Area-3,1
2024-01-07,18,6,Area-32,1
2024-01-07,18,6,Area-33,2
2024-01-07,18,6,Area-34,3
2024-01-07,18,6,Area-35,5
2024-01-07,18,6,Area-36,3
2024-01-07,18,6,Area-37,1
2024-01-07,18,6,Area-38,1
2024-01-07,18,6,Area-4,1
2024-01-07,18,6,Area-40,1
2024-01-07,18,6,Area-41,1
2024-01-07,18,6,Area-43,1
2024-01-07,18,6,Area-44,1
2024-01-07,18,6,Area-45,2
2024-01-07,18,6,Area-47,1
2024-01-07,18,6,Area-48,3
2024-01-07,18,6,Area-49,1
2024-01-07,18,6,Area-5,1
2024-01-07,18,6,Area-50,1
2024-01-07,18,6,Area-6,3
2024-01-07,18,6,Area-8,1
2024-01-07,18,6,Area-9,1
2024-01-07,19,6,Area-1,1
2024-01-07,19,6,Area-11,2
2024-01-07,19,6,Area-15,1
2024-01-07,19,6,Area-16,1
2024-01-07,19,6,Area-17,3
2024-01-07,19,6,Area-19,1
2024-01-07,19,6,Area-2,2
2024-01-07,19,6,Area-20,1
2024-01-07,19,6,Area-21,1
2024-01-07,19,6,Area-23,1
2024-01-07,19,6,Area-24,2
2024-01-07,19,6,Area-25,1
2024-01-07,19,6,Area-27,3
2024-01-07,19,6,Area-28,1
2024-01-07,19,6,Area-29,4
2024-01-07,19,6,Area-3,3
2024-01-07,19,6,Area-30,2
2024-01-07,19,6,Area-31,2
2024-01-07,19,6,Area-33,2
2024-01-07,19,6,Area-34,1
2024-01-07,19,6,Area-35,3
2024-01-07,19,6,Area-36,2
2024-01-07,19,6,Area-37,1
2024-01-07,19,6,Area-38,1
2024-01-07,19,6,Area-39,2
2024-01-07,19,6,Area-4,5
2024-01-07,19,6,Area-40,1
2024-01-07,19,6,Area-42,2
2024-01-07,19,6,Area-44,1
2024-01-07,19,6,Area-45,1
2024-01-07,19,6,Area-46,1
2024-01-07,19,6,Area-48,1
2024-01-07,19,6,Area-6,1
2024-01-07,19,6,Area-7,4
2024-01-07,19,6,Area-8,2
2024-01-07,19,6,Area-9,3
2024-01-07,20,6,Area-11,3
2024-01-07,20,6,Area-13,3
2024-01-07,20,6,Area-14,1
2024-01-07,20,6,Area-16,2
2024-01-07,20,6,Area-18,2
2024-01-07,20,6,Area-19,2
2024-01-07,20,6,Area-20,2
2024-01-07,20,6,Area-21,1
2024-01-07,20,6,Area-22,2
2024-01-07,20,6,Area-24,3
2024-01-07,20,6,Area-26,1
2024-01-07,20,6,Area-28,3
2024-01-07,20,6,Area-3,4
2024-01-07,20,6,Area-33,1
2024-01-07,20,6,Area-35,1
2024-01-07,20,6,Area-36,1
2024-01-07,20,6,Area-37,1
2024-01-07,20,6,Area-39,1
2024-01-07,20,6,Area-4,1
2024-01-07,20,6,Area-40,2
2024-01-07,20,6,Area-41,1
2024-01-07,20,6,Area-42,2
2024-01-07,20,6,Area-43,2
2024-01-07,20,6,Area-46,4
2024-01-07,20,6,Area-47,4
2024-01-07,20,6,Area-48,1
2024-01-07,20,6,Area-49,1
2024-01-07,20,6,Area-5,1
2024-01-07,20,6,Area-50,1
2024-01-07,20,6,Area-6,1
2024-01-07,20,6,Area-7,2
2024-01-07,21,6,Area-1,6
2024-01-07,21,6,Area-10,1
2024-01-07,21,6,Area-11,6
2024-01-07,21,6,Area-12,1
2024-01-07,21,6,Area-14,1
2024-01-07,21,6,Area-15,3
2024-01-07,21,6,Area-16,1
2024-01-07,21,6,Area-17,2
2024-01-07,21,6,Area-18,2
2024-01-07,21,6,Area-20,2
2024-01-07,21,6,Area-21,1
2024-01-07,21,6,Area-22,1
2024-01-07,21,6,Area-23,2
2024-01-07,21,6,Area-24,4
2024-01-07,21,6,Area-25,2
2024-01-07,21,6,Area-26,1
2024-01-07,21,6,Area-27,2
2024-01-07,21,6,Area-28,2
2024-01-07,21,6,Area-29,1
2024-01-07,21,6,Area-3,2
2024-01-07,21,6,Area-30,1
2024-01-07,21,6,Area-31,1
2024-01-07,21,6,Area-32,1
2024-01-07,21,6,Area-33,1
2024-01-07,21,6,Area-34,2
2024-01-07,21,6,Area-35,2
2024-01-07,21,6,Area-36,5
2024-01-07,21,6,Area-37,1
2024-01-07,21,6,Area-39,1
2024-01-07,21,6,Area-4,3
2024-01-07,21,6,Area-40,2
2024-01-07,21,6,Area-41,1
2024-01-07,21,6,Area-44,1
2024-01-07,21,6,Area-45,1
2024-01-07,21,6,Area-46,1
2024-01-07,21,6,Area-47,2
2024-01-07,21,6,Area-48,2
2024-01-07,21,6,Area-49,1
2024-01-07,21,6,Area-5,4
2024-01-07,21,6,Area-50,1
2024-01-07,21,6,Area-6,2
2024-01-07,21,6,Area-8,1
2024-01-07,21,6,Area-9,1
2024-01-07,22,6,Area-10,1
2024-01-07,22,6,Area-11,4
2024-01-07,22,6,Area-12,2
2024-01-07,22,6,Area-14,2
2024-01-07,22,6,Area-15,1
2024-01-07,22,6,Area-16,1
2024-01-07,22,6,Area-17,1
2024-01-07,22,6,Area-18,4
2024-01-07,22,6,Area-19,1
2024-01-07,22,6,Area-2,1
2024-01-07,22,6,Area-20,2
2024-01-07,22,6,Area-21,3
2024-01-07,22,6,Area-22,2
2024-01-07,22,6,Area-24,1
2024-01-07,22,6,Area-26,3
2024-01-07,22,6,Area-27,1
2024-01-07,22,6,Area-28,1
2024-01-07,22,6,Area-29,2
2024-01-07,22,6,Area-30,3
2024-01-07,22,6,Area-31,3
2024-01-07,22,6,Area-32,1
2024-01-07,22,6,Area-33,5
2024-01-07,22,6,Area-35,5
2024-01-07,22,6,Area-37,1
2024-01-07,22,6,Area-39,2
2024-01-07,22,6,Area-4,3
2024-01-07,22,6,Area-40,1
2024-01-07,22,6,Area-41,2
2024-01-07,22,6,Area-42,1
2024-01-07,22,6,Area-43,1
2024-01-07,22,6,Area-45,1
2024-01-07,22,6,Area-47,1
2024-01-07,22,6,Area-48,2
2024-01-07,22,6,Area-5,1
2024-01-07,22,6,Area-50,3
2024-01-07,22,6,Area-6,2
2024-01-07,23,6,Area-1,1
2024-01-07,23,6,Area-11,1
2024-01-07,23,6,Area-13,1
2024-01-07,23,6,Area-14,3
2024-01-07,23,6,Area-15,3
2024-01-07,23,6,Area-16,4
2024-01-07,23,6,Area-17,1
2024-01-07,23,6,Area-19,2
2024-01-07,23,6,Area-20,3
2024-01-07,23,6,Area-21,1
2024-01-07,23,6,Area-22,3
2024-01-07,23,6,Area-23,2
2024-01-07,23,6,Area-25,1
2024-01-07,23,6,Area-26,1
2024-01-07,23,6,Area-28,1
2024-01-07,23,6,Area-29,1
2024-01-07,23,6,Area-30,1
2024-01-07,23,6,Area-32,3
2024-01-07,23,6,Area-33,1
2024-01-07,23,6,Area-35,1
2024-01-07,23,6,Area-36,2
2024-01-07,23,6,Area-37,1
2024-01-07,23,6,Area-38,3
2024-01-07,23,6,Area-39,1
2024-01-07,23,6,Area-4,2
2024-01-07,23,6,Area-40,1
2024-01-07,23,6,Area-41,2
2024-01-07,23,6,Area-43,5
2024-01-07,23,6,Area-45,1
2024-01-07,23,6,Area-46,2
2024-01-07,23,6,Area-5,2
2024-01-07,23,6,Area-50,2
2024-01-07,23,6,Area-7,1
2024-01-07,23,6,Area-9,1
2024-01-08,0,0,Area-1,1
2024-01-08,0,0,Area-10,1
2024-01-08,0,0,Area-11,2
2024-01-08,0,0,Area-14,3
2024-01-08,0,0,Area-16,3
2024-01-08,0,0,Area-17,1
2024-01-08,0,0,Area-18,1
2024-01-08,0,0,Area-2,1
2024-01-08,0,0,Area-20,3
2024-01-08,0,0,Area-21,2
2024-01-08,0,0,Area-22,1
2024-01-08,0,0,Area-23,1
2024-01-08,0,0,Area-24,1
2024-01-08,0,0,Area-26,1
2024-01-08,0,0,Area-27,1
2024-01-08,0,0,Area-29,1
2024-01-08,0,0,Area-3,3
2024-01-08,0,0,Area-30,1
2024-01-08,0,0,Area-31,2
2024-01-08,0,0,Area-33,1
2024-01-08,0,0,Area-35,1
2024-01-08,0,0,Area-36,2
2024-01-08,0,0,Area-38,1
2024-01-08,0,0,Area-39,2
2024-01-08,0,0,Area-4,2
2024-01-08,0,0,Area-41,2
2024-01-08,0,0,Area-42,1
2024-01-08,0,0,Area-44,2
2024-01-08,0,0,Area-45,1
2024-01-08,0,0,Area-46,1
2024-01-08,0,0,Area-47,2
2024-01-08,0,0,Area-48,3
2024-01-08,0,0,Area-49,1
2024-01-08,0,0,Area-50,1
2024-01-08,0,0,Area-6,1
2024-01-08,0,0,Area-7,2
2024-01-08,0,0,Area-8,3
2024-01-08,0,0,Area-9,1
2024-01-08,1,0,Area-1,1
2024-01-08,1,0,Area-10,5
2024-01-08,1,0,Area-11,1
2024-01-08,1,0,Area-12,2
2024-01-08,1,0,Area-13,1
2024-01-08,1,0,Area-14,4
2024-01-08,1,0,Area-15,1
2024-01-08,1,0,Area-16,1
2024-01-08,1,0,Area-17,1
2024-01-08,1,0,Area-19,2
2024-01-08,1,0,Area-2,2
2024-01-08,1,0,Area-21,3
2024-01-08,1,0,Area-22,3
2024-01-08,1,0,Area-23,1
2024-01-08,1,0,Area-24,1
2024-01-08,1,0,Area-25,2
2024-01-08,1,0,Area-26,2
2024-01-08,1,0,Area-27,1
2024-01-08,1,0,Area-28,1
2024-01-08,1,0,Area-29,3
2024-01-08,1,0,Area-3,3
2024-01-08,1,0,Area-30,2
2024-01-08,1,0,Area-31,1
2024-01-08,1,0,Area-33,1
2024-01-08,1,0,Area-34,1
2024-01-08,1,0,Area-35,2
2024-01-08,1,0,Area-37,2
2024-01-08,1,0,Area-39,1
2024-01-08,1,0,Area-40,1
2024-01-08,1,0,Area-41,2
2024-01-08,1,0,Area-42,1
2024-01-08,1,0,Area-44,1
2024-01-08,1,0,Area-45,1
2024-01-08,1,0,Area-46,3
2024-01-08,1,0,Area-47,1
2024-01-08,1,0,Area-49,3
2024-01-08,1,0,Area-5,2
2024-01-08,1,0,Area-50,2
2024-01-08,1,0,Area-6,2
2024-01-08,1,0,Area-7,2
2024-01-08,1,0,Area-8,2
2024-01-08,1,0,Area-9,4
2024-01-08,2,0,Area-10,3
2024-01-08,2,0,Area-11,2
2024-01-08,2,0,Area-14,1
2024-01-08,2,0,Area-15,1
2024-01-08,2,0,Area-16,2
2024-01-08,2,0,Area-17,1
2024-01-08,2,0,Area-18,2
2024-01-08,2,0,Area-19,2
2024-01-08,2,0,Area-2,1
2024-01-08,2,0,Area-22,1
2024-01-08,2,0,Area-23,2
2024-01-08,2,0,Area-24,2
2024-01-08,2,0,Area-25,2
2024-01-08,2,0,Area-26,1
2024-01-08,2,0,Area-29,2
2024-01-08,2,0,Area-3,2
2024-01-08,2,0,Area-30,1
2024-01-08,2,0,Area-32,2
2024-01-08,2,0,Area-35,4
2024-01-08,2,0,Area-36,2
2024-01-08,2,0,Area-38,4
2024-01-08,2,0,Area-39,3
2024-01-08,2,0,Area-4,1
2024-01-08,2,0,Area-44,2
2024-01-08,2,0,Area-45,1
2024-01-08,2,0,Area-46,1
2024-01-08,2,0,Area-48,4
2024-01-08,2,0,Area-49,3
2024-01-08,2,0,Area-5,3
2024-01-08,2,0,Area-6,1
2024-01-08,2,0,Area-7,3
2024-01-08,2,0,Area-8,1
2024-01-08,2,0,Area-9,4
2024-01-08,3,0,Area-11,1
2024-01-08,3,0,Area-14,2
2024-01-08,3,0,Area-16,1
2024-01-08,3,0,Area-17,2
2024-01-08,3,0,Area-19,2
2024-01-08,3,0,Area-2,2
2024-01-08,3,0,Area-20,4
2024-01-08,3,0,Area-21,2
2024-01-08,3,0,Area-23,2
2024-01-08,3,0,Area-25,1
2024-01-08,3,0,Area-26,1
2024-01-08,3,0,Area-27,2
2024-01-08,3,0,Area-28,2
2024-01-08,3,0,Area-29,1
2024-01-08,3,0,Area-3,1
2024-01-08,3,0,Area-30,1
2024-01-08,3,0,Area-31,2
2024-01-08,3,0,Area-32,1
2024-01-08,3,0,Area-34,1
2024-01-08,3,0,Area-35,1
2024-01-08,3,0,Area-36,2
2024-01-08,3,0,Area-37,1
2024-01-08,3,0,Area-4,1
2024-01-08,3,0,Area-40,1
2024-01-08,3,0,Area-41,1
2024-01-08,3,0,Area-42,1
2024-01-08,3,0,Area-43,3
2024-01-08,3,0,Area-44,1
2024-01-08,3,0,Area-45,1
2024-01-08,3,0,Area-46,4
2024-01-08,3,0,Area-47,1
2024-01-08,3,0,Area-49,2
2024-01-08,3,0,Area-5,1
2024-01-08,3,0,Area-50,4
2024-01-08,3,0,Area-6,4
2024-01-08,3,0,Area-7,4
2024-01-08,4,0,Area-1,1
2024-01-08,4,0,Area-10,2
2024-01-08,4,0,Area-11,1
2024-01-08,4,0,Area-12,1
2024-01-08,4,0,Area-13,1
2024-01-08,4,0,Area-14,3
2024-01-08,4,0,Area-16,1
2024-01-08,4,0,Area-17,3
2024-01-08,4,0,Area-18,2
2024-01-08,4,0,Area-19,2
2024-01-08,4,0,Area-2,2
2024-01-08,4,0,Area-20,1
2024-01-08,4,0,Area-21,3
2024-01-08,4,0,Area-22,2
2024-01-08,4,0,Area-24,1
2024-01-08,4,0,Area-25,1
2024-01-08,4,0,Area-26,1
2024-01-08,4,0,Area-27,2
2024-01-08,4,0,Area-28,3
2024-01-08,4,0,Area-29,1
2024-01-08,4,0,Area-30,1
2024-01-08,4,0,Area-34,4
2024-01-08,4,0,Area-36,1
2024-01-08,4,0,Area-38,1
2024-01-08,4,0,Area-39,2
2024-01-08,4,0,Area-4,2
2024-01-08,4,0,Area-40,2
2024-01-08,4,0,Area-41,1
2024-01-08,4,0,Area-43,2
2024-01-08,4,0,Area-45,2
2024-01-08,4,0,Area-46,2
2024-01-08,4,0,Area-47,2
2024-01-08,4,0,Area-48,1
2024-01-08,4,0,Area-49,3
2024-01-08,4,0,Area-5,1
2024-01-08,4,0,Area-7,1
2024-01-08,4,0,Area-8,1
2024-01-08,4,0,Area-9,3
2024-01-08,5,0,Area-1,2
2024-01-08,5,0,Area-10,1
2024-01-08,5,0,Area-11,1
2024-01-08,5,0,Area-12,1
2024-01-08,5,0,Area-13,3
2024-01-08,5,0,Area-15,1
2024-01-08,5,0,Area-16,1
2024-01-08,5,0,Area-18,1
2024-01-08,5,0,Area-19,1
2024-01-08,5,0,Area-2,1
2024-01-08,5,0,Area-21,1
2024-01-08,5,0,Area-22,1
2024-01-08,5,0,Area-23,3
2024-01-08,5,0,Area-24,1
2024-01-08,5,0,Area-26,1
2024-01-08,5,0,Area-27,4
2024-01-08,5,0,Area-29,2
2024-01-08,5,0,Area-3,2
2024-01-08,5,0,Area-30,1
2024-01-08,5,0,Area-32,3
2024-01-08,5,0,Area-33,2
2024-01-08,5,0,Area-34,1
2024-01-08,5,0,Area-35,1
2024-01-08,5,0,Area-36,1
2024-01-08,5,0,Area-37,1
2024-01-08,5,0,Area-38,1
2024-01-08,5,0,Area-39,1
2024-01-08,5,0,Area-4,4
2024-01-08,5,0,Area-40,2
2024-01-08,5,0,Area-41,1
2024-01-08,5,0,Area-42,2
2024-01-08,5,0,Area-43,2
2024-01-08,5,0,Area-44,1
2024-01-08,5,0,Area-45,2
2024-01-08,5,0,Area-46,2
2024-01-08,5,0,Area-47,3
2024-01-08,5,0,Area-48,4
2024-01-08,5,0,Area-49,2
2024-01-08,5,0,Area-5,3
2024-01-08,5,0,Area-50,1
2024-01-08,5,0,Area-6,2
2024-01-08,5,0,Area-7,1
2024-01-08,5,0,Area-9,1
2024-01-08,6,0,Area-1,1
2024-01-08,6,0,Area-11,1
2024-01-08,6,0,Area-12,1
2024-01-08,6,0,Area-13,2
2024-01-08,6,0,Area-15,2
2024-01-08,6,0,Area-16,2
2024-01-08,6,0,Area-17,3
2024-01-08,6,0,Area-18,4
2024-01-08,6,0,Area-19,5
2024-01-08,6,0,Area-2,4
2024-01-08,6,0,Area-20,3
2024-01-08,6,0,Area-27,1
2024-01-08,6,0,Area-28,1
2024-01-08,6,0,Area-29,2
2024-01-08,6,0,Area-3,3
2024-01-08,6,0,Area-30,2
2024-01-08,6,0,Area-32,1
2024-01-08,6,0,Area-33,2
2024-01-08,6,0,Area-34,1
2024-01-08,6,0,Area-35,2
2024-01-08,6,0,Area-36,2
2024-01-08,6,0,Area-37,2
2024-01-08,6,0,Area-38,1
2024-01-08,6,0,Area-39,1
2024-01-08,6,0,Area-4,2
2024-01-08,6,0,Area-40,1
2024-01-08,6,0,Area-41,2
2024-01-08,6,0,Area-43,2
2024-01-08,6,0,Area-44,1
2024-01-08,6,0,Area-46,4
2024-01-08,6,0,Area-47,1
2024-01-08,6,0,Area-48,2
2024-01-08,6,0,Area-5,1
2024-01-08,6,0,Area-50,3
2024-01-08,6,0,Area-9,3
2024-01-08,7,0,Area-10,3
2024-01-08,7,0,Area-12,2
2024-01-08,7,0,Area-15,1
2024-01-08,7,0,Area-16,1
2024-01-08,7,0,Area-17,1
2024-01-08,7,0,Area-18,1
2024-01-08,7,0,Area-19,1
2024-01-08,7,0,Area-2,2
2024-01-08,7,0,Area-20,3
2024-01-08,7,0,Area-21,2
2024-01-08,7,0,Area-22,4
2024-01-08,7,0,Area-23,1
2024-01-08,7,0,Area-27,1
2024-01-08,7,0,Area-28,1
2024-01-08,7,0,Area-29,2
2024-01-08,7,0,Area-32,1
2024-01-08,7,0,Area-35,2
2024-01-08,7,0,Area-37,3
2024-01-08,7,0,Area-38,3
2024-01-08,7,0,Area-4,3
2024-01-08,7,0,Area-42,2
2024-01-08,7,0,Area-43,1
2024-01-08,7,0,Area-44,1
2024-01-08,7,0,Area-47,1
2024-01-08,7,0,Area-49,1
2024-01-08,7,0,Area-6,3
2024-01-08,7,0,Area-8,2
2024-01-08,7,0,Area-9,2
2024-01-08,8,0,Area-1,1
2024-01-08,8,0,Area-12,2
2024-01-08,8,0,Area-16,2
2024-01-08,8,0,Area-17,2
2024-01-08,8,0,Area-19,1
2024-01-08,8,0,Area-2,1
2024-01-08,8,0,Area-21,3
2024-01-08,8,0,Area-22,4
2024-01-08,8,0,Area-23,1
2024-01-08,8,0,Area-24,1
2024-01-08,8,0,Area-26,1
2024-01-08,8,0,Area-28,2
2024-01-08,8,0,Area-3,2
2024-01-08,8,0,Area-30,1
2024-01-08,8,0,Area-31,1
2024-01-08,8,0,Area-33,1
2024-01-08,8,0,Area-34,3
2024-01-08,8,0,Area-35,2
2024-01-08,8,0,Area-36,2
2024-01-08,8,0,Area-37,1
2024-01-08,8,0,Area-39,1
2024-01-08,8,0,Area-43,1
2024-01-08,8,0,Area-44,3
2024-01-08,8,0,Area-45,1
2024-01-08,8,0,Area-47,1
2024-01-08,8,0,Area-5,2
2024-01-08,8,0,Area-50,2
2024-01-08,8,0,Area-6,2
2024-01-08,8,0,Area-7,3
2024-01-08,8,0,Area-8,2
2024-01-08,8,0,Area-9,2
2024-01-08,9,0,Area-10,2
2024-01-08,9,0,Area-11,4
2024-01-08,9,0,Area-12,5
2024-01-08,9,0,Area-13,2
2024-01-08,9,0,Area-14,2
2024-01-08,9,0,Area-17,1
2024-01-08,9,0,Area-18,2
2024-01-08,9,0,Area-19,1
2024-01-08,9,0,Area-2,2
2024-01-08,9,0,Area-21,2
2024-01-08,9,0,Area-22,2
2024-01-08,9,0,Area-24,2
2024-01-08,9,0,Area-25,1
2024-01-08,9,0,Area-26,3
2024-01-08,9,0,Area-27,2
2024-01-08,9,0,Area-28,2
2024-01-08,9,0,Area-29,2
2024-01-08,9,0,Area-3,1
2024-01-08,9,0,Area-30,2
2024-01-08,9,0,Area-31,1
2024-01-08,9,0,Area-32,2
2024-01-08,9,0,Area-33,1
2024-01-08,9,0,Area-35,2
2024-01-08,9,0,Area-36,1
2024-01-08,9,0,Area-37,1
2024-01-08,9,0,Area-38,1
2024-01-08,9,0,Area-4,2
2024-01-08,9,0,Area-40,2
2024-01-08,9,0,Area-42,2
2024-01-08,9,0,Area-43,1
2024-01-08,9,0,Area-44,2
2024-01-08,9,0,Area-45,1
2024-01-08,9,0,Area-46,2
2024-01-08,9,0,Area-47,1
2024-01-08,9,0,Area-48,1
2024-01-08,9,0,Area-49,1
2024-01-08,9,0,Area-5,2
2024-01-08,9,0,Area-50,4
2024-01-08,9,0,Area-7,2
2024-01-08,9,0,Area-8,2
2024-01-08,9,0,Area-9,4
2024-01-08,10,0,Area-1,1
2024-01-08,10,0,Area-10,2
2024-01-08,10,0,Area-11,2
2024-01-08,10,0,Area-13,1
2024-01-08,10,0,Area-14,1
2024-01-08,10,0,Area-15,2
2024-01-08,10,0,Area-16,5
2024-01-08,10,0,Area-17,1
2024-01-08,10,0,Area-18,3
2024-01-08,10,0,Area-19,2
2024-01-08,10,0,Area-2,3
2024-01-08,10,0,Area-21,2
2024-01-08,10,0,Area-22,1
2024-01-08,10,0,Area-24,2
2024-01-08,10,0,Area-27,1
2024-01-08,10,0,Area-28,1
2024-01-08,10,0,Area-29,1
2024-01-08,10,0,Area-3,1
2024-01-08,10,0,Area-30,1
2024-01-08,10,0,Area-31,2
2024-01-08,10,0,Area-33,1
2024-01-08,10,0,Area-34,2
2024-01-08,10,0,Area-35,1
2024-01-08,10,0,Area-37,1
2024-01-08,10,0,Area-38,2
2024-01-08,10,0,Area-39,4
2024-01-08,10,0,Area-4,2
2024-01-08,10,0,Area-41,1
2024-01-08,10,0,Area-43,1
2024-01-08,10,0,Area-44,2
2024-01-08,10,0,Area-45,1
2024-01-08,10,0,Area-47,1
2024-01-08,10,0,Area-49,2
2024-01-08,10,0,Area-5,2
2024-01-08,10,0,Area-50,2
2024-01-08,10,0,Area-6,2
2024-01-08,10,0,Area-7,1
2024-01-08,10,0,Area-8,1
2024-01-08,10,0,Area-9,2
2024-01-08,11,0,Area-1,3
2024-01-08,11,0,Area-10,2
2024-01-08,11,0,Area-12,2
2024-01-08,11,0,Area-13,2
2024-01-08,11,0,Area-14,3
2024-01-08,11,0,Area-19,2
2024-01-08,11,0,Area-2,2
2024-01-08,11,0,Area-22,2
2024-01-08,11,0,Area-24,2
2024-01-08,11,0,Area-25,2
2024-01-08,11,0,Area-28,1
2024-01-08,11,0,Area-29,1
2024-01-08,11,0,Area-3,3
2024-01-08,11,0,Area-30,2
2024-01-08,11,0,Area-31,2
2024-01-08,11,0,Area-32,1
2024-01-08,11,0,Area-34,3
2024-01-08,11,0,Area-36,1
2024-01-08,11,0,Area-37,3
2024-01-08,11,0,Area-38,2
2024-01-08,11,0,Area-4,2
2024-01-08,11,0,Area-40,4
2024-01-08,11,0,Area-41,2
2024-01-08,11,0,Area-43,2
2024-01-08,11,0,Area-44,1
2024-01-08,11,0,Area-45,2
2024-01-08,11,0,Area-46,5
2024-01-08,11,0,Area-48,1
2024-01-08,11,0,Area-49,1
2024-01-08,11,0,Area-5,1
2024-01-08,11,0,Area-50,1
2024-01-08,11,0,Area-6,1
2024-01-08,11,0,Area-7,2
2024-01-08,11,0,Area-9,1
2024-01-08,12,0,Area-1,1
2024-01-08,12,0,Area-11,4
2024-01-08,12,0,Area-12,2
2024-01-08,12,0,Area-13,1
2024-01-08,12,0,Area-14,1
2024-01-08,12,0,Area-15,2
2024-01-08,12,0,Area-16,1
2024-01-08,12,0,Area-18,4
2024-01-08,12,0,Area-19,3
2024-01-08,12,0,Area-2,4
2024-01-08,12,0,Area-21,1
2024-01-08,12,0,Area-22,2
2024-01-08,12,0,Area-23,1
2024-01-08,12,0,Area-24,5
2024-01-08,12,0,Area-26,1
2024-01-08,12,0,Area-27,1
2024-01-08,12,0,Area-28,2
2024-01-08,12,0,Area-3,3
2024-01-08,12,0,Area-32,2
2024-01-08,12,0,Area-33,2
2024-01-08,12,0,Area-34,1
2024-01-08,12,0,Area-35,2
2024-01-08,12,0,Area-36,1
2024-01-08,12,0,Area-38,2
2024-01-08,12,0,Area-39,2
2024-01-08,12,0,Area-4,1
2024-01-08,12,0,Area-41,1
2024-01-08,12,0,Area-43,1
2024-01-08,12,0,Area-45,1
2024-01-08,12,0,Area-46,1
2024-01-08,12,0,Area-48,2
2024-01-08,12,0,Area-49,2
2024-01-08,12,0,Area-5,2
2024-01-08,12,0,Area-50,1
2024-01-08,12,0,Area-6,2
2024-01-08,13,0,Area-1,2
2024-01-08,13,0,Area-11,1
2024-01-08,13,0,Area-12,1
2024-01-08,13,0,Area-13,3
2024-01-08,13,0,Area-15,1
2024-01-08,13,0,Area-17,2
2024-01-08,13,0,Area-18,1
2024-01-08,13,0,Area-19,2
2024-01-08,13,0,Area-2,1
2024-01-08,13,0,Area-21,3
2024-01-08,13,0,Area-22,3
2024-01-08,13,0,Area-24,5
2024-01-08,13,0,Area-25,1
2024-01-08,13,0,Area-26,1
2024-01-08,13,0,Area-27,1
2024-01-08,13,0,Area-29,2
2024-01-08,13,0,Area-30,3
2024-01-08,13,0,Area-31,1
2024-01-08,13,0,Area-32,3
2024-01-08,13,0,Area-33,1
2024-01-08,13,0,Area-34,1
2024-01-08,13,0,Area-35,1
2024-01-08,13,0,Area-37,2
2024-01-08,13,0,Area-38,2
2024-01-08,13,0,Area-4,1
2024-01-08,13,0,Area-40,1
2024-01-08,13,0,Area-42,2
2024-01-08,13,0,Area-43,2
2024-01-08,13,0,Area-44,1
2024-01-08,13,0,Area-45,2
2024-01-08,13,0,Area-46,1
2024-01-08,13,0,Area-48,2
2024-01-08,13,0,Area-49,2
2024-01-08,13,0,Area-6,1
2024-01-08,13,0,Area-7,3
2024-01-08,14,0,Area-11,4
2024-01-08,14,0,Area-13,2
2024-01-08,14,0,Area-14,1
2024-01-08,14,0,Area-15,3
2024-01-08,14,0,Area-16,2
2024-01-08,14,0,Area-17,1
2024-01-08,14,0,Area-19,1
2024-01-08,14,0,Area-21,1
2024-01-08,14,0,Area-22,5
2024-01-08,14,0,Area-23,1
2024-01-08,14,0,Area-24,1
2024-01-08,14,0,Area-25,2
2024-01-08,14,0,Area-26,1
2024-01-08,14,0,Area-27,1
2024-01-08,14,0,Area-28,1
2024-01-08,14,0,Area-29,2
2024-01-08,14,0,Area-3,2
2024-01-08,14,0,Area-30,1
2024-01-08,14,0,Area-31,3
2024-01-08,14,0,Area-34,1
2024-01-08,14,0,Area-38,2
2024-01-08,14,0,Area-39,2
2024-01-08,14,0,Area-4,4
2024-01-08,14,0,Area-40,1
2024-01-08,14,0,Area-42,2
2024-01-08,14,0,Area-43,2
2024-01-08,14,0,Area-44,1
2024-01-08,14,0,Area-45,1
2024-01-08,14,0,Area-46,1
2024-01-08,14,0,Area-47,1
2024-01-08,14,0,Area-48,2
2024-01-08,14,0,Area-49,1
2024-01-08,14,0,Area-5,1
2024-01-08,14,0,Area-50,4
2024-01-08,14,0,Area-6,1
2024-01-08,14,0,Area-7,2
2024-01-08,14,0,Area-8,2
2024-01-08,14,0,Area-9,1
2024-01-08,15,0,Area-1,1
2024-01-08,15,0,Area-10,2
2024-01-08,15,0,Area-11,1
2024-01-08,15,0,Area-12,3
2024-01-08,15,0,Area-13,1
2024-01-08,15,0,Area-15,4
2024-01-08,15,0,Area-17,1
2024-01-08,15,0,Area-18,2
2024-01-08,15,0,Area-19,1
2024-01-08,15,0,Area-20,4
2024-01-08,15,0,Area-21,2
2024-01-08,15,0,Area-23,2
2024-01-08,15,0,Area-26,1
2024-01-08,15,0,Area-27,1
2024-01-08,15,0,Area-28,2
2024-01-08,15,0,Area-29,3
2024-01-08,15,0,Area-3,1
2024-01-08,15,0,Area-30,2
2024-01-08,15,0,Area-31,3
2024-01-08,15,0,Area-34,1
2024-01-08,15,0,Area-35,1
2024-01-08,15,0,Area-36,2
2024-01-08,15,0,Area-37,3
2024-01-08,15,0,Area-38,4
2024-01-08,15,0,Area-39,4
2024-01-08,15,0,Area-4,1
2024-01-08,15,0,Area-40,2
2024-01-08,15,0,Area-44,1
2024-01-08,15,0,Area-46,1
2024-01-08,15,0,Area-47,1
2024-01-08,15,0,Area-48,1
2024-01-08,15,0,Area-49,3
2024-01-08,15,0,Area-5,2
2024-01-08,15,0,Area-50,2
2024-01-08,15,0,Area-6,2
2024-01-08,15,0,Area-7,1
2024-01-08,15,0,Area-8,4
2024-01-08,16,0,Area-1,1
2024-01-08,16,0,Area-11,1
2024-01-08,16,0,Area-12,2
2024-01-08,16,0,Area-13,1
2024-01-08,16,0,Area-14,1
2024-01-08,16,0,Area-15,2
2024-01-08,16,0,Area-16,2
2024-01-08,16,0,Area-18,2
2024-01-08,16,0,Area-19,3
2024-01-08,16,0,Area-20,2
2024-01-08,16,0,Area-21,2
2024-01-08,16,0,Area-22,2
2024-01-08,16,0,Area-23,1
2024-01-08,16,0,Area-24,6
2024-01-08,16,0,Area-26,1
2024-01-08,16,0,Area-27,1
2024-01-08,16,0,Area-28,1
2024-01-08,16,0,Area-29,2
2024-01-08,16,0,Area-3,1
2024-01-08,16,0,Area-30,2
2024-01-08,16,0,Area-31,3
2024-01-08,16,0,Area-32,1
2024-01-08,16,0,Area-33,1
2024-01-08,16,0,Area-36,1
2024-01-08,16,0,Area-37,2
2024-01-08,16,0,Area-4,3
2024-01-08,16,0,Area-41,1
2024-01-08,16,0,Area-42,4
2024-01-08,16,0,Area-45,1
2024-01-08,16,0,Area-46,2
2024-01-08,16,0,Area-47,2
2024-01-08,16,0,Area-48,3
2024-01-08,16,0,Area-49,2
2024-01-08,16,0,Area-5,1
2024-01-08,16,0,Area-50,2
2024-01-08,16,0,Area-7,2
2024-01-08,16,0,Area-8,2
2024-01-08,16,0,Area-9,3
2024-01-08,17,0,Area-1,1
2024-01-08,17,0,Area-11,1
2024-01-08,17,0,Area-12,1
2024-01-08,17,0,Area-13,2
2024-01-08,17,0,Area-14,2
2024-01-08,17,0,Area-15,2
2024-01-08,17,0,Area-17,2
2024-01-08,17,0,Area-19,4
2024-01-08,17,0,Area-2,2
2024-01-08,17,0,Area-21,2
2024-01-08,17,0,Area-22,2
2024-01-08,17,0,Area-23,2
2024-01-08,17,0,Area-24,1
2024-01-08,17,0,Area-26,4
2024-01-08,17,0,Area-3,2
2024-01-08,17,0,Area-30,3
2024-01-08,17,0,Area-31,2
2024-01-08,17,0,Area-34,1
2024-01-08,17,0,Area-35,1
2024-01-08,17,0,Area-36,2
2024-01-08,17,0,Area-37,1
2024-01-08,17,0,Area-38,1
2024-01-08,17,0,Area-39,1
2024-01-08,17,0,Area-40,1
2024-01-08,17,0,Area-41,1
2024-01-08,17,0,Area-42,2
2024-01-08,17,0,Area-43,5
2024-01-08,17,0,Area-44,3
2024-01-08,17,0,Area-45,1
2024-01-08,17,0,Area-46,1
2024-01-08,17,0,Area-48,2
2024-01-08,17,0,Area-49,4
2024-01-08,17,0,Area-5,1
2024-01-08,17,0,Area-50,2
2024-01-08,17,0,Area-6,1
2024-01-08,17,0,Area-7,1
2024-01-08,17,0,Area-8,1
2024-01-08,17,0,Area-9,1
2024-01-08,18,0,Area-1,1
2024-01-08,18,0,Area-10,3
2024-01-08,18,0,Area-12,1
2024-01-08,18,0,Area-13,3
2024-01-08,18,0,Area-15,1
2024-01-08,18,0,Area-16,2
2024-01-08,18,0,Area-17,1
2024-01-08,18,0,Area-18,3
2024-01-08,18,0,Area-19,4
2024-01-08,18,0,Area-2,1
2024-01-08,18,0,Area-20,2
2024-01-08,18,0,Area-21,3
2024-01-08,18,0,Area-23,2
2024-01-08,18,0,Area-24,1
2024-01-08,18,0,Area-26,1
2024-01-08,18,0,Area-27,1
2024-01-08,18,0,Area-28,1
2024-01-08,18,0,Area-29,4
2024-01-08,18,0,Area-3,1
2024-01-08,18,0,Area-30,1
2024-01-08,18,0,Area-31,2
2024-01-08,18,0,Area-33,2
2024-01-08,18,0,Area-35,2
2024-01-08,18,0,Area-36,4
2024-01-08,18,0,Area-37,2
2024-01-08,18,0,Area-39,2
2024-01-08,18,0,Area-4,1
2024-01-08,18,0,Area-40,1
2024-01-08,18,0,Area-41,4
2024-01-08,18,0,Area-42,2
2024-01-08,18,0,Area-43,2
2024-01-08,18,0,Area-44,1
2024-01-08,18,0,Area-45,2
2024-01-08,18,0,Area-47,4
2024-01-08,18,0,Area-48,2
2024-01-08,18,0,Area-49,1
2024-01-08,18,0,Area-50,1
2024-01-08,18,0,Area-7,1
2024-01-08,18,0,Area-9,1
2024-01-08,19,0,Area-1,2
2024-01-08,19,0,Area-10,2
2024-01-08,19,0,Area-11,1
2024-01-08,19,0,Area-12,1
2024-01-08,19,0,Area-13,2
2024-01-08,19,0,Area-15,1
2024-01-08,19,0,Area-16,2
2024-01-08,19,0,Area-18,1
2024-01-08,19,0,Area-19,2
2024-01-08,19,0,Area-2,2
2024-01-08,19,0,Area-21,1
2024-01-08,19,0,Area-23,3
2024-01-08,19,0,Area-24,1
2024-01-08,19,0,Area-26,4
2024-01-08,19,0,Area-27,2
2024-01-08,19,0,Area-28,2
2024-01-08,19,0,Area-30,1
2024-01-08,19,0,Area-32,1
2024-01-08,19,0,Area-33,3
2024-01-08,19,0,Area-34,2
2024-01-08,19,0,Area-35,2
2024-01-08,19,0,Area-37,1
2024-01-08,19,0,Area-38,1
2024-01-08,19,0,Area-39,3
2024-01-08,19,0,Area-4,3
2024-01-08,19,0,Area-41,1
2024-01-08,19,0,Area-42,2
2024-01-08,19,0,Area-44,5
2024-01-08,19,0,Area-45,1
2024-01-08,19,0,Area-46,3
2024-01-08,19,0,Area-47,2
2024-01-08,19,0,Area-5,1
2024-01-08,19,0,Area-50,1
2024-01-08,19,0,Area-6,1
2024-01-08,19,0,Area-7,1
2024-01-08,19,0,Area-8,2
2024-01-08,19,0,Area-9,3
2024-01-08,20,0,Area-1,2
2024-01-08,20,0,Area-10,2
2024-01-08,20,0,Area-11,3
2024-01-08,20,0,Area-12,1
2024-01-08,20,0,Area-13,1
2024-01-08,20,0,Area-14,3
2024-01-08,20,0,Area-15,1
2024-01-08,20,0,Area-17,1
2024-01-08,20,0,Area-18,1
2024-01-08,20,0,Area-19,1
2024-01-08,20,0,Area-2,1
2024-01-08,20,0,Area-21,2
2024-01-08,20,0,Area-22,5
2024-01-08,20,0,Area-23,2
2024-01-08,20,0,Area-24,4
2024-01-08,20,0,Area-25,2
2024-01-08,20,0,Area-26,1
2024-01-08,20,0,Area-27,1
2024-01-08,20,0,Area-28,7
2024-01-08,20,0,Area-29,2
2024-01-08,20,0,Area-3,2
2024-01-08,20,0,Area-30,2
2024-01-08,20,0,Area-31,1
2024-01-08,20,0,Area-34,1
2024-01-08,20,0,Area-35,2
2024-01-08,20,0,Area-36,1
2024-01-08,20,0,Area-37,4
2024-01-08,20,0,Area-38,1
2024-01-08,20,0,Area-39,2
2024-01-08,20,0,Area-4,2
2024-01-08,20,0,Area-40,1
2024-01-08,20,0,Area-42,1
2024-01-08,20,0,Area-43,1
2024-01-08,20,0,Area-44,3
2024-01-08,20,0,Area-46,2
2024-01-08,20,0,Area-48,5
2024-01-08,20,0,Area-49,1
2024-01-08,20,0,Area-50,1
2024-01-08,20,0,Area-7,3
2024-01-08,20,0,Area-8,1
2024-01-08,20,0,Area-9,2
2024-01-08,21,0,Area-1,3
2024-01-08,21,0,Area-10,2
2024-01-08,21,0,Area-11,4
2024-01-08,21,0,Area-12,2
2024-01-08,21,0,Area-13,2
2024-01-08,21,0,Area-16,5
2024-01-08,21,0,Area-17,1
2024-01-08,21,0,Area-18,2
2024-01-08,21,0,Area-19,1
2024-01-08,21,0,Area-2,3
2024-01-08,21,0,Area-20,3
2024-01-08,21,0,Area-23,2
2024-01-08,21,0,Area-25,2
2024-01-08,21,0,Area-26,1
2024-01-08,21,0,Area-27,1
2024-01-08,21,0,Area-28,1
2024-01-08,21,0,Area-29,2
2024-01-08,21,0,Area-3,1
2024-01-08,21,0,Area-30,2
2024-01-08,21,0,Area-33,1
2024-01-08,21,0,Area-35,1
2024-01-08,21,0,Area-38,1
2024-01-08,21,0,Area-40,1
2024-01-08,21,0,Area-41,1
2024-01-08,21,0,Area-42,1
2024-01-08,21,0,Area-43,1
2024-01-08,21,0,Area-46,2
2024-01-08,21,0,Area-49,2
2024-01-08,21,0,Area-5,1
2024-01-08,21,0,Area-50,2
2024-01-08,21,0,Area-6,1
2024-01-08,21,0,Area-7,2
2024-01-08,21,0,Area-8,4
2024-01-08,21,0,Area-9,4
2024-01-08,22,0,Area-1,2
2024-01-08,22,0,Area-10,1
2024-01-08,22,0,Area-12,3
2024-01-08,22,0,Area-13,1
2024-01-08,22,0,Area-15,3
2024-01-08,22,0,Area-16,2
2024-01-08,22,0,Area-17,2
2024-01-08,22,0,Area-18,2
2024-01-08,22,0,Area-19,1
2024-01-08,22,0,Area-2,1
2024-01-08,22,0,Area-21,1
2024-01-08,22,0,Area-23,1
2024-01-08,22,0,Area-24,1
2024-01-08,22,0,Area-26,2
2024-01-08,22,0,Area-27,1
2024-01-08,22,0,Area-28,1
2024-01-08,22,0,Area-29,4
2024-01-08,22,0,Area-3,1
2024-01-08,22,0,Area-30,1
2024-01-08,22,0,Area-32,4
2024-01-08,22,0,Area-35,3
2024-01-08,22,0,Area-36,2
2024-01-08,22,0,Area-37,1
2024-01-08,22,0,Area-38,1
2024-01-08,22,0,Area-39,2
2024-01-08,22,0,Area-4,2
2024-01-08,22,0,Area-40,3
2024-01-08,22,0,Area-41,2
2024-01-08,22,0,Area-42,1
2024-01-08,22,0,Area-43,1
2024-01-08,22,0,Area-44,1
2024-01-08,22,0,Area-46,1
2024-01-08,22,0,Area-47,3
2024-01-08,22,0,Area-49,1
2024-01-08,22,0,Area-5,3
2024-01-08,22,0,Area-50,4
2024-01-08,22,0,Area-6,3
2024-01-08,22,0,Area-7,2
2024-01-08,22,0,Area-8,1
2024-01-08,22,0,Area-9,3
2024-01-08,23,0,Area-10,1
2024-01-08,23,0,Area-11,2
2024-01-08,23,0,Area-16,3
2024-01-08,23,0,Area-17,1
2024-01-08,23,0,Area-19,2
2024-01-08,23,0,Area-2,1
2024-01-08,23,0,Area-20,2
2024-01-08,23,0,Area-22,1
2024-01-08,23,0,Area-23,1
2024-01-08,23,0,Area-25,2
2024-01-08,23,0,Area-26,3
2024-01-08,23,0,Area-27,1
2024-01-08,23,0,Area-28,2
2024-01-08,23,0,Area-29,1
2024-01-08,23,0,Area-30,1
2024-01-08,23,0,Area-31,3
2024-01-08,23,0,Area-32,1
2024-01-08,23,0,Area-33,1
2024-01-08,23,0,Area-35,2
2024-01-08,23,0,Area-36,3
2024-01-08,23,0,Area-38,1
2024-01-08,23,0,Area-39,1
2024-01-08,23,0,Area-4,3
2024-01-08,23,0,Area-40,2
2024-01-08,23,0,Area-41,2
2024-01-08,23,0,Area-44,4
2024-01-08,23,0,Area-45,2
2024-01-08,23,0,Area-46,1
2024-01-08,23,0,Area-47,1
2024-01-08,23,0,Area-48,1
2024-01-08,23,0,Area-5,1
2024-01-08,23,0,Area-50,3
2024-01-08,23,0,Area-9,4
2024-01-09,0,1,Area-1,2
2024-01-09,0,1,Area-11,3
2024-01-09,0,1,Area-12,1
2024-01-09,0,1,Area-13,1
2024-01-09,0,1,Area-14,2
2024-01-09,0,1,Area-16,1
2024-01-09,0,1,Area-17,2
2024-01-09,0,1,Area-18,3
2024-01-09,0,1,Area-19,1
2024-01-09,0,1,Area-2,3
2024-01-09,0,1,Area-21,1
2024-01-09,0,1,Area-24,4
2024-01-09,0,1,Area-25,4
2024-01-09,0,1,Area-26,2
2024-01-09,0,1,Area-27,2
2024-01-09,0,1,Area-29,1
2024-01-09,0,1,Area-3,3
2024-01-09,0,1,Area-30,2
2024-01-09,0,1,Area-31,1
2024-01-09,0,1,Area-32,1
2024-01-09,0,1,Area-35,1
2024-01-09,0,1,Area-38,3
2024-01-09,0,1,Area-39,1
2024-01-09,0,1,Area-4,8
2024-01-09,0,1,Area-40,2
2024-01-09,0,1,Area-41,1
2024-01-09,0,1,Area-44,2
2024-01-09,0,1,Area-46,1
2024-01-09,0,1,Area-47,3
2024-01-09,0,1,Area-48,2
2024-01-09,0,1,Area-49,1
2024-01-09,0,1,Area-5,2
2024-01-09,0,1,Area-50,1
2024-01-09,0,1,Area-6,1
2024-01-09,1,1,Area-10,3
2024-01-09,1,1,Area-11,1
2024-01-09,1,1,Area-12,2
2024-01-09,1,1,Area-17,1
2024-01-09,1,1,Area-19,2
2024-01-09,1,1,Area-2,1
2024-01-09,1,1,Area-21,2
2024-01-09,1,1,Area-22,3
2024-01-09,1,1,Area-23,4
2024-01-09,1,1,Area-24,1
2024-01-09,1,1,Area-25,2
2024-01-09,1,1,Area-28,1
2024-01-09,1,1,Area-3,1
2024-01-09,1,1,Area-31,4
2024-01-09,1,1,Area-32,2
2024-01-09,1,1,Area-33,2
2024-01-09,1,1,Area-34,1
2024-01-09,1,1,Area-35,1
2024-01-09,1,1,Area-37,2
2024-01-09,1,1,Area-38,3
2024-01-09,1,1,Area-39,1
2024-01-09,1,1,Area-4,2
2024-01-09,1,1,Area-41,4
2024-01-09,1,1,Area-43,1
2024-01-09,1,1,Area-46,3
2024-01-09,1,1,Area-48,3
2024-01-09,1,1,Area-5,1
2024-01-09,1,1,Area-50,1
2024-01-09,1,1,Area-6,2
2024-01-09,1,1,Area-7,1
2024-01-09,1,1,Area-8,1
2024-01-09,2,1,Area-1,1
2024-01-09,2,1,Area-10,2
2024-01-09,2,1,Area-11,4
2024-01-09,2,1,Area-12,3
2024-01-09,2,1,Area-13,2
2024-01-09,2,1,Area-14,1
2024-01-09,2,1,Area-15,3
2024-01-09,2,1,Area-16,2
2024-01-09,2,1,Area-17,1
2024-01-09,2,1,Area-19,1
2024-01-09,2,1,Area-2,2
2024-01-09,2,1,Area-20,1
2024-01-09,2,1,Area-21,1
2024-01-09,2,1,Area-22,1
2024-01-09,2,1,Area-23,1
2024-01-09,2,1,Area-24,1
2024-01-09,2,1,Area-26,2
2024-01-09,2,1,Area-29,1
2024-01-09,2,1,Area-3,2
2024-01-09,2,1,Area-31,1
2024-01-09,2,1,Area-33,1
2024-01-09,2,1,Area-34,3
2024-01-09,2,1,Area-35,1
2024-01-09,2,1,Area-36,2
2024-01-09,2,1,Area-38,1
2024-01-09,2,1,Area-4,5
2024-01-09,2,1,Area-41,2
2024-01-09,2,1,Area-42,3
2024-01-09,2,1,Area-43,2
2024-01-09,2,1,Area-45,1
2024-01-09,2,1,Area-46,1
2024-01-09,2,1,Area-47,1
2024-01-09,2,1,Area-48,1
2024-01-09,2,1,Area-49,1
2024-01-09,2,1,Area-5,1
2024-01-09,2,1,Area-6,2
2024-01-09,2,1,Area-7,1
2024-01-09,2,1,Area-8,1
2024-01-09,2,1,Area-9,4
2024-01-09,3,1,Area-1,3
2024-01-09,3,1,Area-10,1
2024-01-09,3,1,Area-12,3
2024-01-09,3,1,Area-13,1
2024-01-09,3,1,Area-14,4
2024-01-09,3,1,Area-15,3
2024-01-09,3,1,Area-16,2
2024-01-09,3,1,Area-18,4
2024-01-09,3,1,Area-19,3
2024-01-09,3,1,Area-2,1
2024-01-09,3,1,Area-21,3
2024-01-09,3,1,Area-22,1
2024-01-09,3,1,Area-23,4
2024-01-09,3,1,Area-24,1
2024-01-09,3,1,Area-25,3
2024-01-09,3,1,Area-26,3
2024-01-09,3,1,Area-27,2
2024-01-09,3,1,Area-28,2
2024-01-09,3,1,Area-29,1
2024-01-09,3,1,Area-30,2
2024-01-09,3,1,Area-31,1
2024-01-09,3,1,Area-32,3
2024-01-09,3,1,Area-33,1
2024-01-09,3,1,Area-34,1
2024-01-09,3,1,Area-35,2
2024-01-09,3,1,Area-36,4
2024-01-09,3,1,Area-37,1
2024-01-09,3,1,Area-38,2
2024-01-09,3,1,Area-39,1
2024-01-09,3,1,Area-42,1
2024-01-09,3,1,Area-43,2
2024-01-09,3,1,Area-44,1
2024-01-09,3,1,Area-45,2
2024-01-09,3,1,Area-46,1
2024-01-09,3,1,Area-47,2
2024-01-09,3,1,Area-49,1
2024-01-09,3,1,Area-5,2
2024-01-09,3,1,Area-50,1
2024-01-09,3,1,Area-8,1
2024-01-09,3,1,Area-9,1
2024-01-09,4,1,Area-1,2
2024-01-09,4,1,Area-10,1
2024-01-09,4,1,Area-11,1
2024-01-09,4,1,Area-12,2
2024-01-09,4,1,Area-13,1
2024-01-09,4,1,Area-14,2
2024-01-09,4,1,Area-15,2
2024-01-09,4,1,Area-17,1
2024-01-09,4,1,Area-18,1
2024-01-09,4,1,Area-19,1
2024-01-09,4,1,Area-2,1
2024-01-09,4,1,Area-20,1
2024-01-09,4,1,Area-22,2
2024-01-09,4,1,Area-23,3
2024-01-09,4,1,Area-24,1
2024-01-09,4,1,Area-25,1
2024-01-09,4,1,Area-26,1
2024-01-09,4,1,Area-27,1
2024-01-09,4,1,Area-29,1
2024-01-09,4,1,Area-3,1
2024-01-09,4,1,Area-30,2
2024-01-09,4,1,Area-31,2
2024-01-09,4,1,Area-33,2
2024-01-09,4,1,Area-36,4
2024-01-09,4,1,Area-38,2
2024-01-09,4,1,Area-39,2
2024-01-09,4,1,Area-4,2
2024-01-09,4,1,Area-40,1
2024-01-09,4,1,Area-41,2
2024-01-09,4,1,Area-42,1
2024-01-09,4,1,Area-43,2
2024-01-09,4,1,Area-44,1
2024-01-09,4,1,Area-45,1
2024-01-09,4,1,Area-46,3
2024-01-09,4,1,Area-47,2
2024-01-09,4,1,Area-48,1
2024-01-09,4,1,Area-49,1
2024-01-09,4,1,Area-5,1
2024-01-09,4,1,Area-50,1
2024-01-09,4,1,Area-6,2
2024-01-09,4,1,Area-7,1
2024-01-09,4,1,Area-8,2
2024-01-09,4,1,Area-9,2
2024-01-09,5,1,Area-1,1
2024-01-09,5,1,Area-11,1
2024-01-09,5,1,Area-13,1
2024-01-09,5,1,Area-14,1
2024-01-09,5,1,Area-15,1
2024-01-09,5,1,Area-17,2
2024-01-09,5,1,Area-19,1
2024-01-09,5,1,Area-20,1
2024-01-09,5,1,Area-21,2
2024-01-09,5,1,Area-22,2
2024-01-09,5,1,Area-23,2
2024-01-09,5,1,Area-24,3
2024-01-09,5,1,Area-25,3
2024-01-09,5,1,Area-26,1
2024-01-09,5,1,Area-27,3
2024-01-09,5,1,Area-28,1
2024-01-09,5,1,Area-29,3
2024-01-09,5,1,Area-3,1
2024-01-09,5,1,Area-30,2
2024-01-09,5,1,Area-31,2
2024-01-09,5,1,Area-33,1
2024-01-09,5,1,Area-34,1
2024-01-09,5,1,Area-36,3
2024-01-09,5,1,Area-37,3
2024-01-09,5,1,Area-38,2
2024-01-09,5,1,Area-40,1
2024-01-09,5,1,Area-41,1
2024-01-09,5,1,Area-43,1
2024-01-09,5,1,Area-44,1
2024-01-09,5,1,Area-45,1
2024-01-09,5,1,Area-46,2
2024-01-09,5,1,Area-47,1
2024-01-09,5,1,Area-48,2
2024-01-09,5,1,Area-5,1
2024-01-09,5,1,Area-6,1
2024-01-09,5,1,Area-7,4
2024-01-09,5,1,Area-8,3
2024-01-09,6,1,Area-10,2
2024-01-09,6,1,Area-12,1
2024-01-09,6,1,Area-13,1
2024-01-09,6,1,Area-14,2
2024-01-09,6,1,Area-15,1
2024-01-09,6,1,Area-17,3
2024-01-09,6,1,Area-18,3
2024-01-09,6,1,Area-19,1
2024-01-09,6,1,Area-2,2
2024-01-09,6,1,Area-22,1
2024-01-09,6,1,Area-25,2
2024-01-09,6,1,Area-26,2
2024-01-09,6,1,Area-27,2
2024-01-09,6,1,Area-28,2
2024-01-09,6,1,Area-29,3
2024-01-09,6,1,Area-3,2
2024-01-09,6,1,Area-30,1
2024-01-09,6,1,Area-31,1
2024-01-09,6,1,Area-32,2
2024-01-09,6,1,Area-33,2
2024-01-09,6,1,Area-34,3
2024-01-09,6,1,Area-35,1
2024-01-09,6,1,Area-36,4
2024-01-09,6,1,Area-37,2
2024-01-09,6,1,Area-38,1
2024-01-09,6,1,Area-39,1
2024-01-09,6,1,Area-4,2
2024-01-09,6,1,Area-40,2
2024-01-09,6,1,Area-41,1
2024-01-09,6,1,Area-42,4
2024-01-09,6,1,Area-43,2
2024-01-09,6,1,Area-44,1
2024-01-09,6,1,Area-47,1
2024-01-09,6,1,Area-48,2
2024-01-09,6,1,Area-49,2
2024-01-09,6,1,Area-5,3
2024-01-09,6,1,Area-50,3
2024-01-09,6,1,Area-6,1
2024-01-09,6,1,Area-7,1
2024-01-09,6,1,Area-9,1
2024-01-09,7,1,Area-1,2
2024-01-09,7,1,Area-10,1
2024-01-09,7,1,Area-11,2
2024-01-09,7,1,Area-12,4
2024-01-09,7,1,Area-13,2
2024-01-09,7,1,Area-14,2
2024-01-09,7,1,Area-17,1
2024-01-09,7,1,Area-18,2
2024-01-09,7,1,Area-19,4
2024-01-09,7,1,Area-20,5
2024-01-09,7,1,Area-22,3
2024-01-09,7,1,Area-23,3
2024-01-09,7,1,Area-24,1
2024-01-09,7,1,Area-26,1
2024-01-09,7,1,Area-27,1
2024-01-09,7,1,Area-28,1
2024-01-09,7,1,Area-29,3
2024-01-09,7,1,Area-3,2
2024-01-09,7,1,Area-31,2
2024-01-09,7,1,Area-32,1
2024-01-09,7,1,Area-33,2
2024-01-09,7,1,Area-34,3
2024-01-09,7,1,Area-35,2
2024-01-09,7,1,Area-37,1
2024-01-09,7,1,Area-38,1
2024-01-09,7,1,Area-39,6
2024-01-09,7,1,Area-4,1
2024-01-09,7,1,Area-41,1
2024-01-09,7,1,Area-42,2
2024-01-09,7,1,Area-43,1
2024-01-09,7,1,Area-44,2
2024-01-09,7,1,Area-45,5
2024-01-09,7,1,Area-47,3
2024-01-09,7,1,Area-48,3
2024-01-09,7,1,Area-49,2
2024-01-09,7,1,Area-5,2
2024-01-09,7,1,Area-6,2
2024-01-09,7,1,Area-7,1
2024-01-09,7,1,Area-8,1
2024-01-09,8,1,Area-1,2
2024-01-09,8,1,Area-10,3
2024-01-09,8,1,Area-12,2
2024-01-09,8,1,Area-13,3
2024-01-09,8,1,Area-14,2
2024-01-09,8,1,Area-16,1
2024-01-09,8,1,Area-17,1
2024-01-09,8,1,Area-18,1
2024-01-09,8,1,Area-19,3
2024-01-09,8,1,Area-2,1
2024-01-09,8,1,Area-20,1
2024-01-09,8,1,Area-21,3
2024-01-09,8,1,Area-22,1
2024-01-09,8,1,Area-24,2
2024-01-09,8,1,Area-25,2
2024-01-09,8,1,Area-27,2
2024-01-09,8,1,Area-28,1
2024-01-09,8,1,Area-29,1
2024-01-09,8,1,Area-3,3
2024-01-09,8,1,Area-30,3
2024-01-09,8,1,Area-33,1
2024-01-09,8,1,Area-34,1
2024-01-09,8,1,Area-37,2
2024-01-09,8,1,Area-38,3
2024-01-09,8,1,Area-39,1
2024-01-09,8,1,Area-4,1
2024-01-09,8,1,Area-40,2
2024-01-09,8,1,Area-41,3
2024-01-09,8,1,Area-42,1
2024-01-09,8,1,Area-43,1
2024-01-09,8,1,Area-45,1
2024-01-09,8,1,Area-46,1
2024-01-09,8,1,Area-47,1
2024-01-09,8,1,Area-49,2
2024-01-09,8,1,Area-5,3
2024-01-09,8,1,Area-6,2
2024-01-09,8,1,Area-8,1
2024-01-09,9,1,Area-10,3
2024-01-09,9,1,Area-11,3
2024-01-09,9,1,Area-12,1
2024-01-09,9,1,Area-13,1
2024-01-09,9,1,Area-14,2
2024-01-09,9,1,Area-15,1
2024-01-09,9,1,Area-16,3
2024-01-09,9,1,Area-17,4
2024-01-09,9,1,Area-19,2
2024-01-09,9,1,Area-2,4
2024-01-09,9,1,Area-21,2
2024-01-09,9,1,Area-22,1
2024-01-09,9,1,Area-23,2
2024-01-09,9,1,Area-25,2
2024-01-09,9,1,Area-26,3
2024-01-09,9,1,Area-28,1
2024-01-09,9,1,Area-3,1
2024-01-09,9,1,Area-30,1
2024-01-09,9,1,Area-31,1
2024-01-09,9,1,Area-33,1
2024-01-09,9,1,Area-34,3
2024-01-09,9,1,Area-37,2
2024-01-09,9,1,Area-38,3
2024-01-09,9,1,Area-4,2
2024-01-09,9,1,Area-40,3
2024-01-09,9,1,Area-41,1
2024-01-09,9,1,Area-42,3
2024-01-09,9,1,Area-43,2
2024-01-09,9,1,Area-45,1
2024-01-09,9,1,Area-46,1
2024-01-09,9,1,Area-47,1
2024-01-09,9,1,Area-49,4
2024-01-09,9,1,Area-50,2
2024-01-09,9,1,Area-6,1
2024-01-09,9,1,Area-7,2
2024-01-09,9,1,Area-8,2
2024-01-09,9,1,Area-9,2
2024-01-09,10,1,Area-1,3
2024-01-09,10,1,Area-11,1
2024-01-09,10,1,Area-13,1
2024-01-09,10,1,Area-15,4
2024-01-09,10,1,Area-17,2
2024-01-09,10,1,Area-18,1
2024-01-09,10,1,Area-20,2
2024-01-09,10,1,Area-21,2
2024-01-09,10,1,Area-22,1
2024-01-09,10,1,Area-24,1
2024-01-09,10,1,Area-25,4
2024-01-09,10,1,Area-26,2
2024-01-09,10,1,Area-27,1
2024-01-09,10,1,Area-28,2
2024-01-09,10,1,Area-29,2
2024-01-09,10,1,Area-3,2
2024-01-09,10,1,Area-30,1
2024-01-09,10,1,Area-31,4
2024-01-09,10,1,Area-32,1
2024-01-09,10,1,Area-33,2
2024-01-09,10,1,Area-34,2
2024-01-09,10,1,Area-35,3
2024-01-09,10,1,Area-37,5
2024-01-09,10,1,Area-39,3
2024-01-09,10,1,Area-4,2
2024-01-09,10,1,Area-40,1
2024-01-09,10,1,Area-41,1
2024-01-09,10,1,Area-43,1
2024-01-09,10,1,Area-44,1
2024-01-09,10,1,Area-45,4
2024-01-09,10,1,Area-46,2
2024-01-09,10,1,Area-47,2
2024-01-09,10,1,Area-48,2
2024-01-09,10,1,Area-49,2
2024-01-09,10,1,Area-50,1
2024-01-09,10,1,Area-7,1
2024-01-09,10,1,Area-8,2
2024-01-09,10,1,Area-9,1
2024-01-09,11,1,Area-1,2
2024-01-09,11,1,Area-10,2
2024-01-09,11,1,Area-11,2
2024-01-09,11,1,Area-14,1
2024-01-09,11,1,Area-16,1
2024-01-09,11,1,Area-18,4
2024-01-09,11,1,Area-19,1
2024-01-09,11,1,Area-20,4
2024-01-09,11,1,Area-21,1
2024-01-09,11,1,Area-22,1
2024-01-09,11,1,Area-23,1
2024-01-09,11,1,Area-25,3
2024-01-09,11,1,Area-26,3
2024-01-09,11,1,Area-27,3
2024-01-09,11,1,Area-28,2
2024-01-09,11,1,Area-29,3
2024-01-09,11,1,Area-3,1
2024-01-09,11,1,Area-30,3
2024-01-09,11,1,Area-31,1
2024-01-09,11,1,Area-32,1
2024-01-09,11,1,Area-34,2
2024-01-09,11,1,Area-35,1
2024-01-09,11,1,Area-38,1
2024-01-09,11,1,Area-39,1
2024-01-09,11,1,Area-40,1
2024-01-09,11,1,Area-41,2
2024-01-09,11,1,Area-42,1
2024-01-09,11,1,Area-44,1
2024-01-09,11,1,Area-45,3
2024-01-09,11,1,Area-46,1
2024-01-09,11,1,Area-47,4
2024-01-09,11,1,Area-48,1
2024-01-09,11,1,Area-49,1
2024-01-09,11,1,Area-5,1
2024-01-09,11,1,Area-6,1
2024-01-09,11,1,Area-8,2
2024-01-09,11,1,Area-9,2
2024-01-09,12,1,Area-1,2
2024-01-09,12,1,Area-10,2
2024-01-09,12,1,Area-11,2
2024-01-09,12,1,Area-12,2
2024-01-09,12,1,Area-13,2
2024-01-09,12,1,Area-14,2
2024-01-09,12,1,Area-15,2
2024-01-09,12,1,Area-16,1
2024-01-09,12,1,Area-17,1
2024-01-09,12,1,Area-18,1
2024-01-09,12,1,Area-19,4
2024-01-09,12,1,Area-2,2
2024-01-09,12,1,Area-20,2
2024-01-09,12,1,Area-24,1
2024-01-09,12,1,Area-25,3
2024-01-09,12,1,Area-26,3
2024-01-09,12,1,Area-27,1
2024-01-09,12,1,Area-29,1
2024-01-09,12,1,Area-3,1
2024-01-09,12,1,Area-30,1
2024-01-09,12,1,Area-32,1
2024-01-09,12,1,Area-33,1
2024-01-09,12,1,Area-34,1
2024-01-09,12,1,Area-35,2
2024-01-09,12,1,Area-36,4
2024-01-09,12,1,Area-37,1
2024-01-09,12,1,Area-4,1
2024-01-09,12,1,Area-41,1
2024-01-09,12,1,Area-42,1
2024-01-09,12,1,Area-44,4
2024-01-09,12,1,Area-45,1
2024-01-09,12,1,Area-46,2
2024-01-09,12,1,Area-47,1
2024-01-09,12,1,Area-48,2
2024-01-09,12,1,Area-5,3
2024-01-09,12,1,Area-7,1
2024-01-09,12,1,Area-8,3
2024-01-09,12,1,Area-9,1
2024-01-09,13,1,Area-10,1
2024-01-09,13,1,Area-11,1
2024-01-09,13,1,Area-12,2
2024-01-09,13,1,Area-14,1
2024-01-09,13,1,Area-15,3
2024-01-09,13,1,Area-16,2
2024-01-09,13,1,Area-17,2
2024-01-09,13,1,Area-18,2
2024-01-09,13,1,Area-19,1
2024-01-09,13,1,Area-2,1
2024-01-09,13,1,Area-20,2
2024-01-09,13,1,Area-22,2
2024-01-09,13,1,Area-23,1
2024-01-09,13,1,Area-24,3
2024-01-09,13,1,Area-26,3
2024-01-09,13,1,Area-27,2
2024-01-09,13,1,Area-29,5
2024-01-09,13,1,Area-3,4
2024-01-09,13,1,Area-33,1
2024-01-09,13,1,Area-35,1
2024-01-09,13,1,Area-37,2
2024-01-09,13,1,Area-38,2
2024-01-09,13,1,Area-4,2
2024-01-09,13,1,Area-41,1
2024-01-09,13,1,Area-43,2
2024-01-09,13,1,Area-44,1
2024-01-09,13,1,Area-45,1
2024-01-09,13,1,Area-46,2
2024-01-09,13,1,Area-47,3
2024-01-09,13,1,Area-48,1
2024-01-09,13,1,Area-5,1
2024-01-09,13,1,Area-6,3
2024-01-09,13,1,Area-8,1
2024-01-09,14,1,Area-1,3
2024-01-09,14,1,Area-10,3
2024-01-09,14,1,Area-11,1
2024-01-09,14,1,Area-13,2
2024-01-09,14,1,Area-14,3
2024-01-09,14,1,Area-15,1
2024-01-09,14,1,Area-16,1
2024-01-09,14,1,Area-18,3
2024-01-09,14,1,Area-2,3
2024-01-09,14,1,Area-21,1
2024-01-09,14,1,Area-24,3
2024-01-09,14,1,Area-27,2
2024-01-09,14,1,Area-28,1
2024-01-09,14,1,Area-29,1
2024-01-09,14,1,Area-30,3
2024-01-09,14,1,Area-32,1
2024-01-09,14,1,Area-33,3
2024-01-09,14,1,Area-34,2
2024-01-09,14,1,Area-35,2
2024-01-09,14,1,Area-36,1
2024-01-09,14,1,Area-37,1
2024-01-09,14,1,Area-38,1
2024-01-09,14,1,Area-4,2
2024-01-09,14,1,Area-41,1
2024-01-09,14,1,Area-42,1
2024-01-09,14,1,Area-43,4
2024-01-09,14,1,Area-44,1
2024-01-09,14,1,Area-46,1
2024-01-09,14,1,Area-48,1
2024-01-09,14,1,Area-49,3
2024-01-09,14,1,Area-5,1
2024-01-09,14,1,Area-8,2
2024-01-09,15,1,Area-1,1
2024-01-09,15,1,Area-10,2
2024-01-09,15,1,Area-12,1
2024-01-09,15,1,Area-13,2
2024-01-09,15,1,Area-14,1
2024-01-09,15,1,Area-16,3
2024-01-09,15,1,Area-17,2
2024-01-09,15,1,Area-18,1
2024-01-09,15,1,Area-2,2
2024-01-09,15,1,Area-20,3
2024-01-09,15,1,Area-21,1
2024-01-09,15,1,Area-22,2
2024-01-09,15,1,Area-24,3
2024-01-09,15,1,Area-25,1
2024-01-09,15,1,Area-26,1
2024-01-09,15,1,Area-27,2
2024-01-09,15,1,Area-28,1
2024-01-09,15,1,Area-29,1
2024-01-09,15,1,Area-3,1
2024-01-09,15,1,Area-30,1
2024-01-09,15,1,Area-31,1
2024-01-09,15,1,Area-32,2
2024-01-09,15,1,Area-33,3
2024-01-09,15,1,Area-35,2
2024-01-09,15,1,Area-36,1
2024-01-09,15,1,Area-37,2
2024-01-09,15,1,Area-39,2
2024-01-09,15,1,Area-4,3
2024-01-09,15,1,Area-40,4
2024-01-09,15,1,Area-41,5
2024-01-09,15,1,Area-42,1
2024-01-09,15,1,Area-43,1
2024-01-09,15,1,Area-45,2
2024-01-09,15,1,Area-46,1
2024-01-09,15,1,Area-48,1
2024-01-09,15,1,Area-49,3
2024-01-09,15,1,Area-5,2
2024-01-09,15,1,Area-50,1
2024-01-09,15,1,Area-6,4
2024-01-09,15,1,Area-8,3
2024-01-09,15,1,Area-9,2
2024-01-09,16,1,Area-1,1
2024-01-09,16,1,Area-10,1
2024-01-09,16,1,Area-12,3
2024-01-09,16,1,Area-14,1
2024-01-09,16,1,Area-16,2
2024-01-09,16,1,Area-17,1
2024-01-09,16,1,Area-19,2
2024-01-09,16,1,Area-2,2
2024-01-09,16,1,Area-20,1
2024-01-09,16,1,Area-22,1
2024-01-09,16,1,Area-23,1
2024-01-09,16,1,Area-24,1
2024-01-09,16,1,Area-25,2
2024-01-09,16,1,Area-27,1
2024-01-09,16,1,Area-28,1
2024-01-09,16,1,Area-3,2
2024-01-09,16,1,Area-30,1
2024-01-09,16,1,Area-31,2
2024-01-09,16,1,Area-32,1
2024-01-09,16,1,Area-33,4
2024-01-09,16,1,Area-35,1
2024-01-09,16,1,Area-36,2
2024-01-09,16,1,Area-37,1
2024-01-09,16,1,Area-38,1
2024-01-09,16,1,Area-39,5
2024-01-09,16,1,Area-40,3
2024-01-09,16,1,Area-41,3
2024-01-09,16,1,Area-42,2
2024-01-09,16,1,Area-43,1
2024-01-09,16,1,Area-44,2
2024-01-09,16,1,Area-45,1
2024-01-09,16,1,Area-47,1
2024-01-09,16,1,Area-48,2
2024-01-09,16,1,Area-50,2
2024-01-09,16,1,Area-7,3
2024-01-09,16,1,Area-8,2
2024-01-09,16,1,Area-9,1
2024-01-09,17,1,Area-1,2
2024-01-09,17,1,Area-10,2
2024-01-09,17,1,Area-11,2
2024-01-09,17,1,Area-13,2
2024-01-09,17,1,Area-14,1
2024-01-09,17,1,Area-15,2
2024-01-09,17,1,Area-16,2
2024-01-09,17,1,Area-17,2
2024-01-09,17,1,Area-18,1
2024-01-09,17,1,Area-19,3
2024-01-09,17,1,Area-2,2
2024-01-09,17,1,Area-21,1
2024-01-09,17,1,Area-22,1
2024-01-09,17,1,Area-24,1
2024-01-09,17,1,Area-25,1
2024-01-09,17,1,Area-26,3
2024-01-09,17,1,Area-27,1
2024-01-09,17,1,Area-28,3
2024-01-09,17,1,Area-3,3
2024-01-09,17,1,Area-30,1
2024-01-09,17,1,Area-31,2
2024-01-09,17,1,Area-33,1
2024-01-09,17,1,Area-35,3
2024-01-09,17,1,Area-36,1
2024-01-09,17,1,Area-37,1
2024-01-09,17,1,Area-38,3
2024-01-09,17,1,Area-39,3
2024-01-09,17,1,Area-40,1
2024-01-09,17,1,Area-41,3
2024-01-09,17,1,Area-44,1
2024-01-09,17,1,Area-45,2
2024-01-09,17,1,Area-46,5
2024-01-09,17,1,Area-49,1
2024-01-09,17,1,Area-5,4
2024-01-09,17,1,Area-50,1
2024-01-09,17,1,Area-6,5
2024-01-09,17,1,Area-8,1
2024-01-09,18,1,Area-14,2
2024-01-09,18,1,Area-18,2
2024-01-09,18,1,Area-2,3
2024-01-09,18,1,Area-20,1
2024-01-09,18,1,Area-21,1
2024-01-09,18,1,Area-23,1
2024-01-09,18,1,Area-24,1
2024-01-09,18,1,Area-25,3
2024-01-09,18,1,Area-26,1
2024-01-09,18,1,Area-28,1
2024-01-09,18,1,Area-30,2
2024-01-09,18,1,Area-31,1
2024-01-09,18,1,Area-32,2
2024-01-09,18,1,Area-33,2
2024-01-09,18,1,Area-34,2
2024-01-09,18,1,Area-36,4
2024-01-09,18,1,Area-37,1
2024-01-09,18,1,Area-38,4
2024-01-09,18,1,Area-39,1
2024-01-09,18,1,Area-4,1
2024-01-09,18,1,Area-40,2
2024-01-09,18,1,Area-41,1
2024-01-09,18,1,Area-42,2
2024-01-09,18,1,Area-43,1
2024-01-09,18,1,Area-44,3
2024-01-09,18,1,Area-47,1
2024-01-09,18,1,Area-49,1
2024-01-09,18,1,Area-50,4
2024-01-09,18,1,Area-6,2
2024-01-09,18,1,Area-7,1
2024-01-09,18,1,Area-8,1
2024-01-09,18,1,Area-9,2
2024-01-09,19,1,Area-10,1
2024-01-09,19,1,Area-11,1
2024-01-09,19,1,Area-12,2
2024-01-09,19,1,Area-13,1
2024-01-09,19,1,Area-15,1
2024-01-09,19,1,Area-16,2
2024-01-09,19,1,Area-18,1
2024-01-09,19,1,Area-19,4
2024-01-09,19,1,Area-2,2
2024-01-09,19,1,Area-20,2
2024-01-09,19,1,Area-21,5
2024-01-09,19,1,Area-22,1
2024-01-09,19,1,Area-23,1
2024-01-09,19,1,Area-25,3
2024-01-09,19,1,Area-27,1
2024-01-09,19,1,Area-28,1
2024-01-09,19,1,Area-29,1
2024-01-09,19,1,Area-30,1
2024-01-09,19,1,Area-31,1
2024-01-09,19,1,Area-32,3
2024-01-09,19,1,Area-34,1
2024-01-09,19,1,Area-35,2
2024-01-09,19,1,Area-36,1
2024-01-09,19,1,Area-37,1
2024-01-09,19,1,Area-39,3
2024-01-09,19,1,Area-4,1
2024-01-09,19,1,Area-41,1
2024-01-09,19,1,Area-42,5
2024-01-09,19,1,Area-43,1
2024-01-09,19,1,Area-44,4
2024-01-09,19,1,Area-47,2
2024-01-09,19,1,Area-50,1
2024-01-09,19,1,Area-9,1
2024-01-09,20,1,Area-1,2
2024-01-09,20,1,Area-10,1
2024-01-09,20,1,Area-11,1
2024-01-09,20,1,Area-12,3
2024-01-09,20,1,Area-13,1
2024-01-09,20,1,Area-14,2
2024-01-09,20,1,Area-17,3
2024-01-09,20,1,Area-18,1
2024-01-09,20,1,Area-19,2
2024-01-09,20,1,Area-2,1
2024-01-09,20,1,Area-20,2
2024-01-09,20,1,Area-21,1
2024-01-09,20,1,Area-24,2
2024-01-09,20,1,Area-25,1
2024-01-09,20,1,Area-26,1
2024-01-09,20,1,Area-27,2
2024-01-09,20,1,Area-28,2
2024-01-09,20,1,Area-29,2
2024-01-09,20,1,Area-3,2
2024-01-09,20,1,Area-30,1
2024-01-09,20,1,Area-31,1
2024-01-09,20,1,Area-32,1
2024-01-09,20,1,Area-33,4
2024-01-09,20,1,Area-34,1
2024-01-09,20,1,Area-36,1
2024-01-09,20,1,Area-37,1
2024-01-09,20,1,Area-39,3
2024-01-09,20,1,Area-4,3
2024-01-09,20,1,Area-40,1
2024-01-09,20,1,Area-42,2
2024-01-09,20,1,Area-43,1
2024-01-09,20,1,Area-44,1
2024-01-09,20,1,Area-45,1
2024-01-09,20,1,Area-46,1
2024-01-09,20,1,Area-48,3
2024-01-09,20,1,Area-49,1
2024-01-09,20,1,Area-50,1
2024-01-09,20,1,Area-6,4
2024-01-09,20,1,Area-8,3
2024-01-09,21,1,Area-1,1
2024-01-09,21,1,Area-10,1
2024-01-09,21,1,Area-11,1
2024-01-09,21,1,Area-12,2
2024-01-09,21,1,Area-13,3
2024-01-09,21,1,Area-15,2
2024-01-09,21,1,Area-16,1
2024-01-09,21,1,Area-17,2
2024-01-09,21,1,Area-18,2
2024-01-09,21,1,Area-19,2
2024-01-09,21,1,Area-20,1
2024-01-09,21,1,Area-22,1
2024-01-09,21,1,Area-24,1
2024-01-09,21,1,Area-25,4
2024-01-09,21,1,Area-26,4
2024-01-09,21,1,Area-28,2
2024-01-09,21,1,Area-31,1
2024-01-09,21,1,Area-32,4
2024-01-09,21,1,Area-33,4
2024-01-09,21,1,Area-34,2
2024-01-09,21,1,Area-35,3
2024-01-09,21,1,Area-36,1
2024-01-09,21,1,Area-39,1
2024-01-09,21,1,Area-40,1
2024-01-09,21,1,Area-42,2
2024-01-09,21,1,Area-43,3
2024-01-09,21,1,Area-44,1
2024-01-09,21,1,Area-45,3
2024-01-09,21,1,Area-46,3
2024-01-09,21,1,Area-47,4
2024-01-09,21,1,Area-5,1
2024-01-09,21,1,Area-50,5
2024-01-09,21,1,Area-6,3
2024-01-09,21,1,Area-7,1
2024-01-09,21,1,Area-8,1
2024-01-09,21,1,Area-9,3
2024-01-09,22,1,Area-11,2
2024-01-09,22,1,Area-12,1
2024-01-09,22,1,Area-13,1
2024-01-09,22,1,Area-14,2
2024-01-09,22,1,Area-15,1
2024-01-09,22,1,Area-16,2
2024-01-09,22,1,Area-17,3
2024-01-09,22,1,Area-19,1
2024-01-09,22,1,Area-2,2
2024-01-09,22,1,Area-20,4
2024-01-09,22,1,Area-21,1
2024-01-09,22,1,Area-22,1
2024-01-09,22,1,Area-24,4
2024-01-09,22,1,Area-25,2
2024-01-09,22,1,Area-27,2
2024-01-09,22,1,Area-28,1
2024-01-09,22,1,Area-29,2
2024-01-09,22,1,Area-30,1
2024-01-09,22,1,Area-32,1
2024-01-09,22,1,Area-33,3
2024-01-09,22,1,Area-34,2
2024-01-09,22,1,Area-37,1
2024-01-09,22,1,Area-38,1
2024-01-09,22,1,Area-39,3
2024-01-09,22,1,Area-4,3
2024-01-09,22,1,Area-40,1
2024-01-09,22,1,Area-41,1
2024-01-09,22,1,Area-42,2
2024-01-09,22,1,Area-43,1
2024-01-09,22,1,Area-44,1
2024-01-09,22,1,Area-45,1
2024-01-09,22,1,Area-48,3
2024-01-09,22,1,Area-49,2
2024-01-09,22,1,Area-50,3
2024-01-09,22,1,Area-6,2
2024-01-09,22,1,Area-8,2
2024-01-09,22,1,Area-9,4
2024-01-09,23,1,Area-11,2
2024-01-09,23,1,Area-12,3
2024-01-09,23,1,Area-13,1
2024-01-09,23,1,Area-14,1
2024-01-09,23,1,Area-15,1
2024-01-09,23,1,Area-16,2
2024-01-09,23,1,Area-18,4
2024-01-09,23,1,Area-2,1
2024-01-09,23,1,Area-22,2
2024-01-09,23,1,Area-23,4
2024-01-09,23,1,Area-24,1
2024-01-09,23,1,Area-25,1
2024-01-09,23,1,Area-26,2
2024-01-09,23,1,Area-27,2
2024-01-09,23,1,Area-28,1
2024-01-09,23,1,Area-29,2
2024-01-09,23,1,Area-3,3
2024-01-09,23,1,Area-30,1
2024-01-09,23,1,Area-31,3
2024-01-09,23,1,Area-32,1
2024-01-09,23,1,Area-33,1
2024-01-09,23,1,Area-34,2
2024-01-09,23,1,Area-35,1
2024-01-09,23,1,Area-39,1
2024-01-09,23,1,Area-4,2
2024-01-09,23,1,Area-41,2
2024-01-09,23,1,Area-42,1
2024-01-09,23,1,Area-43,1
2024-01-09,23,1,Area-44,1
2024-01-09,23,1,Area-45,3
2024-01-09,23,1,Area-46,1
2024-01-09,23,1,Area-47,2
2024-01-09,23,1,Area-48,1
2024-01-09,23,1,Area-5,1
2024-01-09,23,1,Area-7,1
2024-01-09,23,1,Area-8,4
2024-01-09,23,1,Area-9,4
2024-01-10,0,2,Area-1,1
2024-01-10,0,2,Area-11,2
2024-01-10,0,2,Area-12,6
2024-01-10,0,2,Area-13,1
2024-01-10,0,2,Area-15,2
2024-01-10,0,2,Area-16,1
2024-01-10,0,2,Area-17,2
2024-01-10,0,2,Area-18,3
2024-01-10,0,2,Area-19,1
2024-01-10,0,2,Area-2,2
2024-01-10,0,2,Area-20,2
2024-01-10,0,2,Area-21,2
2024-01-10,0,2,Area-22,4
2024-01-10,0,2,Area-23,2
2024-01-10,0,2,Area-24,2
2024-01-10,0,2,Area-25,3
2024-01-10,0,2,Area-26,1
2024-01-10,0,2,Area-28,3
2024-01-10,0,2,Area-30,1
2024-01-10,0,2,Area-32,4
2024-01-10,0,2,Area-33,2
2024-01-10,0,2,Area-34,3
2024-01-10,0,2,Area-35,1
2024-01-10,0,2,Area-36,2
2024-01-10,0,2,Area-37,4
2024-01-10,0,2,Area-38,4
2024-01-10,0,2,Area-39,2
2024-01-10,0,2,Area-4,2
2024-01-10,0,2,Area-40,2
2024-01-10,0,2,Area-42,1
2024-01-10,0,2,Area-43,2
2024-01-10,0,2,Area-44,2
2024-01-10,0,2,Area-45,1
2024-01-10,0,2,Area-46,5
2024-01-10,0,2,Area-47,2
2024-01-10,0,2,Area-48,2
2024-01-10,0,2,Area-49,1
2024-01-10,0,2,Area-5,2
2024-01-10,0,2,Area-50,1
2024-01-10,0,2,Area-6,1
2024-01-10,0,2,Area-7,4
2024-01-10,0,2,Area-8,2
2024-01-10,0,2,Area-9,1
2024-01-10,1,2,Area-10,2
2024-01-10,1,2,Area-12,4
2024-01-10,1,2,Area-13,2
2024-01-10,1,2,Area-14,1
2024-01-10,1,2,Area-15,5
2024-01-10,1,2,Area-17,3
2024-01-10,1,2,Area-18,5
2024-01-10,1,2,Area-20,1
2024-01-10,1,2,Area-23,1
2024-01-10,1,2,Area-24,2
2024-01-10,1,2,Area-25,1
2024-01-10,1,2,Area-26,2
2024-01-10,1,2,Area-27,1
2024-01-10,1,2,Area-28,1
2024-01-10,1,2,Area-29,2
2024-01-10,1,2,Area-3,1
2024-01-10,1,2,Area-30,2
2024-01-10,1,2,Area-31,1
2024-01-10,1,2,Area-32,2
2024-01-10,1,2,Area-34,1
2024-01-10,1,2,Area-35,1
2024-01-10,1,2,Area-36,1
2024-01-10,1,2,Area-37,1
2024-01-10,1,2,Area-39,4
2024-01-10,1,2,Area-40,2
2024-01-10,1,2,Area-41,2
2024-01-10,1,2,Area-43,1
2024-01-10,1,2,Area-44,2
2024-01-10,1,2,Area-45,1
2024-01-10,1,2,Area-46,1
2024-01-10,1,2,Area-48,4
2024-01-10,1,2,Area-49,1
2024-01-10,1,2,Area-50,2
2024-01-10,1,2,Area-7,2
2024-01-10,1,2,Area-8,2
2024-01-10,1,2,Area-9,2
2024-01-10,2,2,Area-1,2
2024-01-10,2,2,Area-11,1
2024-01-10,2,2,Area-12,1
2024-01-10,2,2,Area-13,2
2024-01-10,2,2,Area-14,2
2024-01-10,2,2,Area-15,1
2024-01-10,2,2,Area-16,1
2024-01-10,2,2,Area-17,1
2024-01-10,2,2,Area-18,3
2024-01-10,2,2,Area-2,2
2024-01-10,2,2,Area-21,1
2024-01-10,2,2,Area-22,2
2024-01-10,2,2,Area-23,1
2024-01-10,2,2,Area-24,2
2024-01-10,2,2,Area-25,1
2024-01-10,2,2,Area-26,4
2024-01-10,2,2,Area-27,2
2024-01-10,2,2,Area-28,1
2024-01-10,2,2,Area-29,1
2024-01-10,2,2,Area-3,4
2024-01-10,2,2,Area-30,3
2024-01-10,2,2,Area-31,2
2024-01-10,2,2,Area-32,4
2024-01-10,2,2,Area-33,5
2024-01-10,2,2,Area-34,1
2024-01-10,2,2,Area-35,1
2024-01-10,2,2,Area-37,2
2024-01-10,2,2,Area-38,2
2024-01-10,2,2,Area-39,2
2024-01-10,2,2,Area-4,1
2024-01-10,2,2,Area-40,1
2024-01-10,2,2,Area-42,1
2024-01-10,2,2,Area-43,1
2024-01-10,2,2,Area-44,1
2024-01-10,2,2,Area-46,1
2024-01-10,2,2,Area-47,2
2024-01-10,2,2,Area-48,3
2024-01-10,2,2,Area-49,1
2024-01-10,2,2,Area-5,3
2024-01-10,2,2,Area-50,1
2024-01-10,2,2,Area-6,3
2024-01-10,2,2,Area-7,1
2024-01-10,2,2,Area-8,1
2024-01-10,3,2,Area-1,1
2024-01-10,3,2,Area-10,2
2024-01-10,3,2,Area-11,2
2024-01-10,3,2,Area-12,2
2024-01-10,3,2,Area-13,1
2024-01-10,3,2,Area-15,1
2024-01-10,3,2,Area-16,1
2024-01-10,3,2,Area-18,1
2024-01-10,3,2,Area-19,2
2024-01-10,3,2,Area-2,2
2024-01-10,3,2,Area-20,1
2024-01-10,3,2,Area-21,3
2024-01-10,3,2,Area-23,4
2024-01-10,3,2,Area-24,1
2024-01-10,3,2,Area-25,2
2024-01-10,3,2,Area-26,1
2024-01-10,3,2,Area-27,2
2024-01-10,3,2,Area-29,3
2024-01-10,3,2,Area-3,2
2024-01-10,3,2,Area-30,1
2024-01-10,3,2,Area-31,2
2024-01-10,3,2,Area-32,2
2024-01-10,3,2,Area-33,2
2024-01-10,3,2,Area-34,1
2024-01-10,3,2,Area-35,2
2024-01-10,3,2,Area-36,1
2024-01-10,3,2,Area-37,1
2024-01-10,3,2,Area-38,3
2024-01-10,3,2,Area-39,2
2024-01-10,3,2,Area-4,4
2024-01-10,3,2,Area-40,1
2024-01-10,3,2,Area-42,1
2024-01-10,3,2,Area-43,1
2024-01-10,3,2,Area-44,2
2024-01-10,3,2,Area-45,2
2024-01-10,3,2,Area-46,2
2024-01-10,3,2,Area-48,1
2024-01-10,3,2,Area-7,1
2024-01-10,3,2,Area-9,2
2024-01-10,4,2,Area-1,3
2024-01-10,4,2,Area-12,1
2024-01-10,4,2,Area-13,1
2024-01-10,4,2,Area-14,1
2024-01-10,4,2,Area-15,1
2024-01-10,4,2,Area-16,1
2024-01-10,4,2,Area-18,1
2024-01-10,4,2,Area-2,1
2024-01-10,4,2,Area-21,2
2024-01-10,4,2,Area-23,3
2024-01-10,4,2,Area-24,1
2024-01-10,4,2,Area-25,1
2024-01-10,4,2,Area-3,3
2024-01-10,4,2,Area-30,3
2024-01-10,4,2,Area-31,3
2024-01-10,4,2,Area-32,2
2024-01-10,4,2,Area-33,1
2024-01-10,4,2,Area-34,2
2024-01-10,4,2,Area-36,2
2024-01-10,4,2,Area-37,1
2024-01-10,4,2,Area-39,1
2024-01-10,4,2,Area-4,1
2024-01-10,4,2,Area-41,4
2024-01-10,4,2,Area-42,1
2024-01-10,4,2,Area-44,3
2024-01-10,4,2,Area-45,1
2024-01-10,4,2,Area-46,1
2024-01-10,4,2,Area-48,1
2024-01-10,4,2,Area-5,2
2024-01-10,4,2,Area-50,2
2024-01-10,4,2,Area-6,1
2024-01-10,4,2,Area-7,3
2024-01-10,4,2,Area-8,1
2024-01-10,5,2,Area-1,1
2024-01-10,5,2,Area-10,3
2024-01-10,5,2,Area-11,3
2024-01-10,5,2,Area-12,2
2024-01-10,5,2,Area-13,3
2024-01-10,5,2,Area-15,1
2024-01-10,5,2,Area-17,2
2024-01-10,5,2,Area-19,1
2024-01-10,5,2,Area-2,1
2024-01-10,5,2,Area-20,1
2024-01-10,5,2,Area-25,1
2024-01-10,5,2,Area-26,1
2024-01-10,5,2,Area-27,4
2024-01-10,5,2,Area-28,1
2024-01-10,5,2,Area-29,1
2024-01-10,5,2,Area-3,1
2024-01-10,5,2,Area-32,1
2024-01-10,5,2,Area-33,3
2024-01-10,5,2,Area-34,5
2024-01-10,5,2,Area-36,3
2024-01-10,5,2,Area-37,1
2024-01-10,5,2,Area-38,2
2024-01-10,5,2,Area-39,1
2024-01-10,5,2,Area-40,2
2024-01-10,5,2,Area-42,4
2024-01-10,5,2,Area-43,2
2024-01-10,5,2,Area-47,1
2024-01-10,5,2,Area-48,1
2024-01-10,5,2,Area-49,1
2024-01-10,5,2,Area-5,1
2024-01-10,5,2,Area-6,1
2024-01-10,5,2,Area-9,2
2024-01-10,6,2,Area-1,4
2024-01-10,6,2,Area-10,2
2024-01-10,6,2,Area-11,1
2024-01-10,6,2,Area-12,1
2024-01-10,6,2,Area-14,3
2024-01-10,6,2,Area-15,2
2024-01-10,6,2,Area-16,1
2024-01-10,6,2,Area-18,1
2024-01-10,6,2,Area-19,1
2024-01-10,6,2,Area-20,1
2024-01-10,6,2,Area-21,1
2024-01-10,6,2,Area-22,2
2024-01-10,6,2,Area-24,1
2024-01-10,6,2,Area-25,4
2024-01-10,6,2,Area-27,1
2024-01-10,6,2,Area-28,2
2024-01-10,6,2,Area-29,2
2024-01-10,6,2,Area-3,2
2024-01-10,6,2,Area-30,1
2024-01-10,6,2,Area-31,3
2024-01-10,6,2,Area-34,2
2024-01-10,6,2,Area-35,1
2024-01-10,6,2,Area-36,1
2024-01-10,6,2,Area-37,3
2024-01-10,6,2,Area-4,1
2024-01-10,6,2,Area-40,1
2024-01-10,6,2,Area-41,1
2024-01-10,6,2,Area-42,1
2024-01-10,6,2,Area-43,1
2024-01-10,6,2,Area-44,3
2024-01-10,6,2,Area-45,1
2024-01-10,6,2,Area-46,2
2024-01-10,6,2,Area-47,2
2024-01-10,6,2,Area-48,1
2024-01-10,6,2,Area-49,1
2024-01-10,6,2,Area-50,1
2024-01-10,6,2,Area-6,1
2024-01-10,6,2,Area-7,2
2024-01-10,6,2,Area-8,1
2024-01-10,7,2,Area-1,1
2024-01-10,7,2,Area-10,2
2024-01-10,7,2,Area-12,1
2024-01-10,7,2,Area-13,1
2024-01-10,7,2,Area-14,2
2024-01-10,7,2,Area-16,1
2024-01-10,7,2,Area-19,2
2024-01-10,7,2,Area-20,1
2024-01-10,7,2,Area-21,2
2024-01-10,7,2,Area-22,4
2024-01-10,7,2,Area-23,3
2024-01-10,7,2,Area-24,1
2024-01-10,7,2,Area-25,2
2024-01-10,7,2,Area-26,3
2024-01-10,7,2,Area-27,1
2024-01-10,7,2,Area-28,4
2024-01-10,7,2,Area-29,2
2024-01-10,7,2,Area-30,3
2024-01-10,7,2,Area-33,4
2024-01-10,7,2,Area-34,1
2024-01-10,7,2,Area-36,2
2024-01-10,7,2,Area-37,1
2024-01-10,7,2,Area-38,2
2024-01-10,7,2,Area-39,3
2024-01-10,7,2,Area-4,2
2024-01-10,7,2,Area-40,2
2024-01-10,7,2,Area-42,2
2024-01-10,7,2,Area-43,2
2024-01-10,7,2,Area-44,4
2024-01-10,7,2,Area-45,2
2024-01-10,7,2,Area-47,2
2024-01-10,7,2,Area-48,1
2024-01-10,7,2,Area-49,2
2024-01-10,7,2,Area-5,3
2024-01-10,7,2,Area-50,1
2024-01-10,7,2,Area-6,1
2024-01-10,7,2,Area-8,3
2024-01-10,7,2,Area-9,1
2024-01-10,8,2,Area-1,3
2024-01-10,8,2,Area-10,3
2024-01-10,8,2,Area-11,2
2024-01-10,8,2,Area-12,5
2024-01-10,8,2,Area-13,2
2024-01-10,8,2,Area-16,1
2024-01-10,8,2,Area-17,1
2024-01-10,8,2,Area-18,2
2024-01-10,8,2,Area-19,3
2024-01-10,8,2,Area-2,1
2024-01-10,8,2,Area-20,1
2024-01-10,8,2,Area-21,2
2024-01-10,8,2,Area-22,1
2024-01-10,8,2,Area-26,3
2024-01-10,8,2,Area-27,2
2024-01-10,8,2,Area-29,5
2024-01-10,8,2,Area-30,1
2024-01-10,8,2,Area-31,2
2024-01-10,8,2,Area-32,2
2024-01-10,8,2,Area-33,3
2024-01-10,8,2,Area-34,1
2024-01-10,8,2,Area-35,1
2024-01-10,8,2,Area-36,3
2024-01-10,8,2,Area-37,1
2024-01-10,8,2,Area-38,2
2024-01-10,8,2,Area-39,1
2024-01-10,8,2,Area-4,2
2024-01-10,8,2,Area-40,1
2024-01-10,8,2,Area-41,2
2024-01-10,8,2,Area-42,1
2024-01-10,8,2,Area-44,3
2024-01-10,8,2,Area-45,1
2024-01-10,8,2,Area-46,3
2024-01-10,8,2,Area-47,1
2024-01-10,8,2,Area-49,2
2024-01-10,8,2,Area-5,1
2024-01-10,8,2,Area-50,1
2024-01-10,8,2,Area-7,4
2024-01-10,8,2,Area-9,2
2024-01-10,9,2,Area-10,1
2024-01-10,9,2,Area-11,4
2024-01-10,9,2,Area-12,1
2024-01-10,9,2,Area-13,2
2024-01-10,9,2,Area-14,1
2024-01-10,9,2,Area-15,4
2024-01-10,9,2,Area-17,1
2024-01-10,9,2,Area-20,1
2024-01-10,9,2,Area-21,2
2024-01-10,9,2,Area-22,2
2024-01-10,9,2,Area-26,1
2024-01-10,9,2,Area-29,1
2024-01-10,9,2,Area-3,3
2024-01-10,9,2,Area-30,1
2024-01-10,9,2,Area-31,1
2024-01-10,9,2,Area-32,2
2024-01-10,9,2,Area-33,2
2024-01-10,9,2,Area-35,2
2024-01-10,9,2,Area-36,2
2024-01-10,9,2,Area-37,1
2024-01-10,9,2,Area-38,1
2024-01-10,9,2,Area-39,3
2024-01-10,9,2,Area-4,3
2024-01-10,9,2,Area-41,5
2024-01-10,9,2,Area-43,4
2024-01-10,9,2,Area-46,2
2024-01-10,9,2,Area-48,1
2024-01-10,9,2,Area-49,1
2024-01-10,9,2,Area-5,2
2024-01-10,9,2,Area-8,1
2024-01-10,9,2,Area-9,1
2024-01-10,10,2,Area-1,2
2024-01-10,10,2,Area-11,1
2024-01-10,10,2,Area-12,4
2024-01-10,10,2,Area-14,3
2024-01-10,10,2,Area-15,2
2024-01-10,10,2,Area-16,2
2024-01-10,10,2,Area-17,1
2024-01-10,10,2,Area-18,1
2024-01-10,10,2,Area-19,3
2024-01-10,10,2,Area-2,2
2024-01-10,10,2,Area-20,1
2024-01-10,10,2,Area-21,1
2024-01-10,10,2,Area-23,5
2024-01-10,10,2,Area-24,1
2024-01-10,10,2,Area-26,1
2024-01-10,10,2,Area-27,3
2024-01-10,10,2,Area-28,2
2024-01-10,10,2,Area-30,2
2024-01-10,10,2,Area-31,2
2024-01-10,10,2,Area-32,1
2024-01-10,10,2,Area-33,2
2024-01-10,10,2,Area-34,3
2024-01-10,10,2,Area-35,5
2024-01-10,10,2,Area-38,2
2024-01-10,10,2,Area-39,2
2024-01-10,10,2,Area-4,1
2024-01-10,10,2,Area-40,1
2024-01-10,10,2,Area-41,1
2024-01-10,10,2,Area-42,3
2024-01-10,10,2,Area-43,2
2024-01-10,10,2,Area-44,3
2024-01-10,10,2,Area-45,2
2024-01-10,10,2,Area-47,1
2024-01-10,10,2,Area-48,1
2024-01-10,10,2,Area-5,2
2024-01-10,10,2,Area-50,1
2024-01-10,10,2,Area-7,2
2024-01-10,10,2,Area-8,1
2024-01-10,10,2,Area-9,2
2024-01-10,11,2,Area-10,1
2024-01-10,11,2,Area-12,3
2024-01-10,11,2,Area-13,2
2024-01-10,11,2,Area-14,1
2024-01-10,11,2,Area-16,2
2024-01-10,11,2,Area-18,1
2024-01-10,11,2,Area-20,1
2024-01-10,11,2,Area-21,1
2024-01-10,11,2,Area-23,1
2024-01-10,11,2,Area-25,3
2024-01-10,11,2,Area-26,2
2024-01-10,11,2,Area-27,1
2024-01-10,11,2,Area-29,5
2024-01-10,11,2,Area-3,3
2024-01-10,11,2,Area-30,2
2024-01-10,11,2,Area-32,1
2024-01-10,11,2,Area-34,3
2024-01-10,11,2,Area-36,2
2024-01-10,11,2,Area-37,1
2024-01-10,11,2,Area-38,3
2024-01-10,11,2,Area-4,2
2024-01-10,11,2,Area-41,2
2024-01-10,11,2,Area-42,2
2024-01-10,11,2,Area-43,1
2024-01-10,11,2,Area-44,2
2024-01-10,11,2,Area-45,1
2024-01-10,11,2,Area-47,3
2024-01-10,11,2,Area-48,1
2024-01-10,11,2,Area-49,1
2024-01-10,11,2,Area-5,5
2024-01-10,11,2,Area-50,4
2024-01-10,11,2,Area-6,1
2024-01-10,11,2,Area-8,2
2024-01-10,11,2,Area-9,2
2024-01-10,12,2,Area-1,1
2024-01-10,12,2,Area-10,3
2024-01-10,12,2,Area-16,1
2024-01-10,12,2,Area-17,3
2024-01-10,12,2,Area-18,1
2024-01-10,12,2,Area-2,2
2024-01-10,12,2,Area-20,3
2024-01-10,12,2,Area-22,1
2024-01-10,12,2,Area-24,1
2024-01-10,12,2,Area-26,1
2024-01-10,12,2,Area-27,1
2024-01-10,12,2,Area-28,1
2024-01-10,12,2,Area-29,1
2024-01-10,12,2,Area-3,2
2024-01-10,12,2,Area-31,2
2024-01-10,12,2,Area-33,2
2024-01-10,12,2,Area-35,5
2024-01-10,12,2,Area-38,1
2024-01-10,12,2,Area-4,1
2024-01-10,12,2,Area-40,1
2024-01-10,12,2,Area-41,5
2024-01-10,12,2,Area-42,4
2024-01-10,12,2,Area-43,3
2024-01-10,12,2,Area-44,2
2024-01-10,12,2,Area-45,1
2024-01-10,12,2,Area-46,2
2024-01-10,12,2,Area-47,1
2024-01-10,12,2,Area-5,2
2024-01-10,12,2,Area-50,2
2024-01-10,12,2,Area-6,5
2024-01-10,12,2,Area-7,2
2024-01-10,12,2,Area-8,3
2024-01-10,12,2,Area-9,1
2024-01-10,13,2,Area-1,2
2024-01-10,13,2,Area-11,1
2024-01-10,13,2,Area-12,2
2024-01-10,13,2,Area-14,2
2024-01-10,13,2,Area-15,2
2024-01-10,13,2,Area-16,2
2024-01-10,13,2,Area-17,3
2024-01-10,13,2,Area-18,2
2024-01-10,13,2,Area-19,3
2024-01-10,13,2,Area-2,1
2024-01-10,13,2,Area-20,2
2024-01-10,13,2,Area-22,1
2024-01-10,13,2,Area-23,2
2024-01-10,13,2,Area-24,1
2024-01-10,13,2,Area-25,2
2024-01-10,13,2,Area-26,2
2024-01-10,13,2,Area-28,3
2024-01-10,13,2,Area-29,2
2024-01-10,13,2,Area-30,3
2024-01-10,13,2,Area-31,1
2024-01-10,13,2,Area-32,1
2024-01-10,13,2,Area-33,4
2024-01-10,13,2,Area-34,2
2024-01-10,13,2,Area-35,1
2024-01-10,13,2,Area-36,1
2024-01-10,13,2,Area-38,1
2024-01-10,13,2,Area-40,1
2024-01-10,13,2,Area-41,4
2024-01-10,13,2,Area-42,2
2024-01-10,13,2,Area-43,1
2024-01-10,13,2,Area-44,1
2024-01-10,13,2,Area-45,3
2024-01-10,13,2,Area-46,6
2024-01-10,13,2,Area-47,1
2024-01-10,13,2,Area-48,2
2024-01-10,13,2,Area-49,1
2024-01-10,13,2,Area-5,2
2024-01-10,13,2,Area-50,1
2024-01-10,13,2,Area-6,2
2024-01-10,13,2,Area-7,2
2024-01-10,13,2,Area-8,1
2024-01-10,13,2,Area-9,5
2024-01-10,14,2,Area-1,2
2024-01-10,14,2,Area-10,1
2024-01-10,14,2,Area-11,4
2024-01-10,14,2,Area-12,2
2024-01-10,14,2,Area-13,1
2024-01-10,14,2,Area-14,2
2024-01-10,14,2,Area-15,2
2024-01-10,14,2,Area-16,2
2024-01-10,14,2,Area-17,2
2024-01-10,14,2,Area-18,3
2024-01-10,14,2,Area-2,2
2024-01-10,14,2,Area-20,3
2024-01-10,14,2,Area-21,1
2024-01-10,14,2,Area-22,1
2024-01-10,14,2,Area-23,3
2024-01-10,14,2,Area-24,2
2024-01-10,14,2,Area-25,2
2024-01-10,14,2,Area-26,2
2024-01-10,14,2,Area-28,2
2024-01-10,14,2,Area-29,3
2024-01-10,14,2,Area-3,1
2024-01-10,14,2,Area-30,4
2024-01-10,14,2,Area-31,1
2024-01-10,14,2,Area-32,2
2024-01-10,14,2,Area-33,1
2024-01-10,14,2,Area-34,1
2024-01-10,14,2,Area-36,2
2024-01-10,14,2,Area-39,4
2024-01-10,14,2,Area-4,3
2024-01-10,14,2,Area-42,2
2024-01-10,14,2,Area-45,2
2024-01-10,14,2,Area-46,5
2024-01-10,14,2,Area-47,2
2024-01-10,14,2,Area-49,1
2024-01-10,14,2,Area-5,2
2024-01-10,14,2,Area-50,3
2024-01-10,14,2,Area-6,2
2024-01-10,14,2,Area-7,1
2024-01-10,14,2,Area-8,3
2024-01-10,14,2,Area-9,1
2024-01-10,15,2,Area-10,1
2024-01-10,15,2,Area-11,1
2024-01-10,15,2,Area-13,4
2024-01-10,15,2,Area-14,1
2024-01-10,15,2,Area-15,1
2024-01-10,15,2,Area-16,1
2024-01-10,15,2,Area-18,2
2024-01-10,15,2,Area-19,2
2024-01-10,15,2,Area-2,2
2024-01-10,15,2,Area-20,2
2024-01-10,15,2,Area-21,1
2024-01-10,15,2,Area-22,3
2024-01-10,15,2,Area-23,2
2024-01-10,15,2,Area-24,3
2024-01-10,15,2,Area-25,1
2024-01-10,15,2,Area-26,1
2024-01-10,15,2,Area-28,2
2024-01-10,15,2,Area-29,1
2024-01-10,15,2,Area-3,2
2024-01-10,15,2,Area-30,2
2024-01-10,15,2,Area-31,1
2024-01-10,15,2,Area-32,2
2024-01-10,15,2,Area-33,2
2024-01-10,15,2,Area-35,2
2024-01-10,15,2,Area-37,1
2024-01-10,15,2,Area-38,5
2024-01-10,15,2,Area-39,1
2024-01-10,15,2,Area-4,2
2024-01-10,15,2,Area-42,1
2024-01-10,15,2,Area-43,1
2024-01-10,15,2,Area-44,3
2024-01-10,15,2,Area-46,2
2024-01-10,15,2,Area-47,1
2024-01-10,15,2,Area-48,1
2024-01-10,15,2,Area-49,2
2024-01-10,15,2,Area-50,1
2024-01-10,15,2,Area-6,3
2024-01-10,15,2,Area-7,3
2024-01-10,15,2,Area-8,2
2024-01-10,15,2,Area-9,2
2024-01-10,16,2,Area-1,1
2024-01-10,16,2,Area-10,1
2024-01-10,16,2,Area-11,2
2024-01-10,16,2,Area-12,1
2024-01-10,16,2,Area-14,2
2024-01-10,16,2,Area-15,1
2024-01-10,16,2,Area-16,1
2024-01-10,16,2,Area-19,1
2024-01-10,16,2,Area-20,2
2024-01-10,16,2,Area-21,1
2024-01-10,16,2,Area-22,2
2024-01-10,16,2,Area-23,1
2024-01-10,16,2,Area-24,2
2024-01-10,16,2,Area-28,1
2024-01-10,16,2,Area-29,4
2024-01-10,16,2,Area-3,1
2024-01-10,16,2,Area-32,2
2024-01-10,16,2,Area-33,2
2024-01-10,16,2,Area-34,2
2024-01-10,16,2,Area-35,1
2024-01-10,16,2,Area-38,1
2024-01-10,16,2,Area-39,2
2024-01-10,16,2,Area-40,2
2024-01-10,16,2,Area-42,1
2024-01-10,16,2,Area-45,1
2024-01-10,16,2,Area-46,1
2024-01-10,16,2,Area-48,1
2024-01-10,16,2,Area-49,1
2024-01-10,16,2,Area-50,3
2024-01-10,16,2,Area-7,4
2024-01-10,16,2,Area-8,2
2024-01-10,16,2,Area-9,1
2024-01-10,17,2,Area-11,1
2024-01-10,17,2,Area-12,2
2024-01-10,17,2,Area-14,3
2024-01-10,17,2,Area-15,2
2024-01-10,17,2,Area-16,1
2024-01-10,17,2,Area-17,1
2024-01-10,17,2,Area-18,2
2024-01-10,17,2,Area-19,2
2024-01-10,17,2,Area-20,1
2024-01-10,17,2,Area-21,1
2024-01-10,17,2,Area-22,1
2024-01-10,17,2,Area-24,1
2024-01-10,17,2,Area-25,2
2024-01-10,17,2,Area-26,2
2024-01-10,17,2,Area-27,1
2024-01-10,17,2,Area-28,1
2024-01-10,17,2,Area-29,2
2024-01-10,17,2,Area-3,2
2024-01-10,17,2,Area-30,1
2024-01-10,17,2,Area-32,2
2024-01-10,17,2,Area-33,2
2024-01-10,17,2,Area-36,2
2024-01-10,17,2,Area-37,1
2024-01-10,17,2,Area-39,1
2024-01-10,17,2,Area-4,2
2024-01-10,17,2,Area-41,1
2024-01-10,17,2,Area-42,1
2024-01-10,17,2,Area-43,1
2024-01-10,17,2,Area-44,1
2024-01-10,17,2,Area-46,1
2024-01-10,17,2,Area-48,3
2024-01-10,17,2,Area-49,2
2024-01-10,17,2,Area-50,3
2024-01-10,17,2,Area-6,3
2024-01-10,17,2,Area-7,2
2024-01-10,17,2,Area-8,1
2024-01-10,17,2,Area-9,1
2024-01-10,18,2,Area-1,2
2024-01-10,18,2,Area-10,4
2024-01-10,18,2,Area-11,2
2024-01-10,18,2,Area-12,1
2024-01-10,18,2,Area-14,2
2024-01-10,18,2,Area-15,1
2024-01-10,18,2,Area-17,3
2024-01-10,18,2,Area-18,2
2024-01-10,18,2,Area-19,1
2024-01-10,18,2,Area-2,1
2024-01-10,18,2,Area-21,4
2024-01-10,18,2,Area-22,2
2024-01-10,18,2,Area-23,2
2024-01-10,18,2,Area-24,3
2024-01-10,18,2,Area-25,1
2024-01-10,18,2,Area-26,2
2024-01-10,18,2,Area-27,3
2024-01-10,18,2,Area-29,1
2024-01-10,18,2,Area-3,2
2024-01-10,18,2,Area-30,3
2024-01-10,18,2,Area-31,2
2024-01-10,18,2,Area-32,1
2024-01-10,18,2,Area-33,6
2024-01-10,18,2,Area-34,3
2024-01-10,18,2,Area-35,2
2024-01-10,18,2,Area-37,1
2024-01-10,18,2,Area-38,4
2024-01-10,18,2,Area-39,2
2024-01-10,18,2,Area-4,1
2024-01-10,18,2,Area-40,3
2024-01-10,18,2,Area-42,1
2024-01-10,18,2,Area-43,2
2024-01-10,18,2,Area-44,4
2024-01-10,18,2,Area-45,2
2024-01-10,18,2,Area-49,2
2024-01-10,18,2,Area-5,1
2024-01-10,18,2,Area-50,2
2024-01-10,18,2,Area-7,1
2024-01-10,18,2,Area-8,1
2024-01-10,19,2,Area-1,1
2024-01-10,19,2,Area-13,2
2024-01-10,19,2,Area-14,1
2024-01-10,19,2,Area-15,3
2024-01-10,19,2,Area-16,2
2024-01-10,19,2,Area-17,4
2024-01-10,19,2,Area-18,1
2024-01-10,19,2,Area-19,1
2024-01-10,19,2,Area-21,2
2024-01-10,19,2,Area-22,3
2024-01-10,19,2,Area-23,2
2024-01-10,19,2,Area-24,1
2024-01-10,19,2,Area-25,2
2024-01-10,19,2,Area-26,3
2024-01-10,19,2,Area-28,5
2024-01-10,19,2,Area-29,1
2024-01-10,19,2,Area-3,1
2024-01-10,19,2,Area-30,1
2024-01-10,19,2,Area-31,2
2024-01-10,19,2,Area-32,2
2024-01-10,19,2,Area-34,1
2024-01-10,19,2,Area-35,1
2024-01-10,19,2,Area-37,1
2024-01-10,19,2,Area-38,3
2024-01-10,19,2,Area-4,3
2024-01-10,19,2,Area-40,3
2024-01-10,19,2,Area-41,3
2024-01-10,19,2,Area-42,1
2024-01-10,19,2,Area-44,3
2024-01-10,19,2,Area-46,2
2024-01-10,19,2,Area-48,2
2024-01-10,19,2,Area-49,1
2024-01-10,19,2,Area-5,1
2024-01-10,19,2,Area-50,1
2024-01-10,19,2,Area-6,2
2024-01-10,19,2,Area-9,1
2024-01-10,20,2,Area-1,1
2024-01-10,20,2,Area-10,1
2024-01-10,20,2,Area-11,2
2024-01-10,20,2,Area-12,2
2024-01-10,20,2,Area-13,1
2024-01-10,20,2,Area-17,3
2024-01-10,20,2,Area-18,1
2024-01-10,20,2,Area-19,2
2024-01-10,20,2,Area-2,2
2024-01-10,20,2,Area-20,1
2024-01-10,20,2,Area-23,3
2024-01-10,20,2,Area-25,1
2024-01-10,20,2,Area-27,2
2024-01-10,20,2,Area-28,2
2024-01-10,20,2,Area-29,3
2024-01-10,20,2,Area-3,1
2024-01-10,20,2,Area-30,6
2024-01-10,20,2,Area-31,3
2024-01-10,20,2,Area-32,4
2024-01-10,20,2,Area-33,2
2024-01-10,20,2,Area-34,3
2024-01-10,20,2,Area-35,3
2024-01-10,20,2,Area-37,3
2024-01-10,20,2,Area-38,2
2024-01-10,20,2,Area-39,1
2024-01-10,20,2,Area-4,1
2024-01-10,20,2,Area-40,2
2024-01-10,20,2,Area-41,1
2024-01-10,20,2,Area-42,4
2024-01-10,20,2,Area-43,1
2024-01-10,20,2,Area-44,1
2024-01-10,20,2,Area-46,1
2024-01-10,20,2,Area-47,1
2024-01-10,20,2,Area-48,2
2024-01-10,20,2,Area-49,3
2024-01-10,20,2,Area-5,2
2024-01-10,20,2,Area-50,1
2024-01-10,20,2,Area-6,3
2024-01-10,20,2,Area-7,1
2024-01-10,20,2,Area-8,1
2024-01-10,20,2,Area-9,1
2024-01-10,21,2,Area-1,1
2024-01-10,21,2,Area-10,1
2024-01-10,21,2,Area-11,2
2024-01-10,21,2,Area-13,1
2024-01-10,21,2,Area-15,4
2024-01-10,21,2,Area-16,1
2024-01-10,21,2,Area-18,3
2024-01-10,21,2,Area-19,2
2024-01-10,21,2,Area-2,2
2024-01-10,21,2,Area-21,4
2024-01-10,21,2,Area-23,1
2024-01-10,21,2,Area-24,6
2024-01-10,21,2,Area-25,2
2024-01-10,21,2,Area-26,2
2024-01-10,21,2,Area-28,2
2024-01-10,21,2,Area-29,2
2024-01-10,21,2,Area-3,2
2024-01-10,21,2,Area-30,2
2024-01-10,21,2,Area-32,1
2024-01-10,21,2,Area-33,2
2024-01-10,21,2,Area-34,3
2024-01-10,21,2,Area-35,1
2024-01-10,21,2,Area-37,1
2024-01-10,21,2,Area-38,1
2024-01-10,21,2,Area-39,2
2024-01-10,21,2,Area-40,1
2024-01-10,21,2,Area-41,1
2024-01-10,21,2,Area-44,1
2024-01-10,21,2,Area-45,1
2024-01-10,21,2,Area-46,1
2024-01-10,21,2,Area-47,1
2024-01-10,21,2,Area-48,1
2024-01-10,21,2,Area-49,1
2024-01-10,21,2,Area-5,2
2024-01-10,21,2,Area-50,1
2024-01-10,21,2,Area-6,1
2024-01-10,21,2,Area-8,2
2024-01-10,21,2,Area-9,2
2024-01-10,22,2,Area-10,1
2024-01-10,22,2,Area-11,3
2024-01-10,22,2,Area-12,3
2024-01-10,22,2,Area-13,1
2024-01-10,22,2,Area-15,3
2024-01-10,22,2,Area-16,2
2024-01-10,22,2,Area-17,2
2024-01-10,22,2,Area-18,1
2024-01-10,22,2,Area-19,2
2024-01-10,22,2,Area-2,3
2024-01-10,22,2,Area-20,3
2024-01-10,22,2,Area-22,2
2024-01-10,22,2,Area-23,2
2024-01-10,22,2,Area-25,1
2024-01-10,22,2,Area-26,1
2024-01-10,22,2,Area-27,2
2024-01-10,22,2,Area-3,1
2024-01-10,22,2,Area-31,2
2024-01-10,22,2,Area-32,2
2024-01-10,22,2,Area-33,2
2024-01-10,22,2,Area-34,2
2024-01-10,22,2,Area-35,3
2024-01-10,22,2,Area-36,1
2024-01-10,22,2,Area-37,1
2024-01-10,22,2,Area-38,5
2024-01-10,22,2,Area-39,1
2024-01-10,22,2,Area-4,3
2024-01-10,22,2,Area-40,2
2024-01-10,22,2,Area-41,2
2024-01-10,22,2,Area-42,2
2024-01-10,22,2,Area-43,1
2024-01-10,22,2,Area-45,1
2024-01-10,22,2,Area-46,3
2024-01-10,22,2,Area-47,3
2024-01-10,22,2,Area-48,2
2024-01-10,22,2,Area-49,1
2024-01-10,22,2,Area-5,2
2024-01-10,22,2,Area-50,3
2024-01-10,22,2,Area-6,2
2024-01-10,22,2,Area-8,3
2024-01-10,22,2,Area-9,3
2024-01-10,23,2,Area-1,3
2024-01-10,23,2,Area-12,1
2024-01-10,23,2,Area-13,4
2024-01-10,23,2,Area-14,1
2024-01-10,23,2,Area-19,1
2024-01-10,23,2,Area-2,2
2024-01-10,23,2,Area-20,1
2024-01-10,23,2,Area-21,2
2024-01-10,23,2,Area-22,4
2024-01-10,23,2,Area-24,2
2024-01-10,23,2,Area-26,3
2024-01-10,23,2,Area-27,1
2024-01-10,23,2,Area-3,1
2024-01-10,23,2,Area-30,1
2024-01-10,23,2,Area-32,4
2024-01-10,23,2,Area-35,3
2024-01-10,23,2,Area-36,1
2024-01-10,23,2,Area-37,3
2024-01-10,23,2,Area-4,5
2024-01-10,23,2,Area-40,1
2024-01-10,23,2,Area-41,3
2024-01-10,23,2,Area-43,2
2024-01-10,23,2,Area-44,2
2024-01-10,23,2,Area-45,1
2024-01-10,23,2,Area-46,1
2024-01-10,23,2,Area-48,1
2024-01-10,23,2,Area-49,1
2024-01-10,23,2,Area-5,1
2024-01-10,23,2,Area-50,1
2024-01-10,23,2,Area-6,2
2024-01-11,0,3,Area-1,5
2024-01-11,0,3,Area-11,1
2024-01-11,0,3,Area-12,1
2024-01-11,0,3,Area-13,1
2024-01-11,0,3,Area-14,2
2024-01-11,0,3,Area-15,1
2024-01-11,0,3,Area-16,1
2024-01-11,0,3,Area-17,1
2024-01-11,0,3,Area-19,1
2024-01-11,0,3,Area-20,3
2024-01-11,0,3,Area-23,4
2024-01-11,0,3,Area-24,2
2024-01-11,0,3,Area-26,4
2024-01-11,0,3,Area-27,1
2024-01-11,0,3,Area-28,1
2024-01-11,0,3,Area-30,2
2024-01-11,0,3,Area-31,1
2024-01-11,0,3,Area-32,4
2024-01-11,0,3,Area-33,2
2024-01-11,0,3,Area-35,2
2024-01-11,0,3,Area-37,2
2024-01-11,0,3,Area-38,1
2024-01-11,0,3,Area-39,3
2024-01-11,0,3,Area-40,1
2024-01-11,0,3,Area-41,2
2024-01-11,0,3,Area-42,2
2024-01-11,0,3,Area-43,1
2024-01-11,0,3,Area-44,3
2024-01-11,0,3,Area-45,1
2024-01-11,0,3,Area-46,2
2024-01-11,0,3,Area-47,1
2024-01-11,0,3,Area-48,1
2024-01-11,0,3,Area-49,1
2024-01-11,0,3,Area-5,2
2024-01-11,0,3,Area-50,3
2024-01-11,0,3,Area-6,2
2024-01-11,0,3,Area-7,3
2024-01-11,0,3,Area-8,1
2024-01-11,0,3,Area-9,3
2024-01-11,1,3,Area-11,2
2024-01-11,1,3,Area-13,2
2024-01-11,1,3,Area-14,2
2024-01-11,1,3,Area-17,4
2024-01-11,1,3,Area-18,1
2024-01-11,1,3,Area-19,1
2024-01-11,1,3,Area-21,1
2024-01-11,1,3,Area-24,1
2024-01-11,1,3,Area-25,2
2024-01-11,1,3,Area-26,1
2024-01-11,1,3,Area-27,1
2024-01-11,1,3,Area-30,3
2024-01-11,1,3,Area-31,1
2024-01-11,1,3,Area-32,2
2024-01-11,1,3,Area-34,1
2024-01-11,1,3,Area-35,1
2024-01-11,1,3,Area-36,1
2024-01-11,1,3,Area-37,1
2024-01-11,1,3,Area-39,3
2024-01-11,1,3,Area-4,1
2024-01-11,1,3,Area-40,4
2024-01-11,1,3,Area-41,1
2024-01-11,1,3,Area-43,1
2024-01-11,1,3,Area-44,5
2024-01-11,1,3,Area-45,4
2024-01-11,1,3,Area-46,2
2024-01-11,1,3,Area-48,3
2024-01-11,1,3,Area-49,1
2024-01-11,1,3,Area-6,1
2024-01-11,1,3,Area-7,2
2024-01-11,1,3,Area-8,3
2024-01-11,1,3,Area-9,2
2024-01-11,2,3,Area-1,5
2024-01-11,2,3,Area-10,1
2024-01-11,2,3,Area-11,2
2024-01-11,2,3,Area-12,1
2024-01-11,2,3,Area-13,1
2024-01-11,2,3,Area-14,1
2024-01-11,2,3,Area-15,3
2024-01-11,2,3,Area-17,1
2024-01-11,2,3,Area-18,1
2024-01-11,2,3,Area-2,3
2024-01-11,2,3,Area-20,1
2024-01-11,2,3,Area-21,3
2024-01-11,2,3,Area-22,1
2024-01-11,2,3,Area-26,2
2024-01-11,2,3,Area-27,2
2024-01-11,2,3,Area-28,1
2024-01-11,2,3,Area-29,3
2024-01-11,2,3,Area-30,1
2024-01-11,2,3,Area-31,3
2024-01-11,2,3,Area-32,3
2024-01-11,2,3,Area-33,1
2024-01-11,2,3,Area-35,1
2024-01-11,2,3,Area-36,1
2024-01-11,2,3,Area-37,1
2024-01-11,2,3,Area-38,2
2024-01-11,2,3,Area-39,2
2024-01-11,2,3,Area-41,3
2024-01-11,2,3,Area-42,1
2024-01-11,2,3,Area-43,3
2024-01-11,2,3,Area-44,3
2024-01-11,2,3,Area-45,2
2024-01-11,2,3,Area-46,1
2024-01-11,2,3,Area-47,2
2024-01-11,2,3,Area-49,3
2024-01-11,2,3,Area-5,2
2024-01-11,2,3,Area-50,2
2024-01-11,2,3,Area-6,2
2024-01-11,2,3,Area-7,1
2024-01-11,2,3,Area-8,1
2024-01-11,3,3,Area-1,1
2024-01-11,3,3,Area-10,1
2024-01-11,3,3,Area-11,1
2024-01-11,3,3,Area-12,1
2024-01-11,3,3,Area-13,1
2024-01-11,3,3,Area-14,3
2024-01-11,3,3,Area-15,1
2024-01-11,3,3,Area-16,1
2024-01-11,3,3,Area-17,2
2024-01-11,3,3,Area-18,5
2024-01-11,3,3,Area-19,1
2024-01-11,3,3,Area-2,1
2024-01-11,3,3,Area-20,1
2024-01-11,3,3,Area-21,1
2024-01-11,3,3,Area-22,1
2024-01-11,3,3,Area-23,1
2024-01-11,3,3,Area-24,1
2024-01-11,3,3,Area-25,3
2024-01-11,3,3,Area-26,2
2024-01-11,3,3,Area-27,2
2024-01-11,3,3,Area-31,1
2024-01-11,3,3,Area-32,1
2024-01-11,3,3,Area-33,1
2024-01-11,3,3,Area-35,2
2024-01-11,3,3,Area-36,1
2024-01-11,3,3,Area-37,2
2024-01-11,3,3,Area-38,1
2024-01-11,3,3,Area-39,2
2024-01-11,3,3,Area-4,1
2024-01-11,3,3,Area-40,4
2024-01-11,3,3,Area-43,1
2024-01-11,3,3,Area-44,1
2024-01-11,3,3,Area-45,1
2024-01-11,3,3,Area-48,3
2024-01-11,3,3,Area-5,2
2024-01-11,3,3,Area-50,1
2024-01-11,3,3,Area-6,1
2024-01-11,3,3,Area-7,2
2024-01-11,3,3,Area-9,3
2024-01-11,4,3,Area-1,1
2024-01-11,4,3,Area-10,3
2024-01-11,4,3,Area-11,1
2024-01-11,4,3,Area-13,2
2024-01-11,4,3,Area-15,1
2024-01-11,4,3,Area-17,1
2024-01-11,4,3,Area-18,4
2024-01-11,4,3,Area-19,2
2024-01-11,4,3,Area-2,1
2024-01-11,4,3,Area-20,3
2024-01-11,4,3,Area-21,1
2024-01-11,4,3,Area-22,2
2024-01-11,4,3,Area-24,1
2024-01-11,4,3,Area-25,1
2024-01-11,4,3,Area-26,1
2024-01-11,4,3,Area-27,1
2024-01-11,4,3,Area-28,2
2024-01-11,4,3,Area-29,2
2024-01-11,4,3,Area-3,2
2024-01-11,4,3,Area-30,2
2024-01-11,4,3,Area-31,2
2024-01-11,4,3,Area-32,2
2024-01-11,4,3,Area-34,1
2024-01-11,4,3,Area-35,2
2024-01-11,4,3,Area-36,1
2024-01-11,4,3,Area-37,1
2024-01-11,4,3,Area-39,1
2024-01-11,4,3,Area-4,3
2024-01-11,4,3,Area-40,1
2024-01-11,4,3,Area-41,3
2024-01-11,4,3,Area-42,1
2024-01-11,4,3,Area-43,1
2024-01-11,4,3,Area-45,2
2024-01-11,4,3,Area-46,2
2024-01-11,4,3,Area-48,2
2024-01-11,4,3,Area-49,1
2024-01-11,4,3,Area-5,2
2024-01-11,4,3,Area-50,2
2024-01-11,4,3,Area-6,2
2024-01-11,4,3,Area-7,2
2024-01-11,4,3,Area-8,1
2024-01-11,4,3,Area-9,1
2024-01-11,5,3,Area-1,1
2024-01-11,5,3,Area-10,3
2024-01-11,5,3,Area-11,3
2024-01-11,5,3,Area-12,4
2024-01-11,5,3,Area-13,2
2024-01-11,5,3,Area-14,3
2024-01-11,5,3,Area-15,2
2024-01-11,5,3,Area-16,2
2024-01-11,5,3,Area-17,2
2024-01-11,5,3,Area-18,3
2024-01-11,5,3,Area-19,1
2024-01-11,5,3,Area-20,1
2024-01-11,5,3,Area-21,1
2024-01-11,5,3,Area-22,1
2024-01-11,5,3,Area-25,1
2024-01-11,5,3,Area-26,1
2024-01-11,5,3,Area-28,2
2024-01-11,5,3,Area-29,4
2024-01-11,5,3,Area-3,1
2024-01-11,5,3,Area-31,1
2024-01-11,5,3,Area-32,3
2024-01-11,5,3,Area-33,2
2024-01-11,5,3,Area-34,1
2024-01-11,5,3,Area-36,1
2024-01-11,5,3,Area-37,1
2024-01-11,5,3,Area-38,2
2024-01-11,5,3,Area-39,2
2024-01-11,5,3,Area-4,1
2024-01-11,5,3,Area-40,2
2024-01-11,5,3,Area-41,3
2024-01-11,5,3,Area-42,2
2024-01-11,5,3,Area-44,2
2024-01-11,5,3,Area-45,3
2024-01-11,5,3,Area-48,1
2024-01-11,5,3,Area-49,2
2024-01-11,5,3,Area-6,1
2024-01-11,5,3,Area-7,2
2024-01-11,5,3,Area-8,1
2024-01-11,5,3,Area-9,4
2024-01-11,6,3,Area-1,2
2024-01-11,6,3,Area-12,1
2024-01-11,6,3,Area-13,1
2024-01-11,6,3,Area-16,1
2024-01-11,6,3,Area-17,1
2024-01-11,6,3,Area-18,2
2024-01-11,6,3,Area-19,5
2024-01-11,6,3,Area-20,2
2024-01-11,6,3,Area-21,1
2024-01-11,6,3,Area-23,1
2024-01-11,6,3,Area-24,2
2024-01-11,6,3,Area-26,2
2024-01-11,6,3,Area-29,2
2024-01-11,6,3,Area-3,1
2024-01-11,6,3,Area-31,1
2024-01-11,6,3,Area-33,2
2024-01-11,6,3,Area-34,1
2024-01-11,6,3,Area-35,2
2024-01-11,6,3,Area-36,1
2024-01-11,6,3,Area-37,2
2024-01-11,6,3,Area-38,2
2024-01-11,6,3,Area-39,3
2024-01-11,6,3,Area-4,2
2024-01-11,6,3,Area-41,1
2024-01-11,6,3,Area-43,1
2024-01-11,6,3,Area-44,2
2024-01-11,6,3,Area-46,1
2024-01-11,6,3,Area-47,7
2024-01-11,6,3,Area-48,2
2024-01-11,6,3,Area-49,1
2024-01-11,6,3,Area-50,2
2024-01-11,6,3,Area-6,1
2024-01-11,6,3,Area-7,1
2024-01-11,6,3,Area-8,1
2024-01-11,6,3,Area-9,4
2024-01-11,7,3,Area-10,3
2024-01-11,7,3,Area-11,1
2024-01-11,7,3,Area-12,1
2024-01-11,7,3,Area-13,1
2024-01-11,7,3,Area-14,3
2024-01-11,7,3,Area-15,1
2024-01-11,7,3,Area-17,1
2024-01-11,7,3,Area-19,1
2024-01-11,7,3,Area-2,1
2024-01-11,7,3,Area-20,1
2024-01-11,7,3,Area-21,1
2024-01-11,7,3,Area-22,2
2024-01-11,7,3,Area-23,1
2024-01-11,7,3,Area-24,2
2024-01-11,7,3,Area-25,2
2024-01-11,7,3,Area-26,2
2024-01-11,7,3,Area-27,1
2024-01-11,7,3,Area-28,3
2024-01-11,7,3,Area-29,3
2024-01-11,7,3,Area-3,1
2024-01-11,7,3,Area-32,3
2024-01-11,7,3,Area-34,1
2024-01-11,7,3,Area-35,2
2024-01-11,7,3,Area-36,1
2024-01-11,7,3,Area-38,1
2024-01-11,7,3,Area-39,2
2024-01-11,7,3,Area-4,5
2024-01-11,7,3,Area-41,1
2024-01-11,7,3,Area-42,1
2024-01-11,7,3,Area-43,4
2024-01-11,7,3,Area-44,1
2024-01-11,7,3,Area-45,2
2024-01-11,7,3,Area-46,2
2024-01-11,7,3,Area-48,1
2024-01-11,7,3,Area-49,2
2024-01-11,7,3,Area-5,1
2024-01-11,7,3,Area-50,2
2024-01-11,7,3,Area-6,3
2024-01-11,7,3,Area-7,1
2024-01-11,7,3,Area-8,1
2024-01-11,7,3,Area-9,2
2024-01-11,8,3,Area-1,1
2024-01-11,8,3,Area-10,3
2024-01-11,8,3,Area-11,2
2024-01-11,8,3,Area-13,2
2024-01-11,8,3,Area-14,2
2024-01-11,8,3,Area-15,1
2024-01-11,8,3,Area-17,2
2024-01-11,8,3,Area-18,3
2024-01-11,8,3,Area-19,2
2024-01-11,8,3,Area-2,2
2024-01-11,8,3,Area-21,2
2024-01-11,8,3,Area-22,3
2024-01-11,8,3,Area-23,1
2024-01-11,8,3,Area-24,1
2024-01-11,8,3,Area-26,3
2024-01-11,8,3,Area-27,1
2024-01-11,8,3,Area-28,2
2024-01-11,8,3,Area-3,1
2024-01-11,8,3,Area-30,1
2024-01-11,8,3,Area-31,2
2024-01-11,8,3,Area-32,1
2024-01-11,8,3,Area-33,2
2024-01-11,8,3,Area-34,2
2024-01-11,8,3,Area-35,4
2024-01-11,8,3,Area-36,3
2024-01-11,8,3,Area-37,1
2024-01-11,8,3,Area-38,2
2024-01-11,8,3,Area-39,4
2024-01-11,8,3,Area-4,1
2024-01-11,8,3,Area-40,2
2024-01-11,8,3,Area-41,2
2024-01-11,8,3,Area-42,3
2024-01-11,8,3,Area-43,1
2024-01-11,8,3,Area-44,3
2024-01-11,8,3,Area-46,3
2024-01-11,8,3,Area-47,2
2024-01-11,8,3,Area-48,1
2024-01-11,8,3,Area-5,4
2024-01-11,8,3,Area-50,1
2024-01-11,8,3,Area-6,1
2024-01-11,8,3,Area-7,1
2024-01-11,8,3,Area-8,2
2024-01-11,8,3,Area-9,1
2024-01-11,9,3,Area-1,1
2024-01-11,9,3,Area-10,2
2024-01-11,9,3,Area-11,1
2024-01-11,9,3,Area-12,1
2024-01-11,9,3,Area-14,1
2024-01-11,9,3,Area-15,1
2024-01-11,9,3,Area-16,1
2024-01-11,9,3,Area-17,1
2024-01-11,9,3,Area-18,4
2024-01-11,9,3,Area-19,3
2024-01-11,9,3,Area-2,2
2024-01-11,9,3,Area-20,2
2024-01-11,9,3,Area-22,1
2024-01-11,9,3,Area-23,1
2024-01-11,9,3,Area-24,1
2024-01-11,9,3,Area-25,2
2024-01-11,9,3,Area-26,2
2024-01-11,9,3,Area-27,1
2024-01-11,9,3,Area-28,1
2024-01-11,9,3,Area-3,2
2024-01-11,9,3,Area-30,1
2024-01-11,9,3,Area-32,3
2024-01-11,9,3,Area-33,2
2024-01-11,9,3,Area-38,1
2024-01-11,9,3,Area-39,2
2024-01-11,9,3,Area-4,2
2024-01-11,9,3,Area-40,2
2024-01-11,9,3,Area-42,1
2024-01-11,9,3,Area-43,2
2024-01-11,9,3,Area-45,1
2024-01-11,9,3,Area-46,2
2024-01-11,9,3,Area-47,2
2024-01-11,9,3,Area-48,1
2024-01-11,9,3,Area-49,4
2024-01-11,9,3,Area-5,1
2024-01-11,9,3,Area-50,2
2024-01-11,9,3,Area-6,2
2024-01-11,9,3,Area-7,1
2024-01-11,9,3,Area-8,1
2024-01-11,10,3,Area-1,5
2024-01-11,10,3,Area-11,1
2024-01-11,10,3,Area-12,2
2024-01-11,10,3,Area-13,2
2024-01-11,10,3,Area-14,1
2024-01-11,10,3,Area-16,2
2024-01-11,10,3,Area-17,2
2024-01-11,10,3,Area-18,1
2024-01-11,10,3,Area-19,3
2024-01-11,10,3,Area-20,2
2024-01-11,10,3,Area-21,1
2024-01-11,10,3,Area-22,1
2024-01-11,10,3,Area-23,2
2024-01-11,10,3,Area-26,4
2024-01-11,10,3,Area-28,2
2024-01-11,10,3,Area-29,1
2024-01-11,10,3,Area-3,4
2024-01-11,10,3,Area-30,6
2024-01-11,10,3,Area-32,3
2024-01-11,10,3,Area-34,1
2024-01-11,10,3,Area-35,3
2024-01-11,10,3,Area-36,1
2024-01-11,10,3,Area-38,2
2024-01-11,10,3,Area-39,2
2024-01-11,10,3,Area-4,5
2024-01-11,10,3,Area-40,1
2024-01-11,10,3,Area-41,1
2024-01-11,10,3,Area-43,1
2024-01-11,10,3,Area-44,1
2024-01-11,10,3,Area-45,2
2024-01-11,10,3,Area-46,1
2024-01-11,10,3,Area-47,1
2024-01-11,10,3,Area-48,3
2024-01-11,10,3,Area-49,1
2024-01-11,10,3,Area-5,1
2024-01-11,10,3,Area-50,4
2024-01-11,10,3,Area-6,2
2024-01-11,10,3,Area-7,2
2024-01-11,10,3,Area-8,2
2024-01-11,10,3,Area-9,2
2024-01-11,11,3,Area-10,4
2024-01-11,11,3,Area-11,6
2024-01-11,11,3,Area-15,1
2024-01-11,11,3,Area-17,2
2024-01-11,11,3,Area-19,1
2024-01-11,11,3,Area-20,3
2024-01-11,11,3,Area-21,1
2024-01-11,11,3,Area-23,3
2024-01-11,11,3,Area-24,2
2024-01-11,11,3,Area-25,2
2024-01-11,11,3,Area-28,1
2024-01-11,11,3,Area-29,1
2024-01-11,11,3,Area-3,1
2024-01-11,11,3,Area-30,1
2024-01-11,11,3,Area-31,1
2024-01-11,11,3,Area-32,3
2024-01-11,11,3,Area-33,1
2024-01-11,11,3,Area-34,3
2024-01-11,11,3,Area-35,3
2024-01-11,11,3,Area-36,2
2024-01-11,11,3,Area-37,2
2024-01-11,11,3,Area-38,4
2024-01-11,11,3,Area-39,2
2024-01-11,11,3,Area-4,1
2024-01-11,11,3,Area-40,1
2024-01-11,11,3,Area-41,1
2024-01-11,11,3,Area-42,2
2024-01-11,11,3,Area-43,2
2024-01-11,11,3,Area-44,3
2024-01-11,11,3,Area-48,1
2024-01-11,11,3,Area-49,2
2024-01-11,11,3,Area-5,2
2024-01-11,11,3,Area-6,5
2024-01-11,11,3,Area-7,2
2024-01-11,11,3,Area-8,2
2024-01-11,12,3,Area-1,2
2024-01-11,12,3,Area-10,1
2024-01-11,12,3,Area-12,1
2024-01-11,12,3,Area-13,2
2024-01-11,12,3,Area-15,1
2024-01-11,12,3,Area-18,3
2024-01-11,12,3,Area-19,2
2024-01-11,12,3,Area-2,1
2024-01-11,12,3,Area-20,1
2024-01-11,12,3,Area-21,2
2024-01-11,12,3,Area-22,3
2024-01-11,12,3,Area-23,3
2024-01-11,12,3,Area-24,4
2024-01-11,12,3,Area-25,2
2024-01-11,12,3,Area-26,1
2024-01-11,12,3,Area-27,2
2024-01-11,12,3,Area-28,1
2024-01-11,12,3,Area-29,3
2024-01-11,12,3,Area-3,1
2024-01-11,12,3,Area-30,2
2024-01-11,12,3,Area-31,1
2024-01-11,12,3,Area-34,2
2024-01-11,12,3,Area-35,1
2024-01-11,12,3,Area-36,2
2024-01-11,12,3,Area-38,3
2024-01-11,12,3,Area-39,1
2024-01-11,12,3,Area-40,3
2024-01-11,12,3,Area-41,1
2024-01-11,12,3,Area-42,3
2024-01-11,12,3,Area-44,3
2024-01-11,12,3,Area-45,3
2024-01-11,12,3,Area-46,1
2024-01-11,12,3,Area-47,2
2024-01-11,12,3,Area-48,1
2024-01-11,12,3,Area-49,2
2024-01-11,12,3,Area-50,2
2024-01-11,12,3,Area-6,2
2024-01-11,12,3,Area-7,3
2024-01-11,12,3,Area-8,1
2024-01-11,12,3,Area-9,4
2024-01-11,13,3,Area-10,2
2024-01-11,13,3,Area-11,2
2024-01-11,13,3,Area-15,4
2024-01-11,13,3,Area-16,2
2024-01-11,13,3,Area-17,2
2024-01-11,13,3,Area-18,2
2024-01-11,13,3,Area-2,1
2024-01-11,13,3,Area-20,3
2024-01-11,13,3,Area-21,1
2024-01-11,13,3,Area-22,3
2024-01-11,13,3,Area-23,1
2024-01-11,13,3,Area-24,1
2024-01-11,13,3,Area-25,2
2024-01-11,13,3,Area-27,1
2024-01-11,13,3,Area-29,2
2024-01-11,13,3,Area-30,2
2024-01-11,13,3,Area-31,2
2024-01-11,13,3,Area-32,1
2024-01-11,13,3,Area-33,2
2024-01-11,13,3,Area-34,1
2024-01-11,13,3,Area-35,1
2024-01-11,13,3,Area-37,1
2024-01-11,13,3,Area-38,2
2024-01-11,13,3,Area-39,2
2024-01-11,13,3,Area-4,2
2024-01-11,13,3,Area-40,2
2024-01-11,13,3,Area-41,4
2024-01-11,13,3,Area-42,2
2024-01-11,13,3,Area-43,2
2024-01-11,13,3,Area-44,2
2024-01-11,13,3,Area-45,3
2024-01-11,13,3,Area-47,3
2024-01-11,13,3,Area-48,10
2024-01-11,13,3,Area-49,1
2024-01-11,13,3,Area-5,2
2024-01-11,13,3,Area-50,2
2024-01-11,13,3,Area-7,2
2024-01-11,13,3,Area-8,1
2024-01-11,14,3,Area-1,3
2024-01-11,14,3,Area-10,3
2024-01-11,14,3,Area-11,2
2024-01-11,14,3,Area-12,1
2024-01-11,14,3,Area-13,2
2024-01-11,14,3,Area-14,1
2024-01-11,14,3,Area-15,1
2024-01-11,14,3,Area-16,2
2024-01-11,14,3,Area-17,1
2024-01-11,14,3,Area-18,1
2024-01-11,14,3,Area-19,1
2024-01-11,14,3,Area-20,2
2024-01-11,14,3,Area-21,1
2024-01-11,14,3,Area-23,2
2024-01-11,14,3,Area-24,1
2024-01-11,14,3,Area-25,1
2024-01-11,14,3,Area-26,4
2024-01-11,14,3,Area-29,1
2024-01-11,14,3,Area-33,1
2024-01-11,14,3,Area-34,4
2024-01-11,14,3,Area-35,1
2024-01-11,14,3,Area-37,2
2024-01-11,14,3,Area-39,1
2024-01-11,14,3,Area-40,1
2024-01-11,14,3,Area-41,1
2024-01-11,14,3,Area-42,1
2024-01-11,14,3,Area-43,3
2024-01-11,14,3,Area-44,2
2024-01-11,14,3,Area-45,1
2024-01-11,14,3,Area-46,2
2024-01-11,14,3,Area-47,3
2024-01-11,14,3,Area-48,3
2024-01-11,14,3,Area-49,2
2024-01-11,14,3,Area-6,2
2024-01-11,14,3,Area-7,3
2024-01-11,14,3,Area-8,1
2024-01-11,14,3,Area-9,1
2024-01-11,15,3,Area-1,1
2024-01-11,15,3,Area-10,3
2024-01-11,15,3,Area-11,4
2024-01-11,15,3,Area-13,3
2024-01-11,15,3,Area-14,1
2024-01-11,15,3,Area-15,2
2024-01-11,15,3,Area-16,2
2024-01-11,15,3,Area-17,1
2024-01-11,15,3,Area-18,2
2024-01-11,15,3,Area-19,2
2024-01-11,15,3,Area-2,1
2024-01-11,15,3,Area-20,2
2024-01-11,15,3,Area-21,1
2024-01-11,15,3,Area-22,1
2024-01-11,15,3,Area-24,3
2024-01-11,15,3,Area-25,1
2024-01-11,15,3,Area-26,1
2024-01-11,15,3,Area-27,1
2024-01-11,15,3,Area-29,4
2024-01-11,15,3,Area-3,1
2024-01-11,15,3,Area-30,2
2024-01-11,15,3,Area-31,2
2024-01-11,15,3,Area-32,1
2024-01-11,15,3,Area-33,2
2024-01-11,15,3,Area-34,2
2024-01-11,15,3,Area-35,2
2024-01-11,15,3,Area-36,1
2024-01-11,15,3,Area-37,2
2024-01-11,15,3,Area-4,2
2024-01-11,15,3,Area-40,3
2024-01-11,15,3,Area-41,1
2024-01-11,15,3,Area-42,1
2024-01-11,15,3,Area-45,1
2024-01-11,15,3,Area-46,3
2024-01-11,15,3,Area-47,3
2024-01-11,15,3,Area-48,2
2024-01-11,15,3,Area-49,1
2024-01-11,15,3,Area-5,1
2024-01-11,15,3,Area-6,4
2024-01-11,15,3,Area-8,3
2024-01-11,15,3,Area-9,1
2024-01-11,16,3,Area-1,5
2024-01-11,16,3,Area-10,2
2024-01-11,16,3,Area-12,1
2024-01-11,16,3,Area-13,3
2024-01-11,16,3,Area-15,1
2024-01-11,16,3,Area-16,3
2024-01-11,16,3,Area-17,2
2024-01-11,16,3,Area-19,2
2024-01-11,16,3,Area-2,1
2024-01-11,16,3,Area-20,2
2024-01-11,16,3,Area-21,1
2024-01-11,16,3,Area-22,2
2024-01-11,16,3,Area-23,2
2024-01-11,16,3,Area-24,1
2024-01-11,16,3,Area-25,1
2024-01-11,16,3,Area-26,1
2024-01-11,16,3,Area-27,1
2024-01-11,16,3,Area-29,2
2024-01-11,16,3,Area-3,1
2024-01-11,16,3,Area-30,1
2024-01-11,16,3,Area-32,1
2024-01-11,16,3,Area-33,1
2024-01-11,16,3,Area-34,2
2024-01-11,16,3,Area-35,1
2024-01-11,16,3,Area-36,3
2024-01-11,16,3,Area-37,1
2024-01-11,16,3,Area-38,3
2024-01-11,16,3,Area-39,1
2024-01-11,16,3,Area-4,1
2024-01-11,16,3,Area-40,1
2024-01-11,16,3,Area-41,1
2024-01-11,16,3,Area-43,1
2024-01-11,16,3,Area-44,2
2024-01-11,16,3,Area-46,2
2024-01-11,16,3,Area-47,1
2024-01-11,16,3,Area-48,3
2024-01-11,16,3,Area-49,1
2024-01-11,16,3,Area-5,1
2024-01-11,16,3,Area-50,3
2024-01-11,16,3,Area-7,2
2024-01-11,16,3,Area-8,1
2024-01-11,16,3,Area-9,2
2024-01-11,17,3,Area-1,1
2024-01-11,17,3,Area-10,4
2024-01-11,17,3,Area-11,1
2024-01-11,17,3,Area-12,3
2024-01-11,17,3,Area-16,3
2024-01-11,17,3,Area-17,2
2024-01-11,17,3,Area-18,2
2024-01-11,17,3,Area-19,2
2024-01-11,17,3,Area-2,2
2024-01-11,17,3,Area-23,4
2024-01-11,17,3,Area-24,2
2024-01-11,17,3,Area-27,1
2024-01-11,17,3,Area-28,3
2024-01-11,17,3,Area-29,3
2024-01-11,17,3,Area-3,1
2024-01-11,17,3,Area-30,1
2024-01-11,17,3,Area-31,2
2024-01-11,17,3,Area-32,4
2024-01-11,17,3,Area-33,4
2024-01-11,17,3,Area-34,4
2024-01-11,17,3,Area-35,2
2024-01-11,17,3,Area-36,1
2024-01-11,17,3,Area-37,2
2024-01-11,17,3,Area-38,1
2024-01-11,17,3,Area-4,1
2024-01-11,17,3,Area-40,5
2024-01-11,17,3,Area-41,2
2024-01-11,17,3,Area-42,1
2024-01-11,17,3,Area-43,2
2024-01-11,17,3,Area-44,3
2024-01-11,17,3,Area-45,1
2024-01-11,17,3,Area-46,2
2024-01-11,17,3,Area-47,3
2024-01-11,17,3,Area-49,1
2024-01-11,17,3,Area-5,1
2024-01-11,17,3,Area-50,2
2024-01-11,17,3,Area-6,1
2024-01-11,17,3,Area-8,1
2024-01-11,17,3,Area-9,1
2024-01-11,18,3,Area-1,2
2024-01-11,18,3,Area-10,1
2024-01-11,18,3,Area-11,1
2024-01-11,18,3,Area-12,1
2024-01-11,18,3,Area-13,1
2024-01-11,18,3,Area-15,3
2024-01-11,18,3,Area-17,1
2024-01-11,18,3,Area-2,1
2024-01-11,18,3,Area-20,3
2024-01-11,18,3,Area-21,3
2024-01-11,18,3,Area-22,3
2024-01-11,18,3,Area-23,1
2024-01-11,18,3,Area-24,3
2024-01-11,18,3,Area-26,1
2024-01-11,18,3,Area-27,1
2024-01-11,18,3,Area-28,2
2024-01-11,18,3,Area-29,1
2024-01-11,18,3,Area-3,4
2024-01-11,18,3,Area-30,1
2024-01-11,18,3,Area-31,2
2024-01-11,18,3,Area-32,2
2024-01-11,18,3,Area-33,1
2024-01-11,18,3,Area-34,3
2024-01-11,18,3,Area-36,2
2024-01-11,18,3,Area-38,1
2024-01-11,18,3,Area-39,1
2024-01-11,18,3,Area-40,2
2024-01-11,18,3,Area-42,2
2024-01-11,18,3,Area-43,1
2024-01-11,18,3,Area-44,2
2024-01-11,18,3,Area-45,3
2024-01-11,18,3,Area-46,3
2024-01-11,18,3,Area-47,1
2024-01-11,18,3,Area-48,1
2024-01-11,18,3,Area-49,3
2024-01-11,18,3,Area-5,2
2024-01-11,18,3,Area-50,1
2024-01-11,18,3,Area-6,1
2024-01-11,18,3,Area-7,4
2024-01-11,18,3,Area-8,1
2024-01-11,18,3,Area-9,1
2024-01-11,19,3,Area-10,1
2024-01-11,19,3,Area-11,1
2024-01-11,19,3,Area-12,1
2024-01-11,19,3,Area-13,1
2024-01-11,19,3,Area-14,3
2024-01-11,19,3,Area-15,1
2024-01-11,19,3,Area-16,1
2024-01-11,19,3,Area-17,1
2024-01-11,19,3,Area-18,1
2024-01-11,19,3,Area-19,3
2024-01-11,19,3,Area-20,2
2024-01-11,19,3,Area-21,3
2024-01-11,19,3,Area-22,1
2024-01-11,19,3,Area-23,2
2024-01-11,19,3,Area-24,1
2024-01-11,19,3,Area-26,1
2024-01-11,19,3,Area-27,1
2024-01-11,19,3,Area-28,1
2024-01-11,19,3,Area-29,3
2024-01-11,19,3,Area-3,3
2024-01-11,19,3,Area-30,1
2024-01-11,19,3,Area-31,1
2024-01-11,19,3,Area-32,2
2024-01-11,19,3,Area-33,3
2024-01-11,19,3,Area-34,3
2024-01-11,19,3,Area-35,3
2024-01-11,19,3,Area-37,2
2024-01-11,19,3,Area-38,2
2024-01-11,19,3,Area-4,1
2024-01-11,19,3,Area-40,2
2024-01-11,19,3,Area-41,3
2024-01-11,19,3,Area-42,2
2024-01-11,19,3,Area-45,1
2024-01-11,19,3,Area-46,3
2024-01-11,19,3,Area-47,3
2024-01-11,19,3,Area-48,2
2024-01-11,19,3,Area-49,1
2024-01-11,19,3,Area-5,2
2024-01-11,19,3,Area-50,3
2024-01-11,19,3,Area-6,1
2024-01-11,19,3,Area-7,2
2024-01-11,19,3,Area-8,1
2024-01-11,19,3,Area-9,4
2024-01-11,20,3,Area-1,1
2024-01-11,20,3,Area-10,2
2024-01-11,20,3,Area-11,3
2024-01-11,20,3,Area-12,1
2024-01-11,20,3,Area-14,2
2024-01-11,20,3,Area-15,3
2024-01-11,20,3,Area-16,1
2024-01-11,20,3,Area-17,2
2024-01-11,20,3,Area-18,2
2024-01-11,20,3,Area-19,2
2024-01-11,20,3,Area-2,1
2024-01-11,20,3,Area-20,2
2024-01-11,20,3,Area-21,3
2024-01-11,20,3,Area-22,1
2024-01-11,20,3,Area-23,2
2024-01-11,20,3,Area-25,2
2024-01-11,20,3,Area-26,1
2024-01-11,20,3,Area-27,4
2024-01-11,20,3,Area-28,2
2024-01-11,20,3,Area-29,4
2024-01-11,20,3,Area-3,1
2024-01-11,20,3,Area-30,1
2024-01-11,20,3,Area-31,2
2024-01-11,20,3,Area-35,2
2024-01-11,20,3,Area-36,2
2024-01-11,20,3,Area-38,6
2024-01-11,20,3,Area-4,2
2024-01-11,20,3,Area-40,4
2024-01-11,20,3,Area-41,4
2024-01-11,20,3,Area-42,5
2024-01-11,20,3,Area-43,2
2024-01-11,20,3,Area-44,1
2024-01-11,20,3,Area-45,1
2024-01-11,20,3,Area-46,1
2024-01-11,20,3,Area-47,1
2024-01-11,20,3,Area-48,1
2024-01-11,20,3,Area-49,3
2024-01-11,20,3,Area-5,2
2024-01-11,20,3,Area-50,6
2024-01-11,20,3,Area-6,1
2024-01-11,20,3,Area-7,2
2024-01-11,20,3,Area-8,2
2024-01-11,20,3,Area-9,1
2024-01-11,21,3,Area-1,3
2024-01-11,21,3,Area-10,1
2024-01-11,21,3,Area-11,2
2024-01-11,21,3,Area-12,2
2024-01-11,21,3,Area-13,1
2024-01-11,21,3,Area-14,1
2024-01-11,21,3,Area-15,3
2024-01-11,21,3,Area-16,1
2024-01-11,21,3,Area-17,1
2024-01-11,21,3,Area-18,1
2024-01-11,21,3,Area-19,1
2024-01-11,21,3,Area-2,1
2024-01-11,21,3,Area-20,1
2024-01-11,21,3,Area-21,3
2024-01-11,21,3,Area-23,1
2024-01-11,21,3,Area-25,2
2024-01-11,21,3,Area-26,3
2024-01-11,21,3,Area-27,1
2024-01-11,21,3,Area-29,3
2024-01-11,21,3,Area-3,1
2024-01-11,21,3,Area-30,2
2024-01-11,21,3,Area-31,1
2024-01-11,21,3,Area-33,3
2024-01-11,21,3,Area-34,1
2024-01-11,21,3,Area-39,1
2024-01-11,21,3,Area-4,2
2024-01-11,21,3,Area-40,1
2024-01-11,21,3,Area-41,2
2024-01-11,21,3,Area-44,3
2024-01-11,21,3,Area-47,1
2024-01-11,21,3,Area-49,1
2024-01-11,21,3,Area-5,2
2024-01-11,21,3,Area-6,2
2024-01-11,21,3,Area-7,1
2024-01-11,21,3,Area-8,1
2024-01-11,21,3,Area-9,1
2024-01-11,22,3,Area-1,2
2024-01-11,22,3,Area-10,3
2024-01-11,22,3,Area-11,3
2024-01-11,22,3,Area-13,2
2024-01-11,22,3,Area-14,2
2024-01-11,22,3,Area-15,1
2024-01-11,22,3,Area-16,2
2024-01-11,22,3,Area-17,4
2024-01-11,22,3,Area-18,1
2024-01-11,22,3,Area-2,1
2024-01-11,22,3,Area-21,3
2024-01-11,22,3,Area-22,3
2024-01-11,22,3,Area-23,1
2024-01-11,22,3,Area-24,2
2024-01-11,22,3,Area-26,4
2024-01-11,22,3,Area-28,1
2024-01-11,22,3,Area-29,2
2024-01-11,22,3,Area-3,5
2024-01-11,22,3,Area-30,2
2024-01-11,22,3,Area-31,3
2024-01-11,22,3,Area-32,2
2024-01-11,22,3,Area-33,1
2024-01-11,22,3,Area-34,1
2024-01-11,22,3,Area-35,3
2024-01-11,22,3,Area-37,2
2024-01-11,22,3,Area-38,1
2024-01-11,22,3,Area-39,1
2024-01-11,22,3,Area-40,1
2024-01-11,22,3,Area-43,3
2024-01-11,22,3,Area-44,2
2024-01-11,22,3,Area-45,1
2024-01-11,22,3,Area-46,2
2024-01-11,22,3,Area-48,3
2024-01-11,22,3,Area-5,1
2024-01-11,22,3,Area-6,2
2024-01-11,22,3,Area-8,2
2024-01-11,23,3,Area-1,3
2024-01-11,23,3,Area-10,2
2024-01-11,23,3,Area-11,2
2024-01-11,23,3,Area-12,3
2024-01-11,23,3,Area-13,2
2024-01-11,23,3,Area-18,3
2024-01-11,23,3,Area-2,2
2024-01-11,23,3,Area-24,3
2024-01-11,23,3,Area-26,1
2024-01-11,23,3,Area-27,3
2024-01-11,23,3,Area-28,2
2024-01-11,23,3,Area-29,2
2024-01-11,23,3,Area-31,3
2024-01-11,23,3,Area-32,1
2024-01-11,23,3,Area-33,1
2024-01-11,23,3,Area-34,5
2024-01-11,23,3,Area-36,2
2024-01-11,23,3,Area-37,2
2024-01-11,23,3,Area-38,4
2024-01-11,23,3,Area-39,1
2024-01-11,23,3,Area-40,2
2024-01-11,23,3,Area-43,3
2024-01-11,23,3,Area-44,1
2024-01-11,23,3,Area-45,2
2024-01-11,23,3,Area-48,1
2024-01-11,23,3,Area-49,1
2024-01-11,23,3,Area-5,2
2024-01-11,23,3,Area-50,1
2024-01-11,23,3,Area-6,1
2024-01-11,23,3,Area-7,3
2024-01-11,23,3,Area-8,2
2024-01-11,23,3,Area-9,5
2024-01-12,0,4,Area-12,1
2024-01-12,0,4,Area-13,1
2024-01-12,0,4,Area-14,1
2024-01-12,0,4,Area-16,1
2024-01-12,0,4,Area-17,1
2024-01-12,0,4,Area-18,2
2024-01-12,0,4,Area-19,1
2024-01-12,0,4,Area-2,1
2024-01-12,0,4,Area-20,2
2024-01-12,0,4,Area-22,1
2024-01-12,0,4,Area-23,3
2024-01-12,0,4,Area-24,2
2024-01-12,0,4,Area-25,1
2024-01-12,0,4,Area-26,1
2024-01-12,0,4,Area-27,3
2024-01-12,0,4,Area-28,1
2024-01-12,0,4,Area-29,1
2024-01-12,0,4,Area-3,4
2024-01-12,0,4,Area-31,2
2024-01-12,0,4,Area-32,1
2024-01-12,0,4,Area-34,2
2024-01-12,0,4,Area-35,2
2024-01-12,0,4,Area-36,1
2024-01-12,0,4,Area-37,2
2024-01-12,0,4,Area-38,1
2024-01-12,0,4,Area-39,1
2024-01-12,0,4,Area-4,1
2024-01-12,0,4,Area-40,2
2024-01-12,0,4,Area-41,1
2024-01-12,0,4,Area-42,2
2024-01-12,0,4,Area-43,2
2024-01-12,0,4,Area-44,1
2024-01-12,0,4,Area-45,1
2024-01-12,0,4,Area-46,1
2024-01-12,0,4,Area-47,3
2024-01-12,0,4,Area-48,1
2024-01-12,0,4,Area-49,7
2024-01-12,0,4,Area-50,1
2024-01-12,0,4,Area-6,1
2024-01-12,0,4,Area-7,1
2024-01-12,0,4,Area-8,2
2024-01-12,0,4,Area-9,1
2024-01-12,1,4,Area-1,3
2024-01-12,1,4,Area-10,2
2024-01-12,1,4,Area-11,3
2024-01-12,1,4,Area-12,1
2024-01-12,1,4,Area-13,2
2024-01-12,1,4,Area-14,2
2024-01-12,1,4,Area-15,2
2024-01-12,1,4,Area-16,1
2024-01-12,1,4,Area-18,1
2024-01-12,1,4,Area-19,1
2024-01-12,1,4,Area-2,2
2024-01-12,1,4,Area-20,1
2024-01-12,1,4,Area-21,1
2024-01-12,1,4,Area-22,1
2024-01-12,1,4,Area-23,1
2024-01-12,1,4,Area-24,1
2024-01-12,1,4,Area-25,1
2024-01-12,1,4,Area-26,1
2024-01-12,1,4,Area-27,1
2024-01-12,1,4,Area-28,2
2024-01-12,1,4,Area-31,3
2024-01-12,1,4,Area-32,6
2024-01-12,1,4,Area-33,2
2024-01-12,1,4,Area-34,2
2024-01-12,1,4,Area-35,1
2024-01-12,1,4,Area-37,1
2024-01-12,1,4,Area-39,4
2024-01-12,1,4,Area-4,1
2024-01-12,1,4,Area-40,1
2024-01-12,1,4,Area-41,2
2024-01-12,1,4,Area-42,2
2024-01-12,1,4,Area-43,2
2024-01-12,1,4,Area-44,3
2024-01-12,1,4,Area-47,1
2024-01-12,1,4,Area-48,1
2024-01-12,1,4,Area-49,1
2024-01-12,1,4,Area-5,1
2024-01-12,1,4,Area-50,3
2024-01-12,1,4,Area-6,2
2024-01-12,1,4,Area-7,1
2024-01-12,1,4,Area-9,3
2024-01-12,2,4,Area-1,2
2024-01-12,2,4,Area-10,1
2024-01-12,2,4,Area-11,1
2024-01-12,2,4,Area-14,1
2024-01-12,2,4,Area-15,1
2024-01-12,2,4,Area-16,2
2024-01-12,2,4,Area-17,3
2024-01-12,2,4,Area-18,2
2024-01-12,2,4,Area-19,2
2024-01-12,2,4,Area-20,1
2024-01-12,2,4,Area-22,1
2024-01-12,2,4,Area-23,2
2024-01-12,2,4,Area-24,1
2024-01-12,2,4,Area-25,2
2024-01-12,2,4,Area-26,1
2024-01-12,2,4,Area-27,2
2024-01-12,2,4,Area-28,1
2024-01-12,2,4,Area-3,3
2024-01-12,2,4,Area-30,2
2024-01-12,2,4,Area-31,1
2024-01-12,2,4,Area-32,1
2024-01-12,2,4,Area-33,2
2024-01-12,2,4,Area-35,1
2024-01-12,2,4,Area-36,2
2024-01-12,2,4,Area-37,2
2024-01-12,2,4,Area-39,1
2024-01-12,2,4,Area-4,3
2024-01-12,2,4,Area-40,3
2024-01-12,2,4,Area-41,4
2024-01-12,2,4,Area-42,1
2024-01-12,2,4,Area-43,1
2024-01-12,2,4,Area-45,3
2024-01-12,2,4,Area-48,1
2024-01-12,2,4,Area-49,1
2024-01-12,2,4,Area-50,2
2024-01-12,2,4,Area-6,1
2024-01-12,2,4,Area-7,2
2024-01-12,2,4,Area-8,2
2024-01-12,3,4,Area-1,1
2024-01-12,3,4,Area-10,1
2024-01-12,3,4,Area-13,1
2024-01-12,3,4,Area-14,2
2024-01-12,3,4,Area-15,2
2024-01-12,3,4,Area-16,1
2024-01-12,3,4,Area-17,2
2024-01-12,3,4,Area-2,2
2024-01-12,3,4,Area-20,1
2024-01-12,3,4,Area-21,1
2024-01-12,3,4,Area-23,1
2024-01-12,3,4,Area-24,3
2024-01-12,3,4,Area-25,1
2024-01-12,3,4,Area-26,3
2024-01-12,3,4,Area-27,1
2024-01-12,3,4,Area-28,2
2024-01-12,3,4,Area-29,1
2024-01-12,3,4,Area-30,1
2024-01-12,3,4,Area-31,5
2024-01-12,3,4,Area-32,2
2024-01-12,3,4,Area-33,1
2024-01-12,3,4,Area-35,2
2024-01-12,3,4,Area-36,1
2024-01-12,3,4,Area-37,1
2024-01-12,3,4,Area-38,3
2024-01-12,3,4,Area-4,2
2024-01-12,3,4,Area-40,2
2024-01-12,3,4,Area-41,1
2024-01-12,3,4,Area-42,3
2024-01-12,3,4,Area-43,4
2024-01-12,3,4,Area-44,3
2024-01-12,3,4,Area-45,2
2024-01-12,3,4,Area-46,1
2024-01-12,3,4,Area-47,1
2024-01-12,3,4,Area-48,1
2024-01-12,3,4,Area-49,2
2024-01-12,3,4,Area-5,1
2024-01-12,3,4,Area-50,1
2024-01-12,3,4,Area-7,1
2024-01-12,3,4,Area-8,2
2024-01-12,3,4,Area-9,1
2024-01-12,4,4,Area-1,2
2024-01-12,4,4,Area-10,3
2024-01-12,4,4,Area-11,2
2024-01-12,4,4,Area-12,3
2024-01-12,4,4,Area-14,1
2024-01-12,4,4,Area-16,3
2024-01-12,4,4,Area-17,3
2024-01-12,4,4,Area-18,3
2024-01-12,4,4,Area-2,1
2024-01-12,4,4,Area-22,2
2024-01-12,4,4,Area-23,3
2024-01-12,4,4,Area-24,1
2024-01-12,4,4,Area-25,2
2024-01-12,4,4,Area-26,2
2024-01-12,4,4,Area-27,2
2024-01-12,4,4,Area-3,1
2024-01-12,4,4,Area-30,4
2024-01-12,4,4,Area-31,1
2024-01-12,4,4,Area-32,3
2024-01-12,4,4,Area-33,1
2024-01-12,4,4,Area-34,4
2024-01-12,4,4,Area-35,1
2024-01-12,4,4,Area-36,1
2024-01-12,4,4,Area-37,2
2024-01-12,4,4,Area-38,1
2024-01-12,4,4,Area-39,1
2024-01-12,4,4,Area-4,3
2024-01-12,4,4,Area-41,2
2024-01-12,4,4,Area-42,2
2024-01-12,4,4,Area-43,3
2024-01-12,4,4,Area-44,2
2024-01-12,4,4,Area-45,2
2024-01-12,4,4,Area-46,2
2024-01-12,4,4,Area-47,2
2024-01-12,4,4,Area-48,2
2024-01-12,4,4,Area-49,2
2024-01-12,4,4,Area-5,2
2024-01-12,4,4,Area-6,4
2024-01-12,4,4,Area-7,2
2024-01-12,4,4,Area-8,1
2024-01-12,5,4,Area-1,2
2024-01-12,5,4,Area-10,1
2024-01-12,5,4,Area-11,3
2024-01-12,5,4,Area-12,3
2024-01-12,5,4,Area-13,1
2024-01-12,5,4,Area-15,3
2024-01-12,5,4,Area-16,3
2024-01-12,5,4,Area-17,2
2024-01-12,5,4,Area-18,1
2024-01-12,5,4,Area-2,2
2024-01-12,5,4,Area-20,1
2024-01-12,5,4,Area-21,2
2024-01-12,5,4,Area-22,1
2024-01-12,5,4,Area-23,1
2024-01-12,5,4,Area-24,1
2024-01-12,5,4,Area-25,1
2024-01-12,5,4,Area-26,1
2024-01-12,5,4,Area-27,2
2024-01-12,5,4,Area-29,2
2024-01-12,5,4,Area-3,4
2024-01-12,5,4,Area-30,1
2024-01-12,5,4,Area-31,1
2024-01-12,5,4,Area-33,4
2024-01-12,5,4,Area-34,3
2024-01-12,5,4,Area-35,2
2024-01-12,5,4,Area-36,1
2024-01-12,5,4,Area-38,2
2024-01-12,5,4,Area-39,1
2024-01-12,5,4,Area-4,2
2024-01-12,5,4,Area-40,1
2024-01-12,5,4,Area-42,2
2024-01-12,5,4,Area-43,2
2024-01-12,5,4,Area-45,2
2024-01-12,5,4,Area-46,1
2024-01-12,5,4,Area-48,4
2024-01-12,5,4,Area-49,1
2024-01-12,5,4,Area-5,4
2024-01-12,5,4,Area-50,2
2024-01-12,5,4,Area-6,1
2024-01-12,5,4,Area-7,2
2024-01-12,5,4,Area-8,2
2024-01-12,6,4,Area-1,3
2024-01-12,6,4,Area-13,2
2024-01-12,6,4,Area-16,2
2024-01-12,6,4,Area-17,2
2024-01-12,6,4,Area-18,1
2024-01-12,6,4,Area-19,2
2024-01-12,6,4,Area-20,1
2024-01-12,6,4,Area-21,1
2024-01-12,6,4,Area-22,1
2024-01-12,6,4,Area-26,1
2024-01-12,6,4,Area-27,2
2024-01-12,6,4,Area-28,1
2024-01-12,6,4,Area-29,1
2024-01-12,6,4,Area-3,2
2024-01-12,6,4,Area-30,2
2024-01-12,6,4,Area-32,4
2024-01-12,6,4,Area-33,4
2024-01-12,6,4,Area-34,2
2024-01-12,6,4,Area-36,1
2024-01-12,6,4,Area-37,2
2024-01-12,6,4,Area-38,2
2024-01-12,6,4,Area-4,2
2024-01-12,6,4,Area-40,2
2024-01-12,6,4,Area-41,1
2024-01-12,6,4,Area-43,1
2024-01-12,6,4,Area-45,2
2024-01-12,6,4,Area-46,1
2024-01-12,6,4,Area-47,2
2024-01-12,6,4,Area-48,1
2024-01-12,6,4,Area-49,3
2024-01-12,6,4,Area-5,3
2024-01-12,6,4,Area-50,1
2024-01-12,6,4,Area-7,2
2024-01-12,7,4,Area-1,1
2024-01-12,7,4,Area-10,1
2024-01-12,7,4,Area-11,2
2024-01-12,7,4,Area-12,2
2024-01-12,7,4,Area-13,3
2024-01-12,7,4,Area-14,1
2024-01-12,7,4,Area-15,1
2024-01-12,7,4,Area-16,2
2024-01-12,7,4,Area-17,1
2024-01-12,7,4,Area-19,5
2024-01-12,7,4,Area-20,4
2024-01-12,7,4,Area-21,3
2024-01-12,7,4,Area-22,2
2024-01-12,7,4,Area-23,1
2024-01-12,7,4,Area-24,1
2024-01-12,7,4,Area-25,3
2024-01-12,7,4,Area-27,4
2024-01-12,7,4,Area-28,1
2024-01-12,7,4,Area-30,2
2024-01-12,7,4,Area-31,1
2024-01-12,7,4,Area-32,1
2024-01-12,7,4,Area-33,2
2024-01-12,7,4,Area-35,3
2024-01-12,7,4,Area-36,2
2024-01-12,7,4,Area-38,1
2024-01-12,7,4,Area-39,2
2024-01-12,7,4,Area-4,1
2024-01-12,7,4,Area-41,2
2024-01-12,7,4,Area-42,3
2024-01-12,7,4,Area-43,6
2024-01-12,7,4,Area-44,5
2024-01-12,7,4,Area-45,2
2024-01-12,7,4,Area-47,2
2024-01-12,7,4,Area-48,2
2024-01-12,7,4,Area-49,3
2024-01-12,7,4,Area-5,1
2024-01-12,7,4,Area-7,1
2024-01-12,7,4,Area-8,1
2024-01-12,8,4,Area-11,3
2024-01-12,8,4,Area-13,4
2024-01-12,8,4,Area-14,5
2024-01-12,8,4,Area-15,1
2024-01-12,8,4,Area-19,2
2024-01-12,8,4,Area-20,2
2024-01-12,8,4,Area-21,1
2024-01-12,8,4,Area-23,1
2024-01-12,8,4,Area-24,1
2024-01-12,8,4,Area-25,2
2024-01-12,8,4,Area-26,1
2024-01-12,8,4,Area-27,1
2024-01-12,8,4,Area-28,2
2024-01-12,8,4,Area-30,2
2024-01-12,8,4,Area-31,3
2024-01-12,8,4,Area-32,2
2024-01-12,8,4,Area-33,2
2024-01-12,8,4,Area-34,1
2024-01-12,8,4,Area-35,1
2024-01-12,8,4,Area-37,1
2024-01-12,8,4,Area-39,5
2024-01-12,8,4,Area-4,4
2024-01-12,8,4,Area-40,2
2024-01-12,8,4,Area-41,1
2024-01-12,8,4,Area-42,2
2024-01-12,8,4,Area-44,1
2024-01-12,8,4,Area-46,1
2024-01-12,8,4,Area-47,2
2024-01-12,8,4,Area-48,1
2024-01-12,8,4,Area-49,1
2024-01-12,8,4,Area-50,1
2024-01-12,8,4,Area-6,1
2024-01-12,8,4,Area-8,2
2024-01-12,8,4,Area-9,1
2024-01-12,9,4,Area-10,2
2024-01-12,9,4,Area-11,2
2024-01-12,9,4,Area-12,2
2024-01-12,9,4,Area-13,3
2024-01-12,9,4,Area-15,1
2024-01-12,9,4,Area-17,2
2024-01-12,9,4,Area-19,1
2024-01-12,9,4,Area-2,3
2024-01-12,9,4,Area-20,1
2024-01-12,9,4,Area-23,4
2024-01-12,9,4,Area-25,2
2024-01-12,9,4,Area-26,1
2024-01-12,9,4,Area-28,1
2024-01-12,9,4,Area-29,4
2024-01-12,9,4,Area-3,2
2024-01-12,9,4,Area-30,3
2024-01-12,9,4,Area-31,2
2024-01-12,9,4,Area-32,3
2024-01-12,9,4,Area-35,1
2024-01-12,9,4,Area-36,2
2024-01-12,9,4,Area-37,3
2024-01-12,9,4,Area-38,1
2024-01-12,9,4,Area-39,1
2024-01-12,9,4,Area-4,3
2024-01-12,9,4,Area-40,2
2024-01-12,9,4,Area-41,1
2024-01-12,9,4,Area-42,2
2024-01-12,9,4,Area-45,1
2024-01-12,9,4,Area-46,2
2024-01-12,9,4,Area-48,3
2024-01-12,9,4,Area-49,2
2024-01-12,9,4,Area-5,1
2024-01-12,9,4,Area-50,1
2024-01-12,9,4,Area-6,2
2024-01-12,9,4,Area-7,2
2024-01-12,9,4,Area-8,2
2024-01-12,9,4,Area-9,2
2024-01-12,10,4,Area-1,3
2024-01-12,10,4,Area-10,1
2024-01-12,10,4,Area-12,3
2024-01-12,10,4,Area-13,1
2024-01-12,10,4,Area-14,1
2024-01-12,10,4,Area-15,2
2024-01-12,10,4,Area-17,1
2024-01-12,10,4,Area-18,3
2024-01-12,10,4,Area-19,2
2024-01-12,10,4,Area-2,3
2024-01-12,10,4,Area-20,1
2024-01-12,10,4,Area-21,1
2024-01-12,10,4,Area-24,3
2024-01-12,10,4,Area-26,4
2024-01-12,10,4,Area-27,1
2024-01-12,10,4,Area-28,4
2024-01-12,10,4,Area-29,1
2024-01-12,10,4,Area-3,3
2024-01-12,10,4,Area-30,2
2024-01-12,10,4,Area-31,1
2024-01-12,10,4,Area-33,2
2024-01-12,10,4,Area-35,5
2024-01-12,10,4,Area-37,3
2024-01-12,10,4,Area-38,2
2024-01-12,10,4,Area-39,3
2024-01-12,10,4,Area-4,2
2024-01-12,10,4,Area-40,3
2024-01-12,10,4,Area-41,4
2024-01-12,10,4,Area-42,3
2024-01-12,10,4,Area-43,1
2024-01-12,10,4,Area-44,2
2024-01-12,10,4,Area-45,3
2024-01-12,10,4,Area-46,2
2024-01-12,10,4,Area-47,5
2024-01-12,10,4,Area-49,2
2024-01-12,10,4,Area-5,4
2024-01-12,10,4,Area-6,3
2024-01-12,10,4,Area-7,2
2024-01-12,10,4,Area-8,1
2024-01-12,10,4,Area-9,3
2024-01-12,11,4,Area-13,2
2024-01-12,11,4,Area-15,2
2024-01-12,11,4,Area-16,2
2024-01-12,11,4,Area-17,1
2024-01-12,11,4,Area-18,2
2024-01-12,11,4,Area-19,1
2024-01-12,11,4,Area-2,4
2024-01-12,11,4,Area-20,1
2024-01-12,11,4,Area-21,1
2024-01-12,11,4,Area-23,1
2024-01-12,11,4,Area-24,2
2024-01-12,11,4,Area-26,1
2024-01-12,11,4,Area-27,1
2024-01-12,11,4,Area-28,3
2024-01-12,11,4,Area-29,1
2024-01-12,11,4,Area-3,2
2024-01-12,11,4,Area-30,1
2024-01-12,11,4,Area-32,3
2024-01-12,11,4,Area-33,1
2024-01-12,11,4,Area-34,1
2024-01-12,11,4,Area-35,4
2024-01-12,11,4,Area-36,1
2024-01-12,11,4,Area-37,2
2024-01-12,11,4,Area-38,2
2024-01-12,11,4,Area-39,1
2024-01-12,11,4,Area-40,1
2024-01-12,11,4,Area-41,3
2024-01-12,11,4,Area-42,1
2024-01-12,11,4,Area-43,4
2024-01-12,11,4,Area-44,2
2024-01-12,11,4,Area-45,4
2024-01-12,11,4,Area-46,4
2024-01-12,11,4,Area-47,3
2024-01-12,11,4,Area-48,3
2024-01-12,11,4,Area-49,3
2024-01-12,11,4,Area-5,2
2024-01-12,11,4,Area-50,3
2024-01-12,11,4,Area-6,1
2024-01-12,11,4,Area-7,2
2024-01-12,11,4,Area-8,2
2024-01-12,11,4,Area-9,3
2024-01-12,12,4,Area-1,1
2024-01-12,12,4,Area-10,1
2024-01-12,12,4,Area-11,2
2024-01-12,12,4,Area-12,2
2024-01-12,12,4,Area-13,2
2024-01-12,12,4,Area-14,2
2024-01-12,12,4,Area-15,3
2024-01-12,12,4,Area-16,1
2024-01-12,12,4,Area-17,1
2024-01-12,12,4,Area-18,1
2024-01-12,12,4,Area-19,1
2024-01-12,12,4,Area-2,1
2024-01-12,12,4,Area-21,1
2024-01-12,12,4,Area-24,3
2024-01-12,12,4,Area-25,1
2024-01-12,12,4,Area-26,2
2024-01-12,12,4,Area-27,2
2024-01-12,12,4,Area-29,2
2024-01-12,12,4,Area-3,2
2024-01-12,12,4,Area-30,1
2024-01-12,12,4,Area-33,3
2024-01-12,12,4,Area-34,2
2024-01-12,12,4,Area-35,1
2024-01-12,12,4,Area-36,2
2024-01-12,12,4,Area-37,3
2024-01-12,12,4,Area-38,1
2024-01-12,12,4,Area-39,3
2024-01-12,12,4,Area-42,2
2024-01-12,12,4,Area-43,1
2024-01-12,12,4,Area-44,2
2024-01-12,12,4,Area-45,3
2024-01-12,12,4,Area-46,1
2024-01-12,12,4,Area-47,2
2024-01-12,12,4,Area-48,2
2024-01-12,12,4,Area-49,1
2024-01-12,12,4,Area-5,1
2024-01-12,12,4,Area-50,2
2024-01-12,12,4,Area-6,2
2024-01-12,12,4,Area-8,2
2024-01-12,12,4,Area-9,2
2024-01-12,13,4,Area-1,3
2024-01-12,13,4,Area-11,1
2024-01-12,13,4,Area-14,2
2024-01-12,13,4,Area-15,3
2024-01-12,13,4,Area-16,2
2024-01-12,13,4,Area-17,2
2024-01-12,13,4,Area-18,1
2024-01-12,13,4,Area-19,3
2024-01-12,13,4,Area-2,2
2024-01-12,13,4,Area-20,1
2024-01-12,13,4,Area-21,3
2024-01-12,13,4,Area-22,4
2024-01-12,13,4,Area-23,2
2024-01-12,13,4,Area-25,1
2024-01-12,13,4,Area-27,3
2024-01-12,13,4,Area-28,2
2024-01-12,13,4,Area-29,2
2024-01-12,13,4,Area-3,1
2024-01-12,13,4,Area-30,3
2024-01-12,13,4,Area-31,2
2024-01-12,13,4,Area-32,5
2024-01-12,13,4,Area-34,1
2024-01-12,13,4,Area-38,2
2024-01-12,13,4,Area-39,2
2024-01-12,13,4,Area-4,2
2024-01-12,13,4,Area-40,2
2024-01-12,13,4,Area-41,2
2024-01-12,13,4,Area-42,1
2024-01-12,13,4,Area-43,3
2024-01-12,13,4,Area-44,1
2024-01-12,13,4,Area-45,2
2024-01-12,13,4,Area-46,1
2024-01-12,13,4,Area-48,1
2024-01-12,13,4,Area-5,3
2024-01-12,13,4,Area-50,4
2024-01-12,13,4,Area-6,1
2024-01-12,13,4,Area-7,3
2024-01-12,13,4,Area-8,1
2024-01-12,13,4,Area-9,1
2024-01-12,14,4,Area-10,1
2024-01-12,14,4,Area-11,2
2024-01-12,14,4,Area-12,1
2024-01-12,14,4,Area-15,2
2024-01-12,14,4,Area-16,4
2024-01-12,14,4,Area-17,1
2024-01-12,14,4,Area-18,1
2024-01-12,14,4,Area-19,1
2024-01-12,14,4,Area-2,1
2024-01-12,14,4,Area-20,2
2024-01-12,14,4,Area-21,2
2024-01-12,14,4,Area-23,2
2024-01-12,14,4,Area-24,1
2024-01-12,14,4,Area-25,1
2024-01-12,14,4,Area-27,3
2024-01-12,14,4,Area-28,3
2024-01-12,14,4,Area-29,1
2024-01-12,14,4,Area-3,5
2024-01-12,14,4,Area-32,3
2024-01-12,14,4,Area-34,1
2024-01-12,14,4,Area-35,1
2024-01-12,14,4,Area-36,1
2024-01-12,14,4,Area-38,2
2024-01-12,14,4,Area-40,1
2024-01-12,14,4,Area-41,2
2024-01-12,14,4,Area-42,2
2024-01-12,14,4,Area-43,2
2024-01-12,14,4,Area-46,1
2024-01-12,14,4,Area-47,1
2024-01-12,14,4,Area-48,2
2024-01-12,14,4,Area-5,2
2024-01-12,14,4,Area-50,1
2024-01-12,14,4,Area-6,4
2024-01-12,14,4,Area-7,2
2024-01-12,14,4,Area-8,3
2024-01-12,15,4,Area-1,1
2024-01-12,15,4,Area-10,1
2024-01-12,15,4,Area-11,2
2024-01-12,15,4,Area-12,1
2024-01-12,15,4,Area-14,1
2024-01-12,15,4,Area-16,1
2024-01-12,15,4,Area-17,2
2024-01-12,15,4,Area-18,3
2024-01-12,15,4,Area-19,4
2024-01-12,15,4,Area-2,4
2024-01-12,15,4,Area-21,2
2024-01-12,15,4,Area-22,2
2024-01-12,15,4,Area-23,2
2024-01-12,15,4,Area-24,4
2024-01-12,15,4,Area-25,1
2024-01-12,15,4,Area-27,2
2024-01-12,15,4,Area-28,4
2024-01-12,15,4,Area-29,2
2024-01-12,15,4,Area-3,1
2024-01-12,15,4,Area-32,4
2024-01-12,15,4,Area-33,1
2024-01-12,15,4,Area-34,2
2024-01-12,15,4,Area-35,2
2024-01-12,15,4,Area-36,3
2024-01-12,15,4,Area-37,1
2024-01-12,15,4,Area-38,3
2024-01-12,15,4,Area-39,1
2024-01-12,15,4,Area-4,3
2024-01-12,15,4,Area-40,2
2024-01-12,15,4,Area-41,2
2024-01-12,15,4,Area-44,1
2024-01-12,15,4,Area-45,2
2024-01-12,15,4,Area-47,1
2024-01-12,15,4,Area-48,3
2024-01-12,15,4,Area-49,3
2024-01-12,15,4,Area-5,1
2024-01-12,15,4,Area-50,1
2024-01-12,15,4,Area-6,2
2024-01-12,15,4,Area-7,1
2024-01-12,15,4,Area-9,1
2024-01-12,16,4,Area-1,1
2024-01-12,16,4,Area-11,5
2024-01-12,16,4,Area-13,3
2024-01-12,16,4,Area-14,1
2024-01-12,16,4,Area-16,3
2024-01-12,16,4,Area-17,1
2024-01-12,16,4,Area-18,1
2024-01-12,16,4,Area-2,1
2024-01-12,16,4,Area-20,2
2024-01-12,16,4,Area-21,2
2024-01-12,16,4,Area-24,2
2024-01-12,16,4,Area-25,2
2024-01-12,16,4,Area-26,3
2024-01-12,16,4,Area-27,3
2024-01-12,16,4,Area-28,2
2024-01-12,16,4,Area-29,1
2024-01-12,16,4,Area-3,3
2024-01-12,16,4,Area-30,1
2024-01-12,16,4,Area-31,2
2024-01-12,16,4,Area-32,1
2024-01-12,16,4,Area-33,2
2024-01-12,16,4,Area-36,1
2024-01-12,16,4,Area-38,1
2024-01-12,16,4,Area-39,1
2024-01-12,16,4,Area-41,2
2024-01-12,16,4,Area-44,1
2024-01-12,16,4,Area-45,3
2024-01-12,16,4,Area-46,2
2024-01-12,16,4,Area-47,1
2024-01-12,16,4,Area-48,3
2024-01-12,16,4,Area-49,1
2024-01-12,16,4,Area-5,1
2024-01-12,16,4,Area-7,1
2024-01-12,16,4,Area-8,2
2024-01-12,16,4,Area-9,2
2024-01-12,17,4,Area-11,1
2024-01-12,17,4,Area-13,1
2024-01-12,17,4,Area-14,1
2024-01-12,17,4,Area-15,1
2024-01-12,17,4,Area-16,2
2024-01-12,17,4,Area-17,1
2024-01-12,17,4,Area-19,3
2024-01-12,17,4,Area-2,3
2024-01-12,17,4,Area-26,2
2024-01-12,17,4,Area-27,4
2024-01-12,17,4,Area-29,1
2024-01-12,17,4,Area-3,3
2024-01-12,17,4,Area-31,2
2024-01-12,17,4,Area-32,1
2024-01-12,17,4,Area-33,2
2024-01-12,17,4,Area-34,1
2024-01-12,17,4,Area-35,2
2024-01-12,17,4,Area-37,1
2024-01-12,17,4,Area-38,1
2024-01-12,17,4,Area-39,1
2024-01-12,17,4,Area-4,3
2024-01-12,17,4,Area-40,1
2024-01-12,17,4,Area-41,4
2024-01-12,17,4,Area-44,1
2024-01-12,17,4,Area-45,4
2024-01-12,17,4,Area-47,3
2024-01-12,17,4,Area-49,2
2024-01-12,17,4,Area-5,4
2024-01-12,17,4,Area-50,3
2024-01-12,17,4,Area-6,2
2024-01-12,17,4,Area-7,3
2024-01-12,17,4,Area-8,2
2024-01-12,17,4,Area-9,2
2024-01-12,18,4,Area-1,1
2024-01-12,18,4,Area-11,1
2024-01-12,18,4,Area-12,1
2024-01-12,18,4,Area-13,1
2024-01-12,18,4,Area-14,1
2024-01-12,18,4,Area-15,2
2024-01-12,18,4,Area-16,3
2024-01-12,18,4,Area-19,3
2024-01-12,18,4,Area-20,2
2024-01-12,18,4,Area-22,2
2024-01-12,18,4,Area-24,2
2024-01-12,18,4,Area-25,1
2024-01-12,18,4,Area-26,3
2024-01-12,18,4,Area-28,1
2024-01-12,18,4,Area-3,3
2024-01-12,18,4,Area-30,1
2024-01-12,18,4,Area-32,2
2024-01-12,18,4,Area-33,4
2024-01-12,18,4,Area-34,2
2024-01-12,18,4,Area-37,3
2024-01-12,18,4,Area-38,2
2024-01-12,18,4,Area-39,1
2024-01-12,18,4,Area-4,1
2024-01-12,18,4,Area-40,3
2024-01-12,18,4,Area-41,2
2024-01-12,18,4,Area-42,1
2024-01-12,18,4,Area-43,1
2024-01-12,18,4,Area-44,1
2024-01-12,18,4,Area-45,1
2024-01-12,18,4,Area-47,2
2024-01-12,18,4,Area-48,1
2024-01-12,18,4,Area-5,2
2024-01-12,18,4,Area-50,4
2024-01-12,18,4,Area-6,1
2024-01-12,18,4,Area-7,2
2024-01-12,18,4,Area-8,2
2024-01-12,18,4,Area-9,1
2024-01-12,19,4,Area-1,3
2024-01-12,19,4,Area-10,4
2024-01-12,19,4,Area-11,3
2024-01-12,19,4,Area-12,3
2024-01-12,19,4,Area-13,1
2024-01-12,19,4,Area-15,2
2024-01-12,19,4,Area-16,3
2024-01-12,19,4,Area-18,2
2024-01-12,19,4,Area-19,3
2024-01-12,19,4,Area-2,1
2024-01-12,19,4,Area-20,1
2024-01-12,19,4,Area-21,4
2024-01-12,19,4,Area-24,2
2024-01-12,19,4,Area-25,1
2024-01-12,19,4,Area-26,1
2024-01-12,19,4,Area-27,2
2024-01-12,19,4,Area-28,1
2024-01-12,19,4,Area-29,1
2024-01-12,19,4,Area-3,3
2024-01-12,19,4,Area-31,2
2024-01-12,19,4,Area-32,3
2024-01-12,19,4,Area-33,1
2024-01-12,19,4,Area-34,2
2024-01-12,19,4,Area-35,1
2024-01-12,19,4,Area-36,1
2024-01-12,19,4,Area-37,1
2024-01-12,19,4,Area-39,2
2024-01-12,19,4,Area-4,2
2024-01-12,19,4,Area-41,1
2024-01-12,19,4,Area-42,2
2024-01-12,19,4,Area-43,1
2024-01-12,19,4,Area-46,2
2024-01-12,19,4,Area-48,1
2024-01-12,19,4,Area-49,2
2024-01-12,19,4,Area-5,1
2024-01-12,19,4,Area-50,1
2024-01-12,19,4,Area-6,1
2024-01-12,19,4,Area-7,1
2024-01-12,19,4,Area-8,1
2024-01-12,19,4,Area-9,2
2024-01-12,20,4,Area-1,1
2024-01-12,20,4,Area-10,2
2024-01-12,20,4,Area-12,1
2024-01-12,20,4,Area-13,1
2024-01-12,20,4,Area-14,3
2024-01-12,20,4,Area-15,4
2024-01-12,20,4,Area-16,2
2024-01-12,20,4,Area-17,1
2024-01-12,20,4,Area-18,3
2024-01-12,20,4,Area-2,1
2024-01-12,20,4,Area-20,1
2024-01-12,20,4,Area-22,3
2024-01-12,20,4,Area-24,1
2024-01-12,20,4,Area-25,3
2024-01-12,20,4,Area-26,1
2024-01-12,20,4,Area-27,1
2024-01-12,20,4,Area-28,1
2024-01-12,20,4,Area-3,1
2024-01-12,20,4,Area-30,2
2024-01-12,20,4,Area-32,1
2024-01-12,20,4,Area-36,1
2024-01-12,20,4,Area-37,1
2024-01-12,20,4,Area-38,3
2024-01-12,20,4,Area-39,2
2024-01-12,20,4,Area-4,2
2024-01-12,20,4,Area-40,2
2024-01-12,20,4,Area-41,3
2024-01-12,20,4,Area-42,2
2024-01-12,20,4,Area-43,1
2024-01-12,20,4,Area-44,3
2024-01-12,20,4,Area-46,2
2024-01-12,20,4,Area-48,5
2024-01-12,20,4,Area-49,3
2024-01-12,20,4,Area-50,1
2024-01-12,20,4,Area-6,1
2024-01-12,20,4,Area-7,1
2024-01-12,20,4,Area-8,3
2024-01-12,20,4,Area-9,2
2024-01-12,21,4,Area-1,3
2024-01-12,21,4,Area-11,3
2024-01-12,21,4,Area-12,1
2024-01-12,21,4,Area-13,2
2024-01-12,21,4,Area-14,2
2024-01-12,21,4,Area-16,2
2024-01-12,21,4,Area-17,2
2024-01-12,21,4,Area-18,1
2024-01-12,21,4,Area-19,5
2024-01-12,21,4,Area-22,1
2024-01-12,21,4,Area-23,2
2024-01-12,21,4,Area-24,2
2024-01-12,21,4,Area-26,1
2024-01-12,21,4,Area-28,1
2024-01-12,21,4,Area-29,1
2024-01-12,21,4,Area-3,2
2024-01-12,21,4,Area-31,1
2024-01-12,21,4,Area-32,2
2024-01-12,21,4,Area-33,3
2024-01-12,21,4,Area-34,1
2024-01-12,21,4,Area-35,2
2024-01-12,21,4,Area-36,1
2024-01-12,21,4,Area-37,3
2024-01-12,21,4,Area-38,3
2024-01-12,21,4,Area-39,1
2024-01-12,21,4,Area-4,1
2024-01-12,21,4,Area-40,1
2024-01-12,21,4,Area-42,3
2024-01-12,21,4,Area-44,1
2024-01-12,21,4,Area-45,3
2024-01-12,21,4,Area-46,1
2024-01-12,21,4,Area-47,2
2024-01-12,21,4,Area-48,1
2024-01-12,21,4,Area-5,3
2024-01-12,21,4,Area-6,4
2024-01-12,21,4,Area-7,2
2024-01-12,21,4,Area-8,3
2024-01-12,21,4,Area-9,2
2024-01-12,22,4,Area-1,2
2024-01-12,22,4,Area-10,1
2024-01-12,22,4,Area-11,2
2024-01-12,22,4,Area-12,2
2024-01-12,22,4,Area-13,2
2024-01-12,22,4,Area-14,2
2024-01-12,22,4,Area-16,1
2024-01-12,22,4,Area-17,1
2024-01-12,22,4,Area-18,2
2024-01-12,22,4,Area-19,3
2024-01-12,22,4,Area-2,2
2024-01-12,22,4,Area-20,3
2024-01-12,22,4,Area-22,3
2024-01-12,22,4,Area-23,2
2024-01-12,22,4,Area-24,1
2024-01-12,22,4,Area-25,2
2024-01-12,22,4,Area-26,2
2024-01-12,22,4,Area-29,1
2024-01-12,22,4,Area-30,6
2024-01-12,22,4,Area-31,1
2024-01-12,22,4,Area-32,1
2024-01-12,22,4,Area-34,1
2024-01-12,22,4,Area-36,3
2024-01-12,22,4,Area-38,1
2024-01-12,22,4,Area-39,2
2024-01-12,22,4,Area-4,4
2024-01-12,22,4,Area-40,3
2024-01-12,22,4,Area-41,2
2024-01-12,22,4,Area-42,3
2024-01-12,22,4,Area-43,3
2024-01-12,22,4,Area-44,3
2024-01-12,22,4,Area-45,3
2024-01-12,22,4,Area-5,3
2024-01-12,22,4,Area-6,2
2024-01-12,22,4,Area-7,2
2024-01-12,22,4,Area-8,4
2024-01-12,22,4,Area-9,2
2024-01-12,23,4,Area-11,1
2024-01-12,23,4,Area-12,3
2024-01-12,23,4,Area-13,2
2024-01-12,23,4,Area-15,3
2024-01-12,23,4,Area-17,2
2024-01-12,23,4,Area-18,1
2024-01-12,23,4,Area-2,1
2024-01-12,23,4,Area-20,1
2024-01-12,23,4,Area-21,1
2024-01-12,23,4,Area-22,3
2024-01-12,23,4,Area-23,3
2024-01-12,23,4,Area-24,3
2024-01-12,23,4,Area-25,3
2024-01-12,23,4,Area-27,1
2024-01-12,23,4,Area-28,1
2024-01-12,23,4,Area-3,2
2024-01-12,23,4,Area-31,1
2024-01-12,23,4,Area-33,2
2024-01-12,23,4,Area-34,3
2024-01-12,23,4,Area-35,1
2024-01-12,23,4,Area-36,2
2024-01-12,23,4,Area-37,1
2024-01-12,23,4,Area-39,2
2024-01-12,23,4,Area-4,2
2024-01-12,23,4,Area-40,1
2024-01-12,23,4,Area-41,2
2024-01-12,23,4,Area-42,2
2024-01-12,23,4,Area-43,2
2024-01-12,23,4,Area-44,1
2024-01-12,23,4,Area-45,1
2024-01-12,23,4,Area-46,1
2024-01-12,23,4,Area-47,3
2024-01-12,23,4,Area-48,1
2024-01-12,23,4,Area-49,6
2024-01-12,23,4,Area-5,2
2024-01-12,23,4,Area-6,3
2024-01-12,23,4,Area-7,2
2024-01-12,23,4,Area-8,1
2024-01-12,23,4,Area-9,1
2024-01-13,0,5,Area-12,3
2024-01-13,0,5,Area-13,2
2024-01-13,0,5,Area-14,2
2024-01-13,0,5,Area-15,3
2024-01-13,0,5,Area-17,1
2024-01-13,0,5,Area-18,1
2024-01-13,0,5,Area-19,1
2024-01-13,0,5,Area-2,3
2024-01-13,0,5,Area-21,4
2024-01-13,0,5,Area-22,2
2024-01-13,0,5,Area-23,1
2024-01-13,0,5,Area-24,1
2024-01-13,0,5,Area-25,3
2024-01-13,0,5,Area-27,1
2024-01-13,0,5,Area-28,2
2024-01-13,0,5,Area-29,1
2024-01-13,0,5,Area-30,1
2024-01-13,0,5,Area-31,3
2024-01-13,0,5,Area-32,2
2024-01-13,0,5,Area-33,1
2024-01-13,0,5,Area-36,1
2024-01-13,0,5,Area-38,2
2024-01-13,0,5,Area-40,2
2024-01-13,0,5,Area-41,1
2024-01-13,0,5,Area-42,1
2024-01-13,0,5,Area-43,1
2024-01-13,0,5,Area-44,5
2024-01-13,0,5,Area-46,2
2024-01-13,0,5,Area-47,1
2024-01-13,0,5,Area-5,1
2024-01-13,0,5,Area-50,3
2024-01-13,0,5,Area-6,2
2024-01-13,0,5,Area-8,1
2024-01-13,0,5,Area-9,1
2024-01-13,1,5,Area-10,3
2024-01-13,1,5,Area-11,1
2024-01-13,1,5,Area-12,1
2024-01-13,1,5,Area-13,4
2024-01-13,1,5,Area-14,1
2024-01-13,1,5,Area-15,3
2024-01-13,1,5,Area-16,1
2024-01-13,1,5,Area-17,2
2024-01-13,1,5,Area-18,1
2024-01-13,1,5,Area-19,1
2024-01-13,1,5,Area-21,1
2024-01-13,1,5,Area-22,3
2024-01-13,1,5,Area-23,1
2024-01-13,1,5,Area-25,1
2024-01-13,1,5,Area-26,2
2024-01-13,1,5,Area-27,1
2024-01-13,1,5,Area-28,2
2024-01-13,1,5,Area-29,1
2024-01-13,1,5,Area-3,3
2024-01-13,1,5,Area-30,1
2024-01-13,1,5,Area-31,2
2024-01-13,1,5,Area-33,1
2024-01-13,1,5,Area-34,4
2024-01-13,1,5,Area-35,2
2024-01-13,1,5,Area-36,1
2024-01-13,1,5,Area-37,3
2024-01-13,1,5,Area-38,2
2024-01-13,1,5,Area-39,1
2024-01-13,1,5,Area-4,3
2024-01-13,1,5,Area-40,1
2024-01-13,1,5,Area-42,1
2024-01-13,1,5,Area-43,6
2024-01-13,1,5,Area-44,1
2024-01-13,1,5,Area-47,3
2024-01-13,1,5,Area-48,3
2024-01-13,1,5,Area-49,1
2024-01-13,1,5,Area-6,3
2024-01-13,1,5,Area-7,1
2024-01-13,1,5,Area-8,2
2024-01-13,1,5,Area-9,2
2024-01-13,2,5,Area-1,2
2024-01-13,2,5,Area-10,2
2024-01-13,2,5,Area-11,4
2024-01-13,2,5,Area-12,1
2024-01-13,2,5,Area-13,1
2024-01-13,2,5,Area-15,1
2024-01-13,2,5,Area-16,2
2024-01-13,2,5,Area-17,1
2024-01-13,2,5,Area-18,1
2024-01-13,2,5,Area-19,2
2024-01-13,2,5,Area-2,2
2024-01-13,2,5,Area-20,1
2024-01-13,2,5,Area-21,1
2024-01-13,2,5,Area-22,1
2024-01-13,2,5,Area-23,3
2024-01-13,2,5,Area-24,1
2024-01-13,2,5,Area-25,1
2024-01-13,2,5,Area-26,4
2024-01-13,2,5,Area-27,2
2024-01-13,2,5,Area-28,1
2024-01-13,2,5,Area-29,1
2024-01-13,2,5,Area-31,2
2024-01-13,2,5,Area-32,1
2024-01-13,2,5,Area-33,1
2024-01-13,2,5,Area-34,3
2024-01-13,2,5,Area-35,2
2024-01-13,2,5,Area-36,1
2024-01-13,2,5,Area-37,1
2024-01-13,2,5,Area-38,2
2024-01-13,2,5,Area-39,1
2024-01-13,2,5,Area-4,1
2024-01-13,2,5,Area-40,1
2024-01-13,2,5,Area-41,1
2024-01-13,2,5,Area-42,2
2024-01-13,2,5,Area-43,2
2024-01-13,2,5,Area-44,1
2024-01-13,2,5,Area-45,1
2024-01-13,2,5,Area-46,2
2024-01-13,2,5,Area-47,1
2024-01-13,2,5,Area-48,1
2024-01-13,2,5,Area-49,2
2024-01-13,2,5,Area-5,1
2024-01-13,2,5,Area-50,1
2024-01-13,2,5,Area-6,1
2024-01-13,2,5,Area-7,8
2024-01-13,2,5,Area-8,3
2024-01-13,3,5,Area-10,3
2024-01-13,3,5,Area-11,2
2024-01-13,3,5,Area-12,1
2024-01-13,3,5,Area-13,2
2024-01-13,3,5,Area-14,2
2024-01-13,3,5,Area-15,2
2024-01-13,3,5,Area-16,2
2024-01-13,3,5,Area-17,1
2024-01-13,3,5,Area-18,3
2024-01-13,3,5,Area-19,2
2024-01-13,3,5,Area-2,2
2024-01-13,3,5,Area-20,2
2024-01-13,3,5,Area-22,1
2024-01-13,3,5,Area-23,1
2024-01-13,3,5,Area-24,2
2024-01-13,3,5,Area-25,2
2024-01-13,3,5,Area-26,1
2024-01-13,3,5,Area-28,3
2024-01-13,3,5,Area-29,1
2024-01-13,3,5,Area-3,2
2024-01-13,3,5,Area-30,3
2024-01-13,3,5,Area-31,3
2024-01-13,3,5,Area-32,2
2024-01-13,3,5,Area-34,1
2024-01-13,3,5,Area-35,1
2024-01-13,3,5,Area-36,2
2024-01-13,3,5,Area-40,1
2024-01-13,3,5,Area-41,1
2024-01-13,3,5,Area-42,1
2024-01-13,3,5,Area-45,1
2024-01-13,3,5,Area-46,1
2024-01-13,3,5,Area-47,2
2024-01-13,3,5,Area-48,2
2024-01-13,3,5,Area-5,1
2024-01-13,3,5,Area-50,2
2024-01-13,3,5,Area-6,1
2024-01-13,3,5,Area-8,1
2024-01-13,3,5,Area-9,1
2024-01-13,4,5,Area-10,2
2024-01-13,4,5,Area-11,2
2024-01-13,4,5,Area-12,2
2024-01-13,4,5,Area-13,3
2024-01-13,4,5,Area-14,1
2024-01-13,4,5,Area-16,2
2024-01-13,4,5,Area-18,4
2024-01-13,4,5,Area-19,1
2024-01-13,4,5,Area-2,3
2024-01-13,4,5,Area-20,1
2024-01-13,4,5,Area-21,1
2024-01-13,4,5,Area-22,2
2024-01-13,4,5,Area-23,1
2024-01-13,4,5,Area-24,1
2024-01-13,4,5,Area-25,3
2024-01-13,4,5,Area-26,1
2024-01-13,4,5,Area-27,2
2024-01-13,4,5,Area-29,2
2024-01-13,4,5,Area-3,1
2024-01-13,4,5,Area-30,2
2024-01-13,4,5,Area-33,1
2024-01-13,4,5,Area-34,2
2024-01-13,4,5,Area-35,1
2024-01-13,4,5,Area-36,3
2024-01-13,4,5,Area-37,2
2024-01-13,4,5,Area-38,2
2024-01-13,4,5,Area-39,1
2024-01-13,4,5,Area-4,2
2024-01-13,4,5,Area-41,1
2024-01-13,4,5,Area-42,2
2024-01-13,4,5,Area-43,2
2024-01-13,4,5,Area-44,2
2024-01-13,4,5,Area-45,3
2024-01-13,4,5,Area-46,3
2024-01-13,4,5,Area-49,1
2024-01-13,4,5,Area-5,1
2024-01-13,4,5,Area-50,2
2024-01-13,4,5,Area-6,2
2024-01-13,4,5,Area-7,2
2024-01-13,4,5,Area-8,3
2024-01-13,5,5,Area-1,2
2024-01-13,5,5,Area-10,2
2024-01-13,5,5,Area-11,2
2024-01-13,5,5,Area-12,3
2024-01-13,5,5,Area-14,1
2024-01-13,5,5,Area-15,2
2024-01-13,5,5,Area-17,1
2024-01-13,5,5,Area-20,2
2024-01-13,5,5,Area-21,1
2024-01-13,5,5,Area-22,1
2024-01-13,5,5,Area-24,3
2024-01-13,5,5,Area-25,1
2024-01-13,5,5,Area-26,2
2024-01-13,5,5,Area-27,1
2024-01-13,5,5,Area-28,1
2024-01-13,5,5,Area-30,3
2024-01-13,5,5,Area-31,2
2024-01-13,5,5,Area-32,1
2024-01-13,5,5,Area-33,3
2024-01-13,5,5,Area-34,2
2024-01-13,5,5,Area-35,1
2024-01-13,5,5,Area-36,1
2024-01-13,5,5,Area-37,1
2024-01-13,5,5,Area-38,1
2024-01-13,5,5,Area-39,2
2024-01-13,5,5,Area-4,2
2024-01-13,5,5,Area-40,2
2024-01-13,5,5,Area-41,2
2024-01-13,5,5,Area-42,3
2024-01-13,5,5,Area-43,1
2024-01-13,5,5,Area-44,2
2024-01-13,5,5,Area-45,2
2024-01-13,5,5,Area-47,1
2024-01-13,5,5,Area-48,2
2024-01-13,5,5,Area-5,3
2024-01-13,5,5,Area-50,2
2024-01-13,5,5,Area-6,2
2024-01-13,5,5,Area-9,3
2024-01-13,6,5,Area-1,2
2024-01-13,6,5,Area-10,1
2024-01-13,6,5,Area-11,3
2024-01-13,6,5,Area-12,1
2024-01-13,6,5,Area-14,1
2024-01-13,6,5,Area-15,1
2024-01-13,6,5,Area-16,1
2024-01-13,6,5,Area-18,2
2024-01-13,6,5,Area-19,1
2024-01-13,6,5,Area-2,2
2024-01-13,6,5,Area-20,1
2024-01-13,6,5,Area-21,1
2024-01-13,6,5,Area-23,2
2024-01-13,6,5,Area-24,1
2024-01-13,6,5,Area-27,2
2024-01-13,6,5,Area-28,1
2024-01-13,6,5,Area-29,1
2024-01-13,6,5,Area-3,3
2024-01-13,6,5,Area-30,2
2024-01-13,6,5,Area-31,1
2024-01-13,6,5,Area-32,2
2024-01-13,6,5,Area-33,1
2024-01-13,6,5,Area-34,2
2024-01-13,6,5,Area-35,2
2024-01-13,6,5,Area-37,3
2024-01-13,6,5,Area-38,1
2024-01-13,6,5,Area-40,1
2024-01-13,6,5,Area-41,1
2024-01-13,6,5,Area-42,3
2024-01-13,6,5,Area-43,2
2024-01-13,6,5,Area-44,1
2024-01-13,6,5,Area-46,1
2024-01-13,6,5,Area-47,2
2024-01-13,6,5,Area-48,2
2024-01-13,6,5,Area-49,1
2024-01-13,6,5,Area-6,1
2024-01-13,6,5,Area-7,1
2024-01-13,6,5,Area-9,1
2024-01-13,7,5,Area-10,2
2024-01-13,7,5,Area-11,1
2024-01-13,7,5,Area-12,3
2024-01-13,7,5,Area-13,2
2024-01-13,7,5,Area-15,1
2024-01-13,7,5,Area-16,3
2024-01-13,7,5,Area-17,1
2024-01-13,7,5,Area-19,3
2024-01-13,7,5,Area-2,1
2024-01-13,7,5,Area-20,3
2024-01-13,7,5,Area-21,1
2024-01-13,7,5,Area-22,2
2024-01-13,7,5,Area-23,3
2024-01-13,7,5,Area-24,3
2024-01-13,7,5,Area-25,3
2024-01-13,7,5,Area-26,1
2024-01-13,7,5,Area-27,1
2024-01-13,7,5,Area-28,1
2024-01-13,7,5,Area-29,1
2024-01-13,7,5,Area-3,1
2024-01-13,7,5,Area-30,3
2024-01-13,7,5,Area-31,1
2024-01-13,7,5,Area-32,1
2024-01-13,7,5,Area-33,2
2024-01-13,7,5,Area-34,3
2024-01-13,7,5,Area-35,1
2024-01-13,7,5,Area-36,4
2024-01-13,7,5,Area-37,1
2024-01-13,7,5,Area-38,2
2024-01-13,7,5,Area-39,3
2024-01-13,7,5,Area-41,2
2024-01-13,7,5,Area-44,1
2024-01-13,7,5,Area-45,2
2024-01-13,7,5,Area-46,2
2024-01-13,7,5,Area-47,1
2024-01-13,7,5,Area-48,4
2024-01-13,7,5,Area-49,2
2024-01-13,7,5,Area-5,1
2024-01-13,7,5,Area-7,1
2024-01-13,7,5,Area-8,2
2024-01-13,7,5,Area-9,3
2024-01-13,8,5,Area-1,2
2024-01-13,8,5,Area-11,1
2024-01-13,8,5,Area-12,4
2024-01-13,8,5,Area-13,2
2024-01-13,8,5,Area-14,1
2024-01-13,8,5,Area-15,1
2024-01-13,8,5,Area-16,1
2024-01-13,8,5,Area-17,1
2024-01-13,8,5,Area-19,3
2024-01-13,8,5,Area-2,1
2024-01-13,8,5,Area-20,2
2024-01-13,8,5,Area-21,1
2024-01-13,8,5,Area-22,2
2024-01-13,8,5,Area-23,2
2024-01-13,8,5,Area-25,4
2024-01-13,8,5,Area-26,2
2024-01-13,8,5,Area-27,2
2024-01-13,8,5,Area-28,1
2024-01-13,8,5,Area-29,2
2024-01-13,8,5,Area-30,5
2024-01-13,8,5,Area-31,3
2024-01-13,8,5,Area-33,3
2024-01-13,8,5,Area-34,1
2024-01-13,8,5,Area-36,2
2024-01-13,8,5,Area-37,4
2024-01-13,8,5,Area-38,3
2024-01-13,8,5,Area-39,2
2024-01-13,8,5,Area-40,4
2024-01-13,8,5,Area-41,2
2024-01-13,8,5,Area-42,5
2024-01-13,8,5,Area-45,1
2024-01-13,8,5,Area-46,3
2024-01-13,8,5,Area-47,1
2024-01-13,8,5,Area-48,1
2024-01-13,8,5,Area-49,2
2024-01-13,8,5,Area-5,3
2024-01-13,8,5,Area-6,1
2024-01-13,8,5,Area-8,2
2024-01-13,9,5,Area-1,1
2024-01-13,9,5,Area-11,1
2024-01-13,9,5,Area-13,2
2024-01-13,9,5,Area-14,2
2024-01-13,9,5,Area-15,2
2024-01-13,9,5,Area-16,2
2024-01-13,9,5,Area-17,3
2024-01-13,9,5,Area-19,3
2024-01-13,9,5,Area-20,2
2024-01-13,9,5,Area-21,1
2024-01-13,9,5,Area-23,1
2024-01-13,9,5,Area-24,3
2024-01-13,9,5,Area-26,2
2024-01-13,9,5,Area-27,2
2024-01-13,9,5,Area-28,1
2024-01-13,9,5,Area-29,1
2024-01-13,9,5,Area-3,1
2024-01-13,9,5,Area-30,2
2024-01-13,9,5,Area-31,1
2024-01-13,9,5,Area-33,3
2024-01-13,9,5,Area-35,4
2024-01-13,9,5,Area-36,1
2024-01-13,9,5,Area-38,4
2024-01-13,9,5,Area-39,3
2024-01-13,9,5,Area-4,1
2024-01-13,9,5,Area-40,2
2024-01-13,9,5,Area-42,2
2024-01-13,9,5,Area-43,2
2024-01-13,9,5,Area-44,1
2024-01-13,9,5,Area-45,2
2024-01-13,9,5,Area-46,1
2024-01-13,9,5,Area-47,2
2024-01-13,9,5,Area-48,4
2024-01-13,9,5,Area-49,1
2024-01-13,9,5,Area-5,2
2024-01-13,9,5,Area-50,2
2024-01-13,9,5,Area-6,1
2024-01-13,9,5,Area-8,2
2024-01-13,9,5,Area-9,1
2024-01-13,10,5,Area-10,1
2024-01-13,10,5,Area-11,3
2024-01-13,10,5,Area-12,1
2024-01-13,10,5,Area-15,1
2024-01-13,10,5,Area-16,2
2024-01-13,10,5,Area-17,1
2024-01-13,10,5,Area-18,2
2024-01-13,10,5,Area-21,1
2024-01-13,10,5,Area-22,1
2024-01-13,10,5,Area-23,1
2024-01-13,10,5,Area-24,1
2024-01-13,10,5,Area-25,2
2024-01-13,10,5,Area-26,3
2024-01-13,10,5,Area-27,1
2024-01-13,10,5,Area-28,2
2024-01-13,10,5,Area-29,2
2024-01-13,10,5,Area-3,3
2024-01-13,10,5,Area-31,2
2024-01-13,10,5,Area-33,1
2024-01-13,10,5,Area-35,2
2024-01-13,10,5,Area-36,1
2024-01-13,10,5,Area-38,4
2024-01-13,10,5,Area-39,1
2024-01-13,10,5,Area-4,3
2024-01-13,10,5,Area-40,3
2024-01-13,10,5,Area-42,1
2024-01-13,10,5,Area-43,1
2024-01-13,10,5,Area-44,1
2024-01-13,10,5,Area-45,1
2024-01-13,10,5,Area-46,4
2024-01-13,10,5,Area-47,2
2024-01-13,10,5,Area-48,2
2024-01-13,10,5,Area-49,1
2024-01-13,10,5,Area-5,1
2024-01-13,10,5,Area-50,1
2024-01-13,10,5,Area-6,1
2024-01-13,10,5,Area-7,3
2024-01-13,10,5,Area-9,1
2024-01-13,11,5,Area-1,1
2024-01-13,11,5,Area-10,1
2024-01-13,11,5,Area-11,2
2024-01-13,11,5,Area-12,1
2024-01-13,11,5,Area-13,1
2024-01-13,11,5,Area-15,2
2024-01-13,11,5,Area-16,3
2024-01-13,11,5,Area-18,6
2024-01-13,11,5,Area-19,1
2024-01-13,11,5,Area-2,4
2024-01-13,11,5,Area-20,2
2024-01-13,11,5,Area-21,1
2024-01-13,11,5,Area-22,2
2024-01-13,11,5,Area-23,1
2024-01-13,11,5,Area-24,1
2024-01-13,11,5,Area-25,1
2024-01-13,11,5,Area-26,1
2024-01-13,11,5,Area-28,2
2024-01-13,11,5,Area-3,1
2024-01-13,11,5,Area-33,1
2024-01-13,11,5,Area-36,2
2024-01-13,11,5,Area-38,3
2024-01-13,11,5,Area-41,1
2024-01-13,11,5,Area-44,2
2024-01-13,11,5,Area-46,1
2024-01-13,11,5,Area-47,3
2024-01-13,11,5,Area-49,2
2024-01-13,11,5,Area-5,2
2024-01-13,11,5,Area-6,3
2024-01-13,11,5,Area-8,2
2024-01-13,11,5,Area-9,1
2024-01-13,12,5,Area-10,3
2024-01-13,12,5,Area-11,3
2024-01-13,12,5,Area-12,2
2024-01-13,12,5,Area-13,3
2024-01-13,12,5,Area-15,3
2024-01-13,12,5,Area-16,3
2024-01-13,12,5,Area-17,3
2024-01-13,12,5,Area-18,1
2024-01-13,12,5,Area-19,4
2024-01-13,12,5,Area-20,3
2024-01-13,12,5,Area-21,1
2024-01-13,12,5,Area-22,5
2024-01-13,12,5,Area-26,2
2024-01-13,12,5,Area-27,2
2024-01-13,12,5,Area-28,5
2024-01-13,12,5,Area-3,1
2024-01-13,12,5,Area-30,2
2024-01-13,12,5,Area-31,1
2024-01-13,12,5,Area-32,5
2024-01-13,12,5,Area-33,1
2024-01-13,12,5,Area-35,1
2024-01-13,12,5,Area-36,1
2024-01-13,12,5,Area-37,2
2024-01-13,12,5,Area-38,2
2024-01-13,12,5,Area-39,1
2024-01-13,12,5,Area-4,2
2024-01-13,12,5,Area-41,2
2024-01-13,12,5,Area-43,1
2024-01-13,12,5,Area-46,1
2024-01-13,12,5,Area-47,1
2024-01-13,12,5,Area-48,3
2024-01-13,12,5,Area-49,1
2024-01-13,12,5,Area-5,3
2024-01-13,12,5,Area-50,3
2024-01-13,12,5,Area-9,1
2024-01-13,13,5,Area-1,1
2024-01-13,13,5,Area-10,2
2024-01-13,13,5,Area-11,2
2024-01-13,13,5,Area-13,1
2024-01-13,13,5,Area-14,1
2024-01-13,13,5,Area-18,1
2024-01-13,13,5,Area-19,3
2024-01-13,13,5,Area-2,4
2024-01-13,13,5,Area-20,1
2024-01-13,13,5,Area-21,1
2024-01-13,13,5,Area-22,3
2024-01-13,13,5,Area-23,3
2024-01-13,13,5,Area-25,2
2024-01-13,13,5,Area-26,1
2024-01-13,13,5,Area-28,1
2024-01-13,13,5,Area-3,1
2024-01-13,13,5,Area-30,1
2024-01-13,13,5,Area-31,2
2024-01-13,13,5,Area-32,4
2024-01-13,13,5,Area-34,1
2024-01-13,13,5,Area-35,1
2024-01-13,13,5,Area-36,5
2024-01-13,13,5,Area-38,2
2024-01-13,13,5,Area-4,1
2024-01-13,13,5,Area-40,1
2024-01-13,13,5,Area-41,3
2024-01-13,13,5,Area-42,1
2024-01-13,13,5,Area-44,1
2024-01-13,13,5,Area-45,1
2024-01-13,13,5,Area-47,2
2024-01-13,13,5,Area-6,1
2024-01-13,13,5,Area-7,2
2024-01-13,13,5,Area-8,3
2024-01-13,13,5,Area-9,5
2024-01-13,14,5,Area-1,2
2024-01-13,14,5,Area-10,1
2024-01-13,14,5,Area-11,1
2024-01-13,14,5,Area-12,1
2024-01-13,14,5,Area-13,3
2024-01-13,14,5,Area-16,2
2024-01-13,14,5,Area-17,1
2024-01-13,14,5,Area-18,1
2024-01-13,14,5,Area-19,2
2024-01-13,14,5,Area-2,2
2024-01-13,14,5,Area-20,1
2024-01-13,14,5,Area-22,1
2024-01-13,14,5,Area-23,1
2024-01-13,14,5,Area-24,1
2024-01-13,14,5,Area-25,1
2024-01-13,14,5,Area-28,1
2024-01-13,14,5,Area-29,1
2024-01-13,14,5,Area-3,1
2024-01-13,14,5,Area-30,2
2024-01-13,14,5,Area-31,2
2024-01-13,14,5,Area-32,2
2024-01-13,14,5,Area-33,1
2024-01-13,14,5,Area-34,2
2024-01-13,14,5,Area-35,2
2024-01-13,14,5,Area-36,1
2024-01-13,14,5,Area-37,2
2024-01-13,14,5,Area-39,2
2024-01-13,14,5,Area-4,1
2024-01-13,14,5,Area-41,1
2024-01-13,14,5,Area-42,1
2024-01-13,14,5,Area-43,1
2024-01-13,14,5,Area-47,1
2024-01-13,14,5,Area-48,1
2024-01-13,14,5,Area-5,3
2024-01-13,14,5,Area-6,3
2024-01-13,14,5,Area-7,4
2024-01-13,14,5,Area-8,3
2024-01-13,15,5,Area-1,1
2024-01-13,15,5,Area-10,2
2024-01-13,15,5,Area-12,3
2024-01-13,15,5,Area-13,1
2024-01-13,15,5,Area-14,2
2024-01-13,15,5,Area-15,3
2024-01-13,15,5,Area-16,3
2024-01-13,15,5,Area-17,2
2024-01-13,15,5,Area-18,1
2024-01-13,15,5,Area-2,1
2024-01-13,15,5,Area-20,1
2024-01-13,15,5,Area-23,1
2024-01-13,15,5,Area-24,3
2024-01-13,15,5,Area-25,3
2024-01-13,15,5,Area-26,4
2024-01-13,15,5,Area-27,1
2024-01-13,15,5,Area-28,2
2024-01-13,15,5,Area-29,2
2024-01-13,15,5,Area-3,2
2024-01-13,15,5,Area-30,1
2024-01-13,15,5,Area-31,2
2024-01-13,15,5,Area-32,3
2024-01-13,15,5,Area-33,1
2024-01-13,15,5,Area-34,1
2024-01-13,15,5,Area-35,2
2024-01-13,15,5,Area-36,1
2024-01-13,15,5,Area-37,2
2024-01-13,15,5,Area-38,1
2024-01-13,15,5,Area-39,2
2024-01-13,15,5,Area-4,2
2024-01-13,15,5,Area-43,2
2024-01-13,15,5,Area-45,1
2024-01-13,15,5,Area-46,3
2024-01-13,15,5,Area-47,1
2024-01-13,15,5,Area-48,2
2024-01-13,15,5,Area-49,2
2024-01-13,15,5,Area-5,2
2024-01-13,15,5,Area-50,2
2024-01-13,15,5,Area-8,1
2024-01-13,15,5,Area-9,4
2024-01-13,16,5,Area-1,1
2024-01-13,16,5,Area-10,1
2024-01-13,16,5,Area-11,1
2024-01-13,16,5,Area-12,2
2024-01-13,16,5,Area-14,1
2024-01-13,16,5,Area-15,1
2024-01-13,16,5,Area-16,1
2024-01-13,16,5,Area-18,1
2024-01-13,16,5,Area-19,1
2024-01-13,16,5,Area-2,3
2024-01-13,16,5,Area-20,1
2024-01-13,16,5,Area-22,2
2024-01-13,16,5,Area-23,2
2024-01-13,16,5,Area-24,2
2024-01-13,16,5,Area-25,2
2024-01-13,16,5,Area-26,2
2024-01-13,16,5,Area-27,2
2024-01-13,16,5,Area-29,1
2024-01-13,16,5,Area-3,1
2024-01-13,16,5,Area-30,3
2024-01-13,16,5,Area-31,1
2024-01-13,16,5,Area-32,1
2024-01-13,16,5,Area-33,2
2024-01-13,16,5,Area-36,2
2024-01-13,16,5,Area-38,1
2024-01-13,16,5,Area-39,3
2024-01-13,16,5,Area-4,2
2024-01-13,16,5,Area-40,3
2024-01-13,16,5,Area-41,2
2024-01-13,16,5,Area-42,1
2024-01-13,16,5,Area-43,1
2024-01-13,16,5,Area-44,1
2024-01-13,16,5,Area-45,2
2024-01-13,16,5,Area-46,2
2024-01-13,16,5,Area-48,4
2024-01-13,16,5,Area-49,1
2024-01-13,16,5,Area-5,2
2024-01-13,16,5,Area-6,1
2024-01-13,16,5,Area-9,1
2024-01-13,17,5,Area-1,4
2024-01-13,17,5,Area-10,3
2024-01-13,17,5,Area-11,4
2024-01-13,17,5,Area-12,1
2024-01-13,17,5,Area-16,1
2024-01-13,17,5,Area-17,2
2024-01-13,17,5,Area-18,1
2024-01-13,17,5,Area-19,3
2024-01-13,17,5,Area-2,1
2024-01-13,17,5,Area-20,2
2024-01-13,17,5,Area-21,1
2024-01-13,17,5,Area-22,2
2024-01-13,17,5,Area-24,1
2024-01-13,17,5,Area-25,2
2024-01-13,17,5,Area-26,1
2024-01-13,17,5,Area-27,2
2024-01-13,17,5,Area-29,2
2024-01-13,17,5,Area-3,2
2024-01-13,17,5,Area-31,2
2024-01-13,17,5,Area-32,1
2024-01-13,17,5,Area-35,1
2024-01-13,17,5,Area-36,2
2024-01-13,17,5,Area-37,1
2024-01-13,17,5,Area-38,1
2024-01-13,17,5,Area-39,2
2024-01-13,17,5,Area-4,3
2024-01-13,17,5,Area-40,3
2024-01-13,17,5,Area-43,1
2024-01-13,17,5,Area-44,1
2024-01-13,17,5,Area-45,3
2024-01-13,17,5,Area-49,1
2024-01-13,17,5,Area-5,5
2024-01-13,17,5,Area-50,3
2024-01-13,17,5,Area-6,2
2024-01-13,17,5,Area-7,2
2024-01-13,17,5,Area-9,2
2024-01-13,18,5,Area-11,1
2024-01-13,18,5,Area-12,1
2024-01-13,18,5,Area-13,1
2024-01-13,18,5,Area-14,1
2024-01-13,18,5,Area-17,2
2024-01-13,18,5,Area-18,1
2024-01-13,18,5,Area-19,1
2024-01-13,18,5,Area-2,1
2024-01-13,18,5,Area-20,2
2024-01-13,18,5,Area-21,1
2024-01-13,18,5,Area-22,2
2024-01-13,18,5,Area-23,1
2024-01-13,18,5,Area-24,1
2024-01-13,18,5,Area-25,2
2024-01-13,18,5,Area-26,1
2024-01-13,18,5,Area-29,1
2024-01-13,18,5,Area-3,1
2024-01-13,18,5,Area-30,2
2024-01-13,18,5,Area-33,4
2024-01-13,18,5,Area-34,3
2024-01-13,18,5,Area-35,2
2024-01-13,18,5,Area-36,1
2024-01-13,18,5,Area-37,2
2024-01-13,18,5,Area-38,1
2024-01-13,18,5,Area-39,2
2024-01-13,18,5,Area-4,2
2024-01-13,18,5,Area-40,2
2024-01-13,18,5,Area-41,1
2024-01-13,18,5,Area-42,2
2024-01-13,18,5,Area-43,1
2024-01-13,18,5,Area-45,2
2024-01-13,18,5,Area-46,2
2024-01-13,18,5,Area-47,1
2024-01-13,18,5,Area-49,2
2024-01-13,18,5,Area-5,1
2024-01-13,18,5,Area-50,3
2024-01-13,18,5,Area-6,3
2024-01-13,18,5,Area-7,1
2024-01-13,18,5,Area-8,2
2024-01-13,18,5,Area-9,1
2024-01-13,19,5,Area-1,1
2024-01-13,19,5,Area-10,1
2024-01-13,19,5,Area-12,2
2024-01-13,19,5,Area-13,1
2024-01-13,19,5,Area-14,2
2024-01-13,19,5,Area-15,1
2024-01-13,19,5,Area-17,3
2024-01-13,19,5,Area-18,1
2024-01-13,19,5,Area-19,4
2024-01-13,19,5,Area-20,2
2024-01-13,19,5,Area-21,1
2024-01-13,19,5,Area-22,2
2024-01-13,19,5,Area-24,1
2024-01-13,19,5,Area-25,2
2024-01-13,19,5,Area-27,1
2024-01-13,19,5,Area-28,2
2024-01-13,19,5,Area-29,2
2024-01-13,19,5,Area-3,1
2024-01-13,19,5,Area-30,4
2024-01-13,19,5,Area-32,1
2024-01-13,19,5,Area-33,2
2024-01-13,19,5,Area-34,3
2024-01-13,19,5,Area-36,2
2024-01-13,19,5,Area-38,3
2024-01-13,19,5,Area-39,1
2024-01-13,19,5,Area-4,1
2024-01-13,19,5,Area-41,3
2024-01-13,19,5,Area-42,1
2024-01-13,19,5,Area-43,2
2024-01-13,19,5,Area-44,1
2024-01-13,19,5,Area-45,3
2024-01-13,19,5,Area-46,1
2024-01-13,19,5,Area-48,1
2024-01-13,19,5,Area-5,1
2024-01-13,19,5,Area-6,2
2024-01-13,19,5,Area-7,2
2024-01-13,19,5,Area-8,3
2024-01-13,20,5,Area-1,2
2024-01-13,20,5,Area-10,3
2024-01-13,20,5,Area-12,5
2024-01-13,20,5,Area-15,2
2024-01-13,20,5,Area-17,1
2024-01-13,20,5,Area-19,2
2024-01-13,20,5,Area-20,1
2024-01-13,20,5,Area-21,2
2024-01-13,20,5,Area-22,2
2024-01-13,20,5,Area-23,4
2024-01-13,20,5,Area-24,2
2024-01-13,20,5,Area-25,3
2024-01-13,20,5,Area-26,2
2024-01-13,20,5,Area-28,2
2024-01-13,20,5,Area-29,1
2024-01-13,20,5,Area-3,3
2024-01-13,20,5,Area-30,2
2024-01-13,20,5,Area-31,1
2024-01-13,20,5,Area-32,1
2024-01-13,20,5,Area-33,2
2024-01-13,20,5,Area-34,1
2024-01-13,20,5,Area-35,3
2024-01-13,20,5,Area-36,1
2024-01-13,20,5,Area-37,1
2024-01-13,20,5,Area-38,4
2024-01-13,20,5,Area-39,2
2024-01-13,20,5,Area-4,2
2024-01-13,20,5,Area-41,1
2024-01-13,20,5,Area-42,1
2024-01-13,20,5,Area-44,1
2024-01-13,20,5,Area-45,1
2024-01-13,20,5,Area-46,2
2024-01-13,20,5,Area-47,1
2024-01-13,20,5,Area-48,1
2024-01-13,20,5,Area-49,2
2024-01-13,20,5,Area-5,1
2024-01-13,20,5,Area-50,1
2024-01-13,20,5,Area-6,2
2024-01-13,20,5,Area-8,4
2024-01-13,21,5,Area-1,2
2024-01-13,21,5,Area-11,1
2024-01-13,21,5,Area-12,3
2024-01-13,21,5,Area-13,3
2024-01-13,21,5,Area-18,2
2024-01-13,21,5,Area-2,1
2024-01-13,21,5,Area-20,1
2024-01-13,21,5,Area-22,2
2024-01-13,21,5,Area-23,2
2024-01-13,21,5,Area-24,2
2024-01-13,21,5,Area-25,1
2024-01-13,21,5,Area-27,1
2024-01-13,21,5,Area-29,3
2024-01-13,21,5,Area-3,2
2024-01-13,21,5,Area-30,3
2024-01-13,21,5,Area-31,2
2024-01-13,21,5,Area-32,2
2024-01-13,21,5,Area-34,5
2024-01-13,21,5,Area-36,1
2024-01-13,21,5,Area-37,1
2024-01-13,21,5,Area-39,1
2024-01-13,21,5,Area-4,1
2024-01-13,21,5,Area-40,1
2024-01-13,21,5,Area-41,3
2024-01-13,21,5,Area-42,1
2024-01-13,21,5,Area-43,3
2024-01-13,21,5,Area-44,1
2024-01-13,21,5,Area-46,1
2024-01-13,21,5,Area-48,2
2024-01-13,21,5,Area-49,2
2024-01-13,21,5,Area-5,3
2024-01-13,21,5,Area-6,4
2024-01-13,21,5,Area-7,3
2024-01-13,21,5,Area-8,1
2024-01-13,21,5,Area-9,1
2024-01-13,22,5,Area-1,1
2024-01-13,22,5,Area-10,2
2024-01-13,22,5,Area-11,2
2024-01-13,22,5,Area-12,1
2024-01-13,22,5,Area-13,1
2024-01-13,22,5,Area-15,2
2024-01-13,22,5,Area-16,1
2024-01-13,22,5,Area-17,3
2024-01-13,22,5,Area-18,3
2024-01-13,22,5,Area-19,1
2024-01-13,22,5,Area-2,1
2024-01-13,22,5,Area-20,2
2024-01-13,22,5,Area-21,1
2024-01-13,22,5,Area-22,1
2024-01-13,22,5,Area-23,3
2024-01-13,22,5,Area-24,1
2024-01-13,22,5,Area-26,3
2024-01-13,22,5,Area-27,3
2024-01-13,22,5,Area-28,4
2024-01-13,22,5,Area-29,2
2024-01-13,22,5,Area-3,3
2024-01-13,22,5,Area-30,1
2024-01-13,22,5,Area-31,1
2024-01-13,22,5,Area-33,2
2024-01-13,22,5,Area-34,1
2024-01-13,22,5,Area-35,1
2024-01-13,22,5,Area-36,2
2024-01-13,22,5,Area-37,1
2024-01-13,22,5,Area-38,2
2024-01-13,22,5,Area-39,4
2024-01-13,22,5,Area-4,3
2024-01-13,22,5,Area-40,3
2024-01-13,22,5,Area-41,1
2024-01-13,22,5,Area-42,1
2024-01-13,22,5,Area-43,3
2024-01-13,22,5,Area-45,3
2024-01-13,22,5,Area-46,2
2024-01-13,22,5,Area-5,3
2024-01-13,22,5,Area-50,3
2024-01-13,22,5,Area-6,3
2024-01-13,22,5,Area-8,2
2024-01-13,22,5,Area-9,1
2024-01-13,23,5,Area-1,1
2024-01-13,23,5,Area-12,1
2024-01-13,23,5,Area-13,2
2024-01-13,23,5,Area-14,2
2024-01-13,23,5,Area-15,2
2024-01-13,23,5,Area-16,2
2024-01-13,23,5,Area-17,1
2024-01-13,23,5,Area-18,1
2024-01-13,23,5,Area-19,1
2024-01-13,23,5,Area-2,4
2024-01-13,23,5,Area-20,2
2024-01-13,23,5,Area-22,2
2024-01-13,23,5,Area-23,1
2024-01-13,23,5,Area-24,1
2024-01-13,23,5,Area-25,2
2024-01-13,23,5,Area-26,2
2024-01-13,23,5,Area-27,3
2024-01-13,23,5,Area-28,1
2024-01-13,23,5,Area-29,1
2024-01-13,23,5,Area-3,1
2024-01-13,23,5,Area-31,1
2024-01-13,23,5,Area-32,2
2024-01-13,23,5,Area-33,1
2024-01-13,23,5,Area-35,2
2024-01-13,23,5,Area-36,1
2024-01-13,23,5,Area-37,3
2024-01-13,23,5,Area-38,1
2024-01-13,23,5,Area-39,2
2024-01-13,23,5,Area-4,1
2024-01-13,23,5,Area-40,1
2024-01-13,23,5,Area-42,2
2024-01-13,23,5,Area-43,2
2024-01-13,23,5,Area-44,2
2024-01-13,23,5,Area-45,2
2024-01-13,23,5,Area-46,2
2024-01-13,23,5,Area-47,1
2024-01-13,23,5,Area-48,1
2024-01-13,23,5,Area-6,4
2024-01-13,23,5,Area-7,3
2024-01-13,23,5,Area-9,4
2024-01-14,0,6,Area-1,1
2024-01-14,0,6,Area-10,1
2024-01-14,0,6,Area-11,4
2024-01-14,0,6,Area-12,1
2024-01-14,0,6,Area-13,1
2024-01-14,0,6,Area-14,2
2024-01-14,0,6,Area-16,2
2024-01-14,0,6,Area-19,3
2024-01-14,0,6,Area-2,1
2024-01-14,0,6,Area-21,8
2024-01-14,0,6,Area-22,4
2024-01-14,0,6,Area-23,7
2024-01-14,0,6,Area-24,2
2024-01-14,0,6,Area-25,1
2024-01-14,0,6,Area-26,3
2024-01-14,0,6,Area-27,1
2024-01-14,0,6,Area-28,2
2024-01-14,0,6,Area-3,1
2024-01-14,0,6,Area-30,6
2024-01-14,0,6,Area-32,1
2024-01-14,0,6,Area-33,2
2024-01-14,0,6,Area-34,2
2024-01-14,0,6,Area-35,3
2024-01-14,0,6,Area-36,2
2024-01-14,0,6,Area-37,2
2024-01-14,0,6,Area-38,2
2024-01-14,0,6,Area-39,1
2024-01-14,0,6,Area-40,1
2024-01-14,0,6,Area-41,3
2024-01-14,0,6,Area-42,1
2024-01-14,0,6,Area-43,1
2024-01-14,0,6,Area-44,1
2024-01-14,0,6,Area-46,1
2024-01-14,0,6,Area-48,4
2024-01-14,0,6,Area-49,2
2024-01-14,0,6,Area-5,1
2024-01-14,0,6,Area-50,3
2024-01-14,0,6,Area-6,1
2024-01-14,0,6,Area-7,1
2024-01-14,0,6,Area-8,1
2024-01-14,0,6,Area-9,1
2024-01-14,1,6,Area-1,2
2024-01-14,1,6,Area-11,1
2024-01-14,1,6,Area-12,2
2024-01-14,1,6,Area-15,1
2024-01-14,1,6,Area-17,1
2024-01-14,1,6,Area-2,1
2024-01-14,1,6,Area-20,2
2024-01-14,1,6,Area-21,1
2024-01-14,1,6,Area-22,1
2024-01-14,1,6,Area-24,1
2024-01-14,1,6,Area-25,1
2024-01-14,1,6,Area-26,2
2024-01-14,1,6,Area-27,1
2024-01-14,1,6,Area-29,2
2024-01-14,1,6,Area-3,3
2024-01-14,1,6,Area-30,2
2024-01-14,1,6,Area-34,1
2024-01-14,1,6,Area-35,1
2024-01-14,1,6,Area-36,1
2024-01-14,1,6,Area-37,1
2024-01-14,1,6,Area-38,1
2024-01-14,1,6,Area-4,1
2024-01-14,1,6,Area-42,2
2024-01-14,1,6,Area-43,1
2024-01-14,1,6,Area-44,1
2024-01-14,1,6,Area-45,5
2024-01-14,1,6,Area-46,1
2024-01-14,1,6,Area-47,2
2024-01-14,1,6,Area-48,3
2024-01-14,1,6,Area-49,1
2024-01-14,1,6,Area-50,3
2024-01-14,1,6,Area-8,2
2024-01-14,1,6,Area-9,2
2024-01-14,2,6,Area-1,3
2024-01-14,2,6,Area-10,1
2024-01-14,2,6,Area-11,3
2024-01-14,2,6,Area-12,1
2024-01-14,2,6,Area-13,1
2024-01-14,2,6,Area-14,1
2024-01-14,2,6,Area-15,2
2024-01-14,2,6,Area-16,1
2024-01-14,2,6,Area-17,2
2024-01-14,2,6,Area-18,1
2024-01-14,2,6,Area-2,1
2024-01-14,2,6,Area-20,1
2024-01-14,2,6,Area-22,1
2024-01-14,2,6,Area-23,3
2024-01-14,2,6,Area-24,4
2024-01-14,2,6,Area-25,1
2024-01-14,2,6,Area-26,2
2024-01-14,2,6,Area-28,1
2024-01-14,2,6,Area-3,3
2024-01-14,2,6,Area-30,4
2024-01-14,2,6,Area-31,1
2024-01-14,2,6,Area-33,2
2024-01-14,2,6,Area-34,1
2024-01-14,2,6,Area-35,1
2024-01-14,2,6,Area-36,2
2024-01-14,2,6,Area-37,1
2024-01-14,2,6,Area-38,2
2024-01-14,2,6,Area-4,1
2024-01-14,2,6,Area-41,2
2024-01-14,2,6,Area-42,1
2024-01-14,2,6,Area-43,2
2024-01-14,2,6,Area-44,1
2024-01-14,2,6,Area-45,2
2024-01-14,2,6,Area-46,4
2024-01-14,2,6,Area-47,5
2024-01-14,2,6,Area-48,1
2024-01-14,2,6,Area-49,1
2024-01-14,2,6,Area-7,1
2024-01-14,2,6,Area-8,2
2024-01-14,3,6,Area-1,1
2024-01-14,3,6,Area-11,2
2024-01-14,3,6,Area-12,2
2024-01-14,3,6,Area-13,2
2024-01-14,3,6,Area-14,3
2024-01-14,3,6,Area-16,4
2024-01-14,3,6,Area-17,2
2024-01-14,3,6,Area-18,2
2024-01-14,3,6,Area-2,1
2024-01-14,3,6,Area-20,2
2024-01-14,3,6,Area-21,2
2024-01-14,3,6,Area-22,2
2024-01-14,3,6,Area-23,1
2024-01-14,3,6,Area-24,3
2024-01-14,3,6,Area-25,1
2024-01-14,3,6,Area-26,2
2024-01-14,3,6,Area-27,1
2024-01-14,3,6,Area-29,3
2024-01-14,3,6,Area-3,4
2024-01-14,3,6,Area-32,1
2024-01-14,3,6,Area-34,1
2024-01-14,3,6,Area-35,1
2024-01-14,3,6,Area-36,1
2024-01-14,3,6,Area-37,2
2024-01-14,3,6,Area-38,2
2024-01-14,3,6,Area-39,4
2024-01-14,3,6,Area-4,1
2024-01-14,3,6,Area-40,3
2024-01-14,3,6,Area-41,3
2024-01-14,3,6,Area-42,2
2024-01-14,3,6,Area-43,3
2024-01-14,3,6,Area-44,3
2024-01-14,3,6,Area-45,1
2024-01-14,3,6,Area-46,2
2024-01-14,3,6,Area-47,1
2024-01-14,3,6,Area-48,1
2024-01-14,3,6,Area-49,1
2024-01-14,3,6,Area-50,1
2024-01-14,3,6,Area-6,1
2024-01-14,3,6,Area-9,1
2024-01-14,4,6,Area-1,1
2024-01-14,4,6,Area-10,1
2024-01-14,4,6,Area-11,3
2024-01-14,4,6,Area-12,1
2024-01-14,4,6,Area-13,1
2024-01-14,4,6,Area-14,4
2024-01-14,4,6,Area-15,1
2024-01-14,4,6,Area-16,1
2024-01-14,4,6,Area-18,3
2024-01-14,4,6,Area-19,2
2024-01-14,4,6,Area-22,1
2024-01-14,4,6,Area-23,1
2024-01-14,4,6,Area-24,3
2024-01-14,4,6,Area-25,1
2024-01-14,4,6,Area-26,2
2024-01-14,4,6,Area-27,1
2024-01-14,4,6,Area-28,1
2024-01-14,4,6,Area-29,1
2024-01-14,4,6,Area-3,3
2024-01-14,4,6,Area-32,2
2024-01-14,4,6,Area-33,1
2024-01-14,4,6,Area-34,1
2024-01-14,4,6,Area-35,2
2024-01-14,4,6,Area-36,1
2024-01-14,4,6,Area-37,5
2024-01-14,4,6,Area-38,1
2024-01-14,4,6,Area-39,2
2024-01-14,4,6,Area-4,1
2024-01-14,4,6,Area-40,1
2024-01-14,4,6,Area-41,3
2024-01-14,4,6,Area-42,2
2024-01-14,4,6,Area-43,2
2024-01-14,4,6,Area-44,2
2024-01-14,4,6,Area-45,1
2024-01-14,4,6,Area-48,2
2024-01-14,4,6,Area-50,3
2024-01-14,4,6,Area-6,2
2024-01-14,4,6,Area-7,1
2024-01-14,4,6,Area-8,1
2024-01-14,4,6,Area-9,2
2024-01-14,5,6,Area-1,3
2024-01-14,5,6,Area-10,1
2024-01-14,5,6,Area-12,1
2024-01-14,5,6,Area-15,1
2024-01-14,5,6,Area-17,1
2024-01-14,5,6,Area-18,1
2024-01-14,5,6,Area-2,1
2024-01-14,5,6,Area-22,2
2024-01-14,5,6,Area-23,3
2024-01-14,5,6,Area-24,1
2024-01-14,5,6,Area-25,3
2024-01-14,5,6,Area-26,2
2024-01-14,5,6,Area-27,2
2024-01-14,5,6,Area-28,4
2024-01-14,5,6,Area-29,2
2024-01-14,5,6,Area-3,2
2024-01-14,5,6,Area-30,1
2024-01-14,5,6,Area-33,1
2024-01-14,5,6,Area-34,2
2024-01-14,5,6,Area-36,1
2024-01-14,5,6,Area-37,1
2024-01-14,5,6,Area-38,1
2024-01-14,5,6,Area-39,3
2024-01-14,5,6,Area-4,1
2024-01-14,5,6,Area-40,1
2024-01-14,5,6,Area-42,2
2024-01-14,5,6,Area-44,4
2024-01-14,5,6,Area-45,1
2024-01-14,5,6,Area-46,2
2024-01-14,5,6,Area-47,3
2024-01-14,5,6,Area-48,2
2024-01-14,5,6,Area-49,2
2024-01-14,5,6,Area-50,2
2024-01-14,5,6,Area-6,1
2024-01-14,5,6,Area-7,2
2024-01-14,5,6,Area-8,1
2024-01-14,5,6,Area-9,1
2024-01-14,6,6,Area-12,2
2024-01-14,6,6,Area-13,1
2024-01-14,6,6,Area-14,2
2024-01-14,6,6,Area-15,1
2024-01-14,6,6,Area-16,1
2024-01-14,6,6,Area-2,2
2024-01-14,6,6,Area-20,1
2024-01-14,6,6,Area-21,1
2024-01-14,6,6,Area-23,2
2024-01-14,6,6,Area-24,1
2024-01-14,6,6,Area-25,2
2024-01-14,6,6,Area-26,4
2024-01-14,6,6,Area-27,1
2024-01-14,6,6,Area-28,3
2024-01-14,6,6,Area-29,2
2024-01-14,6,6,Area-30,4
2024-01-14,6,6,Area-32,2
2024-01-14,6,6,Area-33,1
2024-01-14,6,6,Area-34,3
2024-01-14,6,6,Area-38,1
2024-01-14,6,6,Area-40,3
2024-01-14,6,6,Area-41,2
2024-01-14,6,6,Area-42,1
2024-01-14,6,6,Area-43,2
2024-01-14,6,6,Area-44,3
2024-01-14,6,6,Area-47,1
2024-01-14,6,6,Area-48,2
2024-01-14,6,6,Area-49,3
2024-01-14,6,6,Area-5,4
2024-01-14,6,6,Area-6,3
2024-01-14,6,6,Area-8,2
2024-01-14,6,6,Area-9,3
2024-01-14,7,6,Area-1,1
2024-01-14,7,6,Area-10,1
2024-01-14,7,6,Area-11,2
2024-01-14,7,6,Area-12,2
2024-01-14,7,6,Area-13,2
2024-01-14,7,6,Area-14,1
2024-01-14,7,6,Area-15,3
2024-01-14,7,6,Area-16,2
2024-01-14,7,6,Area-17,1
2024-01-14,7,6,Area-18,1
2024-01-14,7,6,Area-19,1
2024-01-14,7,6,Area-20,1
2024-01-14,7,6,Area-21,3
2024-01-14,7,6,Area-22,2
2024-01-14,7,6,Area-23,1
2024-01-14,7,6,Area-24,1
2024-01-14,7,6,Area-25,1
2024-01-14,7,6,Area-29,1
2024-01-14,7,6,Area-3,1
2024-01-14,7,6,Area-33,1
2024-01-14,7,6,Area-36,1
2024-01-14,7,6,Area-39,2
2024-01-14,7,6,Area-40,3
2024-01-14,7,6,Area-42,1
2024-01-14,7,6,Area-45,2
2024-01-14,7,6,Area-46,5
2024-01-14,7,6,Area-47,2
2024-01-14,7,6,Area-49,1
2024-01-14,7,6,Area-5,1
2024-01-14,7,6,Area-50,2
2024-01-14,7,6,Area-6,2
2024-01-14,7,6,Area-7,2
2024-01-14,7,6,Area-8,2
2024-01-14,7,6,Area-9,1
2024-01-14,8,6,Area-1,2
2024-01-14,8,6,Area-10,2
2024-01-14,8,6,Area-12,3
2024-01-14,8,6,Area-13,1
2024-01-14,8,6,Area-15,1
2024-01-14,8,6,Area-16,1
2024-01-14,8,6,Area-18,2
2024-01-14,8,6,Area-19,2
2024-01-14,8,6,Area-2,1
2024-01-14,8,6,Area-20,2
2024-01-14,8,6,Area-21,3
2024-01-14,8,6,Area-23,1
2024-01-14,8,6,Area-24,3
2024-01-14,8,6,Area-25,1
2024-01-14,8,6,Area-26,1
2024-01-14,8,6,Area-27,1
2024-01-14,8,6,Area-29,2
2024-01-14,8,6,Area-3,2
2024-01-14,8,6,Area-31,1
2024-01-14,8,6,Area-32,1
2024-01-14,8,6,Area-33,3
2024-01-14,8,6,Area-34,2
2024-01-14,8,6,Area-35,1
2024-01-14,8,6,Area-36,2
2024-01-14,8,6,Area-37,1
2024-01-14,8,6,Area-38,1
2024-01-14,8,6,Area-39,2
2024-01-14,8,6,Area-40,1
2024-01-14,8,6,Area-41,1
2024-01-14,8,6,Area-42,4
2024-01-14,8,6,Area-43,2
2024-01-14,8,6,Area-44,1
2024-01-14,8,6,Area-45,1
2024-01-14,8,6,Area-47,3
2024-01-14,8,6,Area-5,2
2024-01-14,8,6,Area-50,1
2024-01-14,8,6,Area-6,1
2024-01-14,8,6,Area-7,1
2024-01-14,8,6,Area-9,1
2024-01-14,9,6,Area-10,3
2024-01-14,9,6,Area-11,1
2024-01-14,9,6,Area-12,1
2024-01-14,9,6,Area-13,4
2024-01-14,9,6,Area-14,4
2024-01-14,9,6,Area-15,2
2024-01-14,9,6,Area-16,2
2024-01-14,9,6,Area-17,3
2024-01-14,9,6,Area-18,2
2024-01-14,9,6,Area-19,2
2024-01-14,9,6,Area-2,3
2024-01-14,9,6,Area-20,1
2024-01-14,9,6,Area-21,1
2024-01-14,9,6,Area-23,1
2024-01-14,9,6,Area-24,1
2024-01-14,9,6,Area-25,4
2024-01-14,9,6,Area-26,1
2024-01-14,9,6,Area-29,1
2024-01-14,9,6,Area-3,1
2024-01-14,9,6,Area-30,1
2024-01-14,9,6,Area-31,1
2024-01-14,9,6,Area-32,1
2024-01-14,9,6,Area-34,1
2024-01-14,9,6,Area-35,2
2024-01-14,9,6,Area-37,2
2024-01-14,9,6,Area-38,1
2024-01-14,9,6,Area-39,1
2024-01-14,9,6,Area-4,3
2024-01-14,9,6,Area-40,1
2024-01-14,9,6,Area-41,2
2024-01-14,9,6,Area-42,2
2024-01-14,9,6,Area-43,2
2024-01-14,9,6,Area-45,1
2024-01-14,9,6,Area-46,1
2024-01-14,9,6,Area-5,2
2024-01-14,9,6,Area-50,1
2024-01-14,9,6,Area-7,2
2024-01-14,9,6,Area-8,1
2024-01-14,9,6,Area-9,1
2024-01-14,10,6,Area-1,1
2024-01-14,10,6,Area-10,2
2024-01-14,10,6,Area-11,4
2024-01-14,10,6,Area-12,2
2024-01-14,10,6,Area-14,2
2024-01-14,10,6,Area-15,5
2024-01-14,10,6,Area-16,3
2024-01-14,10,6,Area-18,2
2024-01-14,10,6,Area-2,1
2024-01-14,10,6,Area-21,3
2024-01-14,10,6,Area-25,1
2024-01-14,10,6,Area-27,3
2024-01-14,10,6,Area-28,1
2024-01-14,10,6,Area-30,5
2024-01-14,10,6,Area-31,3
2024-01-14,10,6,Area-33,2
2024-01-14,10,6,Area-35,2
2024-01-14,10,6,Area-36,3
2024-01-14,10,6,Area-37,2
2024-01-14,10,6,Area-38,3
2024-01-14,10,6,Area-4,1
2024-01-14,10,6,Area-40,1
2024-01-14,10,6,Area-41,3
2024-01-14,10,6,Area-42,1
2024-01-14,10,6,Area-43,2
2024-01-14,10,6,Area-44,2
2024-01-14,10,6,Area-45,2
2024-01-14,10,6,Area-46,4
2024-01-14,10,6,Area-47,1
2024-01-14,10,6,Area-48,2
2024-01-14,10,6,Area-49,2
2024-01-14,10,6,Area-5,1
2024-01-14,10,6,Area-50,2
2024-01-14,10,6,Area-6,2
2024-01-14,10,6,Area-7,3
2024-01-14,10,6,Area-8,1
2024-01-14,10,6,Area-9,1
2024-01-14,11,6,Area-1,1
2024-01-14,11,6,Area-10,4
2024-01-14,11,6,Area-11,2
2024-01-14,11,6,Area-12,2
2024-01-14,11,6,Area-13,1
2024-01-14,11,6,Area-15,1
2024-01-14,11,6,Area-16,2
2024-01-14,11,6,Area-17,2
2024-01-14,11,6,Area-18,2
2024-01-14,11,6,Area-19,1
2024-01-14,11,6,Area-2,1
2024-01-14,11,6,Area-20,3
2024-01-14,11,6,Area-22,1
2024-01-14,11,6,Area-23,2
2024-01-14,11,6,Area-25,1
2024-01-14,11,6,Area-26,1
2024-01-14,11,6,Area-27,2
2024-01-14,11,6,Area-28,2
2024-01-14,11,6,Area-29,3
2024-01-14,11,6,Area-3,3
2024-01-14,11,6,Area-30,2
2024-01-14,11,6,Area-31,3
2024-01-14,11,6,Area-32,1
2024-01-14,11,6,Area-34,3
2024-01-14,11,6,Area-35,2
2024-01-14,11,6,Area-36,2
2024-01-14,11,6,Area-37,1
2024-01-14,11,6,Area-39,1
2024-01-14,11,6,Area-4,1
2024-01-14,11,6,Area-40,1
2024-01-14,11,6,Area-42,1
2024-01-14,11,6,Area-43,1
2024-01-14,11,6,Area-44,4
2024-01-14,11,6,Area-45,2
2024-01-14,11,6,Area-46,1
2024-01-14,11,6,Area-47,2
2024-01-14,11,6,Area-48,1
2024-01-14,11,6,Area-49,2
2024-01-14,11,6,Area-5,2
2024-01-14,11,6,Area-50,3
2024-01-14,11,6,Area-6,2
2024-01-14,11,6,Area-7,3
2024-01-14,11,6,Area-9,1
2024-01-14,12,6,Area-1,1
2024-01-14,12,6,Area-10,3
2024-01-14,12,6,Area-12,1
2024-01-14,12,6,Area-13,3
2024-01-14,12,6,Area-14,2
2024-01-14,12,6,Area-15,2
2024-01-14,12,6,Area-16,1
2024-01-14,12,6,Area-17,2
2024-01-14,12,6,Area-20,1
2024-01-14,12,6,Area-21,4
2024-01-14,12,6,Area-22,1
2024-01-14,12,6,Area-24,2
2024-01-14,12,6,Area-25,1
2024-01-14,12,6,Area-26,4
2024-01-14,12,6,Area-27,1
2024-01-14,12,6,Area-28,1
2024-01-14,12,6,Area-3,1
2024-01-14,12,6,Area-30,2
2024-01-14,12,6,Area-31,2
2024-01-14,12,6,Area-32,1
2024-01-14,12,6,Area-33,4
2024-01-14,12,6,Area-34,1
2024-01-14,12,6,Area-35,2
2024-01-14,12,6,Area-36,2
2024-01-14,12,6,Area-39,2
2024-01-14,12,6,Area-4,2
2024-01-14,12,6,Area-41,1
2024-01-14,12,6,Area-42,5
2024-01-14,12,6,Area-44,2
2024-01-14,12,6,Area-46,2
2024-01-14,12,6,Area-48,1
2024-01-14,12,6,Area-49,1
2024-01-14,12,6,Area-5,4
2024-01-14,12,6,Area-6,1
2024-01-14,12,6,Area-7,3
2024-01-14,12,6,Area-9,3
2024-01-14,13,6,Area-1,2
2024-01-14,13,6,Area-10,1
2024-01-14,13,6,Area-11,1
2024-01-14,13,6,Area-12,3
2024-01-14,13,6,Area-13,3
2024-01-14,13,6,Area-14,3
2024-01-14,13,6,Area-15,2
2024-01-14,13,6,Area-16,1
2024-01-14,13,6,Area-17,3
2024-01-14,13,6,Area-18,1
2024-01-14,13,6,Area-19,5
2024-01-14,13,6,Area-2,1
2024-01-14,13,6,Area-20,1
2024-01-14,13,6,Area-21,2
2024-01-14,13,6,Area-22,4
2024-01-14,13,6,Area-23,2
2024-01-14,13,6,Area-24,2
2024-01-14,13,6,Area-26,3
2024-01-14,13,6,Area-29,2
2024-01-14,13,6,Area-3,2
2024-01-14,13,6,Area-31,1
2024-01-14,13,6,Area-32,1
2024-01-14,13,6,Area-33,1
2024-01-14,13,6,Area-34,1
2024-01-14,13,6,Area-35,4
2024-01-14,13,6,Area-36,1
2024-01-14,13,6,Area-38,3
2024-01-14,13,6,Area-39,2
2024-01-14,13,6,Area-4,2
2024-01-14,13,6,Area-40,2
2024-01-14,13,6,Area-41,2
2024-01-14,13,6,Area-42,2
2024-01-14,13,6,Area-43,2
2024-01-14,13,6,Area-44,2
2024-01-14,13,6,Area-45,2
2024-01-14,13,6,Area-46,4
2024-01-14,13,6,Area-47,1
2024-01-14,13,6,Area-48,3
2024-01-14,13,6,Area-49,4
2024-01-14,13,6,Area-5,1
2024-01-14,13,6,Area-50,2
2024-01-14,13,6,Area-6,2
2024-01-14,13,6,Area-8,1
2024-01-14,13,6,Area-9,2
2024-01-14,14,6,Area-11,2
2024-01-14,14,6,Area-12,2
2024-01-14,14,6,Area-13,1
2024-01-14,14,6,Area-14,2
2024-01-14,14,6,Area-15,1
2024-01-14,14,6,Area-16,3
2024-01-14,14,6,Area-19,1
2024-01-14,14,6,Area-20,1
2024-01-14,14,6,Area-21,2
2024-01-14,14,6,Area-22,1
2024-01-14,14,6,Area-24,1
2024-01-14,14,6,Area-25,1
2024-01-14,14,6,Area-26,5
2024-01-14,14,6,Area-27,1
2024-01-14,14,6,Area-28,1
2024-01-14,14,6,Area-29,2
2024-01-14,14,6,Area-33,2
2024-01-14,14,6,Area-34,1
2024-01-14,14,6,Area-36,1
2024-01-14,14,6,Area-37,4
2024-01-14,14,6,Area-38,2
2024-01-14,14,6,Area-39,3
2024-01-14,14,6,Area-4,1
2024-01-14,14,6,Area-41,3
2024-01-14,14,6,Area-42,1
2024-01-14,14,6,Area-43,1
2024-01-14,14,6,Area-44,2
2024-01-14,14,6,Area-45,2
2024-01-14,14,6,Area-46,1
2024-01-14,14,6,Area-47,5
2024-01-14,14,6,Area-50,2
2024-01-14,14,6,Area-6,1
2024-01-14,14,6,Area-7,1
2024-01-14,14,6,Area-8,5
2024-01-14,14,6,Area-9,2
2024-01-14,15,6,Area-1,1
2024-01-14,15,6,Area-10,1
2024-01-14,15,6,Area-11,2
2024-01-14,15,6,Area-12,4
2024-01-14,15,6,Area-14,1
2024-01-14,15,6,Area-17,3
2024-01-14,15,6,Area-18,2
2024-01-14,15,6,Area-2,2
2024-01-14,15,6,Area-20,3
2024-01-14,15,6,Area-21,1
2024-01-14,15,6,Area-22,3
2024-01-14,15,6,Area-25,3
2024-01-14,15,6,Area-27,3
2024-01-14,15,6,Area-28,2
2024-01-14,15,6,Area-29,1
2024-01-14,15,6,Area-3,2
2024-01-14,15,6,Area-30,2
2024-01-14,15,6,Area-31,2
2024-01-14,15,6,Area-33,1
2024-01-14,15,6,Area-34,2
2024-01-14,15,6,Area-36,1
2024-01-14,15,6,Area-37,1
2024-01-14,15,6,Area-38,1
2024-01-14,15,6,Area-4,1
2024-01-14,15,6,Area-40,3
2024-01-14,15,6,Area-41,1
2024-01-14,15,6,Area-42,1
2024-01-14,15,6,Area-43,1
2024-01-14,15,6,Area-44,1
2024-01-14,15,6,Area-46,2
2024-01-14,15,6,Area-47,2
2024-01-14,15,6,Area-49,1
2024-01-14,15,6,Area-5,1
2024-01-14,15,6,Area-50,2
2024-01-14,15,6,Area-6,3
2024-01-14,15,6,Area-8,4
2024-01-14,15,6,Area-9,2
2024-01-14,16,6,Area-1,2
2024-01-14,16,6,Area-10,1
2024-01-14,16,6,Area-11,1
2024-01-14,16,6,Area-12,4
2024-01-14,16,6,Area-13,2
2024-01-14,16,6,Area-14,1
2024-01-14,16,6,Area-16,1
2024-01-14,16,6,Area-17,1
2024-01-14,16,6,Area-18,2
2024-01-14,16,6,Area-19,1
2024-01-14,16,6,Area-2,4
2024-01-14,16,6,Area-20,1
2024-01-14,16,6,Area-21,2
2024-01-14,16,6,Area-22,1
2024-01-14,16,6,Area-23,1
2024-01-14,16,6,Area-25,2
2024-01-14,16,6,Area-26,2
2024-01-14,16,6,Area-27,1
2024-01-14,16,6,Area-29,1
2024-01-14,16,6,Area-3,3
2024-01-14,16,6,Area-31,3
2024-01-14,16,6,Area-32,2
2024-01-14,16,6,Area-34,2
2024-01-14,16,6,Area-35,1
2024-01-14,16,6,Area-36,2
2024-01-14,16,6,Area-37,2
2024-01-14,16,6,Area-40,2
2024-01-14,16,6,Area-41,1
2024-01-14,16,6,Area-42,2
2024-01-14,16,6,Area-43,3
2024-01-14,16,6,Area-44,2
2024-01-14,16,6,Area-45,1
2024-01-14,16,6,Area-46,2
2024-01-14,16,6,Area-48,2
2024-01-14,16,6,Area-6,1
2024-01-14,16,6,Area-7,2
2024-01-14,16,6,Area-8,1
2024-01-14,17,6,Area-1,2
2024-01-14,17,6,Area-11,2
2024-01-14,17,6,Area-12,1
2024-01-14,17,6,Area-13,3
2024-01-14,17,6,Area-14,2
2024-01-14,17,6,Area-15,1
2024-01-14,17,6,Area-16,1
2024-01-14,17,6,Area-17,3
2024-01-14,17,6,Area-19,2
2024-01-14,17,6,Area-20,1
2024-01-14,17,6,Area-21,2
2024-01-14,17,6,Area-24,1
2024-01-14,17,6,Area-25,1
2024-01-14,17,6,Area-26,1
2024-01-14,17,6,Area-27,2
2024-01-14,17,6,Area-28,2
2024-01-14,17,6,Area-29,3
2024-01-14,17,6,Area-30,1
2024-01-14,17,6,Area-31,2
2024-01-14,17,6,Area-33,2
2024-01-14,17,6,Area-34,1
2024-01-14,17,6,Area-36,2
2024-01-14,17,6,Area-37,1
2024-01-14,17,6,Area-38,3
2024-01-14,17,6,Area-39,2
2024-01-14,17,6,Area-4,1
2024-01-14,17,6,Area-40,1
2024-01-14,17,6,Area-41,2
2024-01-14,17,6,Area-42,3
2024-01-14,17,6,Area-43,3
2024-01-14,17,6,Area-44,3
2024-01-14,17,6,Area-46,2
2024-01-14,17,6,Area-48,2
2024-01-14,17,6,Area-5,1
2024-01-14,17,6,Area-50,1
2024-01-14,17,6,Area-6,1
2024-01-14,17,6,Area-7,2
2024-01-14,17,6,Area-8,1
2024-01-14,17,6,Area-9,3
2024-01-14,18,6,Area-1,1
2024-01-14,18,6,Area-12,4
2024-01-14,18,6,Area-15,2
2024-01-14,18,6,Area-16,4
2024-01-14,18,6,Area-17,2
2024-01-14,18,6,Area-18,1
2024-01-14,18,6,Area-2,5
2024-01-14,18,6,Area-20,3
2024-01-14,18,6,Area-21,2
2024-01-14,18,6,Area-22,1
2024-01-14,18,6,Area-23,1
2024-01-14,18,6,Area-25,3
2024-01-14,18,6,Area-26,2
2024-01-14,18,6,Area-27,3
2024-01-14,18,6,Area-28,3
2024-01-14,18,6,Area-30,2
2024-01-14,18,6,Area-31,2
2024-01-14,18,6,Area-32,3
2024-01-14,18,6,Area-33,1
2024-01-14,18,6,Area-34,1
2024-01-14,18,6,Area-35,1
2024-01-14,18,6,Area-36,1
2024-01-14,18,6,Area-37,1
2024-01-14,18,6,Area-4,1
2024-01-14,18,6,Area-40,1
2024-01-14,18,6,Area-41,1
2024-01-14,18,6,Area-42,3
2024-01-14,18,6,Area-43,1
2024-01-14,18,6,Area-44,1
2024-01-14,18,6,Area-45,2
2024-01-14,18,6,Area-46,1
2024-01-14,18,6,Area-47,3
2024-01-14,18,6,Area-49,2
2024-01-14,18,6,Area-5,4
2024-01-14,18,6,Area-50,1
2024-01-14,18,6,Area-6,1
2024-01-14,18,6,Area-7,1
2024-01-14,18,6,Area-8,1
2024-01-14,18,6,Area-9,1
2024-01-14,19,6,Area-1,1
2024-01-14,19,6,Area-10,3
2024-01-14,19,6,Area-11,1
2024-01-14,19,6,Area-12,1
2024-01-14,19,6,Area-13,2
2024-01-14,19,6,Area-14,1
2024-01-14,19,6,Area-15,2
2024-01-14,19,6,Area-16,5
2024-01-14,19,6,Area-18,4
2024-01-14,19,6,Area-20,1
2024-01-14,19,6,Area-21,1
2024-01-14,19,6,Area-22,3
2024-01-14,19,6,Area-23,2
2024-01-14,19,6,Area-24,2
2024-01-14,19,6,Area-25,3
2024-01-14,19,6,Area-27,1
2024-01-14,19,6,Area-28,1
2024-01-14,19,6,Area-30,1
2024-01-14,19,6,Area-31,4
2024-01-14,19,6,Area-32,3
2024-01-14,19,6,Area-33,1
2024-01-14,19,6,Area-37,2
2024-01-14,19,6,Area-38,2
2024-01-14,19,6,Area-4,2
2024-01-14,19,6,Area-40,2
2024-01-14,19,6,Area-41,1
2024-01-14,19,6,Area-43,1
2024-01-14,19,6,Area-44,1
2024-01-14,19,6,Area-46,4
2024-01-14,19,6,Area-47,1
2024-01-14,19,6,Area-48,1
2024-01-14,19,6,Area-49,1
2024-01-14,19,6,Area-5,1
2024-01-14,19,6,Area-50,1
2024-01-14,19,6,Area-6,2
2024-01-14,19,6,Area-7,3
2024-01-14,19,6,Area-8,2
2024-01-14,19,6,Area-9,2
2024-01-14,20,6,Area-1,3
2024-01-14,20,6,Area-10,1
2024-01-14,20,6,Area-11,1
2024-01-14,20,6,Area-13,2
2024-01-14,20,6,Area-14,1
2024-01-14,20,6,Area-15,2
2024-01-14,20,6,Area-17,1
2024-01-14,20,6,Area-19,2
2024-01-14,20,6,Area-20,1
2024-01-14,20,6,Area-21,2
2024-01-14,20,6,Area-22,1
2024-01-14,20,6,Area-23,1
2024-01-14,20,6,Area-24,1
2024-01-14,20,6,Area-25,1
2024-01-14,20,6,Area-27,5
2024-01-14,20,6,Area-28,2
2024-01-14,20,6,Area-29,3
2024-01-14,20,6,Area-3,1
2024-01-14,20,6,Area-30,3
2024-01-14,20,6,Area-32,1
2024-01-14,20,6,Area-33,2
2024-01-14,20,6,Area-34,2
2024-01-14,20,6,Area-35,1
2024-01-14,20,6,Area-36,1
2024-01-14,20,6,Area-37,1
2024-01-14,20,6,Area-38,2
2024-01-14,20,6,Area-4,1
2024-01-14,20,6,Area-40,1
2024-01-14,20,6,Area-41,2
2024-01-14,20,6,Area-42,2
2024-01-14,20,6,Area-43,1
2024-01-14,20,6,Area-44,3
2024-01-14,20,6,Area-45,3
2024-01-14,20,6,Area-46,2
2024-01-14,20,6,Area-48,1
2024-01-14,20,6,Area-5,1
2024-01-14,20,6,Area-6,2
2024-01-14,20,6,Area-7,2
2024-01-14,20,6,Area-9,1
2024-01-14,21,6,Area-1,4
2024-01-14,21,6,Area-11,2
2024-01-14,21,6,Area-12,1
2024-01-14,21,6,Area-14,1
2024-01-14,21,6,Area-17,2
2024-01-14,21,6,Area-18,2
2024-01-14,21,6,Area-19,2
2024-01-14,21,6,Area-20,1
2024-01-14,21,6,Area-21,4
2024-01-14,21,6,Area-22,1
2024-01-14,21,6,Area-24,1
2024-01-14,21,6,Area-25,1
2024-01-14,21,6,Area-26,3
2024-01-14,21,6,Area-27,1
2024-01-14,21,6,Area-29,2
2024-01-14,21,6,Area-3,5
2024-01-14,21,6,Area-30,2
2024-01-14,21,6,Area-31,1
2024-01-14,21,6,Area-33,1
2024-01-14,21,6,Area-34,3
2024-01-14,21,6,Area-35,1
2024-01-14,21,6,Area-36,1
2024-01-14,21,6,Area-4,2
2024-01-14,21,6,Area-40,1
2024-01-14,21,6,Area-41,1
2024-01-14,21,6,Area-42,2
2024-01-14,21,6,Area-43,1
2024-01-14,21,6,Area-44,4
2024-01-14,21,6,Area-45,1
2024-01-14,21,6,Area-46,3
2024-01-14,21,6,Area-47,2
2024-01-14,21,6,Area-48,4
2024-01-14,21,6,Area-49,3
2024-01-14,21,6,Area-6,4
2024-01-14,21,6,Area-8,2
2024-01-14,22,6,Area-11,1
2024-01-14,22,6,Area-12,1
2024-01-14,22,6,Area-13,2
2024-01-14,22,6,Area-14,4
2024-01-14,22,6,Area-15,1
2024-01-14,22,6,Area-16,1
2024-01-14,22,6,Area-17,2
2024-01-14,22,6,Area-18,3
2024-01-14,22,6,Area-2,1
2024-01-14,22,6,Area-21,1
2024-01-14,22,6,Area-22,2
2024-01-14,22,6,Area-23,1
2024-01-14,22,6,Area-24,1
2024-01-14,22,6,Area-25,1
2024-01-14,22,6,Area-28,3
2024-01-14,22,6,Area-29,2
2024-01-14,22,6,Area-3,1
2024-01-14,22,6,Area-30,3
2024-01-14,22,6,Area-31,1
2024-01-14,22,6,Area-32,1
2024-01-14,22,6,Area-33,1
2024-01-14,22,6,Area-34,2
2024-01-14,22,6,Area-35,1
2024-01-14,22,6,Area-36,1
2024-01-14,22,6,Area-37,1
2024-01-14,22,6,Area-38,1
2024-01-14,22,6,Area-41,1
2024-01-14,22,6,Area-43,3
2024-01-14,22,6,Area-44,1
2024-01-14,22,6,Area-45,1
2024-01-14,22,6,Area-46,1
2024-01-14,22,6,Area-50,1
2024-01-14,22,6,Area-7,1
2024-01-14,22,6,Area-8,1
2024-01-14,23,6,Area-1,2
2024-01-14,23,6,Area-10,2
2024-01-14,23,6,Area-11,2
2024-01-14,23,6,Area-12,2
2024-01-14,23,6,Area-13,1
2024-01-14,23,6,Area-15,2
2024-01-14,23,6,Area-16,1
2024-01-14,23,6,Area-17,1
2024-01-14,23,6,Area-18,1
2024-01-14,23,6,Area-19,1
2024-01-14,23,6,Area-2,1
2024-01-14,23,6,Area-20,1
2024-01-14,23,6,Area-21,1
2024-01-14,23,6,Area-23,2
2024-01-14,23,6,Area-24,2
2024-01-14,23,6,Area-26,4
2024-01-14,23,6,Area-28,2
2024-01-14,23,6,Area-29,1
2024-01-14,23,6,Area-3,1
2024-01-14,23,6,Area-32,1
2024-01-14,23,6,Area-34,3
2024-01-14,23,6,Area-35,2
2024-01-14,23,6,Area-37,2
2024-01-14,23,6,Area-38,2
2024-01-14,23,6,Area-4,2
2024-01-14,23,6,Area-40,4
2024-01-14,23,6,Area-41,1
2024-01-14,23,6,Area-42,1
2024-01-14,23,6,Area-43,1
2024-01-14,23,6,Area-44,2
2024-01-14,23,6,Area-45,1
2024-01-14,23,6,Area-46,3
2024-01-14,23,6,Area-47,2
2024-01-14,23,6,Area-48,1
2024-01-14,23,6,Area-49,3
2024-01-14,23,6,Area-5,1
2024-01-14,23,6,Area-50,1
2024-01-14,23,6,Area-8,1
2024-01-14,23,6,Area-9,2
2024-01-15,0,0,Area-1,3
2024-01-15,0,0,Area-10,1
2024-01-15,0,0,Area-11,3
2024-01-15,0,0,Area-12,1
2024-01-15,0,0,Area-13,2
2024-01-15,0,0,Area-14,3
2024-01-15,0,0,Area-15,1
2024-01-15,0,0,Area-16,2
2024-01-15,0,0,Area-17,1
2024-01-15,0,0,Area-18,3
2024-01-15,0,0,Area-19,3
2024-01-15,0,0,Area-2,2
2024-01-15,0,0,Area-20,4
2024-01-15,0,0,Area-21,1
2024-01-15,0,0,Area-23,2
2024-01-15,0,0,Area-25,1
2024-01-15,0,0,Area-26,3
2024-01-15,0,0,Area-27,1
2024-01-15,0,0,Area-28,1
2024-01-15,0,0,Area-3,1
2024-01-15,0,0,Area-30,5
2024-01-15,0,0,Area-34,3
2024-01-15,0,0,Area-36,1
2024-01-15,0,0,Area-37,2
2024-01-15,0,0,Area-38,1
2024-01-15,0,0,Area-39,2
2024-01-15,0,0,Area-4,1
2024-01-15,0,0,Area-40,3
2024-01-15,0,0,Area-41,1
2024-01-15,0,0,Area-42,2
2024-01-15,0,0,Area-44,3
2024-01-15,0,0,Area-45,3
2024-01-15,0,0,Area-48,3
2024-01-15,0,0,Area-49,2
2024-01-15,0,0,Area-5,1
2024-01-15,0,0,Area-50,3
2024-01-15,0,0,Area-6,3
2024-01-15,0,0,Area-7,2
2024-01-15,1,0,Area-1,1
2024-01-15,1,0,Area-10,2
2024-01-15,1,0,Area-11,4
2024-01-15,1,0,Area-12,2
2024-01-15,1,0,Area-14,1
2024-01-15,1,0,Area-15,1
2024-01-15,1,0,Area-17,1
2024-01-15,1,0,Area-18,5
2024-01-15,1,0,Area-19,1
2024-01-15,1,0,Area-2,3
2024-01-15,1,0,Area-20,1
2024-01-15,1,0,Area-21,1
2024-01-15,1,0,Area-23,2
2024-01-15,1,0,Area-24,3
2024-01-15,1,0,Area-25,2
2024-01-15,1,0,Area-26,1
2024-01-15,1,0,Area-28,4
2024-01-15,1,0,Area-29,1
2024-01-15,1,0,Area-3,2
2024-01-15,1,0,Area-30,3
2024-01-15,1,0,Area-31,2
2024-01-15,1,0,Area-32,3
2024-01-15,1,0,Area-33,1
2024-01-15,1,0,Area-34,2
2024-01-15,1,0,Area-35,2
2024-01-15,1,0,Area-36,2
2024-01-15,1,0,Area-37,2
2024-01-15,1,0,Area-38,2
2024-01-15,1,0,Area-41,2
2024-01-15,1,0,Area-42,3
2024-01-15,1,0,Area-43,1
2024-01-15,1,0,Area-44,1
2024-01-15,1,0,Area-45,2
2024-01-15,1,0,Area-46,1
2024-01-15,1,0,Area-47,2
2024-01-15,1,0,Area-48,1
2024-01-15,1,0,Area-5,2
2024-01-15,1,0,Area-50,2
2024-01-15,1,0,Area-6,2
2024-01-15,1,0,Area-7,1
2024-01-15,1,0,Area-8,1
2024-01-15,1,0,Area-9,3
2024-01-15,2,0,Area-10,1
2024-01-15,2,0,Area-11,1
2024-01-15,2,0,Area-13,1
2024-01-15,2,0,Area-15,2
2024-01-15,2,0,Area-16,2
2024-01-15,2,0,Area-18,2
2024-01-15,2,0,Area-19,1
2024-01-15,2,0,Area-2,1
2024-01-15,2,0,Area-20,1
2024-01-15,2,0,Area-21,2
2024-01-15,2,0,Area-22,1
2024-01-15,2,0,Area-24,3
2024-01-15,2,0,Area-26,2
2024-01-15,2,0,Area-27,1
2024-01-15,2,0,Area-28,4
2024-01-15,2,0,Area-3,2
2024-01-15,2,0,Area-31,2
2024-01-15,2,0,Area-32,3
2024-01-15,2,0,Area-33,2
2024-01-15,2,0,Area-34,2
2024-01-15,2,0,Area-37,1
2024-01-15,2,0,Area-38,2
2024-01-15,2,0,Area-39,4
2024-01-15,2,0,Area-4,1
2024-01-15,2,0,Area-40,2
2024-01-15,2,0,Area-41,2
2024-01-15,2,0,Area-44,2
2024-01-15,2,0,Area-47,1
2024-01-15,2,0,Area-48,2
2024-01-15,2,0,Area-49,1
2024-01-15,2,0,Area-50,4
2024-01-15,2,0,Area-7,1
2024-01-15,2,0,Area-8,1
2024-01-15,2,0,Area-9,1
2024-01-15,3,0,Area-1,3
2024-01-15,3,0,Area-11,2
2024-01-15,3,0,Area-12,2
2024-01-15,3,0,Area-14,2
2024-01-15,3,0,Area-15,1
2024-01-15,3,0,Area-16,1
2024-01-15,3,0,Area-17,1
2024-01-15,3,0,Area-19,1
2024-01-15,3,0,Area-2,3
2024-01-15,3,0,Area-20,1
2024-01-15,3,0,Area-21,3
2024-01-15,3,0,Area-22,3
2024-01-15,3,0,Area-24,2
2024-01-15,3,0,Area-25,2
2024-01-15,3,0,Area-26,4
2024-01-15,3,0,Area-27,3
2024-01-15,3,0,Area-28,1
2024-01-15,3,0,Area-29,3
2024-01-15,3,0,Area-30,1
2024-01-15,3,0,Area-33,1
2024-01-15,3,0,Area-35,1
2024-01-15,3,0,Area-36,1
2024-01-15,3,0,Area-37,3
2024-01-15,3,0,Area-38,1
2024-01-15,3,0,Area-39,2
2024-01-15,3,0,Area-4,1
2024-01-15,3,0,Area-41,2
2024-01-15,3,0,Area-43,1
2024-01-15,3,0,Area-44,2
2024-01-15,3,0,Area-45,1
2024-01-15,3,0,Area-46,1
2024-01-15,3,0,Area-48,1
2024-01-15,3,0,Area-49,2
2024-01-15,3,0,Area-50,2
2024-01-15,3,0,Area-6,3
2024-01-15,3,0,Area-7,1
2024-01-15,3,0,Area-8,4
2024-01-15,3,0,Area-9,1
2024-01-15,4,0,Area-1,2
2024-01-15,4,0,Area-12,2
2024-01-15,4,0,Area-13,1
2024-01-15,4,0,Area-14,1
2024-01-15,4,0,Area-16,1
2024-01-15,4,0,Area-17,1
2024-01-15,4,0,Area-19,3
2024-01-15,4,0,Area-2,1
2024-01-15,4,0,Area-20,3
2024-01-15,4,0,Area-21,1
2024-01-15,4,0,Area-22,1
2024-01-15,4,0,Area-23,1
2024-01-15,4,0,Area-24,2
2024-01-15,4,0,Area-25,2
2024-01-15,4,0,Area-26,3
2024-01-15,4,0,Area-27,1
2024-01-15,4,0,Area-28,1
2024-01-15,4,0,Area-29,2
2024-01-15,4,0,Area-3,1
2024-01-15,4,0,Area-32,2
2024-01-15,4,0,Area-33,1
2024-01-15,4,0,Area-34,1
2024-01-15,4,0,Area-35,1
2024-01-15,4,0,Area-36,1
2024-01-15,4,0,Area-37,3
2024-01-15,4,0,Area-38,2
2024-01-15,4,0,Area-39,1
2024-01-15,4,0,Area-4,2
2024-01-15,4,0,Area-41,1
2024-01-15,4,0,Area-42,2
2024-01-15,4,0,Area-43,1
2024-01-15,4,0,Area-45,1
2024-01-15,4,0,Area-46,1
2024-01-15,4,0,Area-47,2
2024-01-15,4,0,Area-48,1
2024-01-15,4,0,Area-49,2
2024-01-15,4,0,Area-5,2
2024-01-15,4,0,Area-50,2
2024-01-15,4,0,Area-6,1
2024-01-15,4,0,Area-7,1
2024-01-15,4,0,Area-9,2
2024-01-15,5,0,Area-1,1
2024-01-15,5,0,Area-12,1
2024-01-15,5,0,Area-13,3
2024-01-15,5,0,Area-14,5
2024-01-15,5,0,Area-16,1
2024-01-15,5,0,Area-18,3
2024-01-15,5,0,Area-19,1
2024-01-15,5,0,Area-2,2
2024-01-15,5,0,Area-20,2
2024-01-15,5,0,Area-22,4
2024-01-15,5,0,Area-24,1
2024-01-15,5,0,Area-25,2
2024-01-15,5,0,Area-27,1
2024-01-15,5,0,Area-28,2
2024-01-15,5,0,Area-30,2
2024-01-15,5,0,Area-31,1
2024-01-15,5,0,Area-32,2
2024-01-15,5,0,Area-34,2
2024-01-15,5,0,Area-35,2
2024-01-15,5,0,Area-37,3
2024-01-15,5,0,Area-38,2
2024-01-15,5,0,Area-40,1
2024-01-15,5,0,Area-41,1
2024-01-15,5,0,Area-42,1
2024-01-15,5,0,Area-43,2
2024-01-15,5,0,Area-44,2
2024-01-15,5,0,Area-45,4
2024-01-15,5,0,Area-46,6
2024-01-15,5,0,Area-47,2
2024-01-15,5,0,Area-48,2
2024-01-15,5,0,Area-49,1
2024-01-15,5,0,Area-5,4
2024-01-15,5,0,Area-50,3
2024-01-15,5,0,Area-6,2
2024-01-15,5,0,Area-7,1
2024-01-15,5,0,Area-9,1
2024-01-15,6,0,Area-1,1
2024-01-15,6,0,Area-11,4
2024-01-15,6,0,Area-12,1
2024-01-15,6,0,Area-13,2
2024-01-15,6,0,Area-14,2
2024-01-15,6,0,Area-15,2
2024-01-15,6,0,Area-18,1
2024-01-15,6,0,Area-19,4
2024-01-15,6,0,Area-2,3
2024-01-15,6,0,Area-20,1
2024-01-15,6,0,Area-21,1
2024-01-15,6,0,Area-22,1
2024-01-15,6,0,Area-23,2
2024-01-15,6,0,Area-24,1
2024-01-15,6,0,Area-25,2
2024-01-15,6,0,Area-27,2
2024-01-15,6,0,Area-28,4
2024-01-15,6,0,Area-30,4
2024-01-15,6,0,Area-31,2
2024-01-15,6,0,Area-33,2
2024-01-15,6,0,Area-34,3
2024-01-15,6,0,Area-35,1
2024-01-15,6,0,Area-36,2
2024-01-15,6,0,Area-38,1
2024-01-15,6,0,Area-39,4
2024-01-15,6,0,Area-4,4
2024-01-15,6,0,Area-40,1
2024-01-15,6,0,Area-41,2
2024-01-15,6,0,Area-43,2
2024-01-15,6,0,Area-44,1
2024-01-15,6,0,Area-45,2
2024-01-15,6,0,Area-46,2
2024-01-15,6,0,Area-47,1
2024-01-15,6,0,Area-5,2
2024-01-15,6,0,Area-50,4
2024-01-15,6,0,Area-6,1
2024-01-15,6,0,Area-7,2
2024-01-15,6,0,Area-8,1
2024-01-15,7,0,Area-1,5
2024-01-15,7,0,Area-10,2
2024-01-15,7,0,Area-11,2
2024-01-15,7,0,Area-12,1
2024-01-15,7,0,Area-14,1
2024-01-15,7,0,Area-15,2
2024-01-15,7,0,Area-16,3
2024-01-15,7,0,Area-18,1
2024-01-15,7,0,Area-20,2
2024-01-15,7,0,Area-23,1
2024-01-15,7,0,Area-24,2
2024-01-15,7,0,Area-25,1
2024-01-15,7,0,Area-27,1
2024-01-15,7,0,Area-29,2
2024-01-15,7,0,Area-3,2
2024-01-15,7,0,Area-30,1
2024-01-15,7,0,Area-31,1
2024-01-15,7,0,Area-32,2
2024-01-15,7,0,Area-33,2
2024-01-15,7,0,Area-35,1
2024-01-15,7,0,Area-36,1
2024-01-15,7,0,Area-39,3
2024-01-15,7,0,Area-4,1
2024-01-15,7,0,Area-40,3
2024-01-15,7,0,Area-41,1
2024-01-15,7,0,Area-42,1
2024-01-15,7,0,Area-43,2
2024-01-15,7,0,Area-44,1
2024-01-15,7,0,Area-45,2
2024-01-15,7,0,Area-48,1
2024-01-15,7,0,Area-49,3
2024-01-15,7,0,Area-5,5
2024-01-15,7,0,Area-50,2
2024-01-15,7,0,Area-6,1
2024-01-15,7,0,Area-7,1
2024-01-15,7,0,Area-8,1
2024-01-15,7,0,Area-9,1
2024-01-15,8,0,Area-10,1
2024-01-15,8,0,Area-12,1
2024-01-15,8,0,Area-13,1
2024-01-15,8,0,Area-14,1
2024-01-15,8,0,Area-15,1
2024-01-15,8,0,Area-16,1
2024-01-15,8,0,Area-18,1
2024-01-15,8,0,Area-19,2
2024-01-15,8,0,Area-2,1
2024-01-15,8,0,Area-20,3
2024-01-15,8,0,Area-21,1
2024-01-15,8,0,Area-22,2
2024-01-15,8,0,Area-23,1
2024-01-15,8,0,Area-24,2
2024-01-15,8,0,Area-25,4
2024-01-15,8,0,Area-26,2
2024-01-15,8,0,Area-27,4
2024-01-15,8,0,Area-28,1
2024-01-15,8,0,Area-29,2
2024-01-15,8,0,Area-3,1
2024-01-15,8,0,Area-30,1
2024-01-15,8,0,Area-32,4
2024-01-15,8,0,Area-33,3
2024-01-15,8,0,Area-34,1
2024-01-15,8,0,Area-35,4
2024-01-15,8,0,Area-37,1
2024-01-15,8,0,Area-38,3
2024-01-15,8,0,Area-39,3
2024-01-15,8,0,Area-4,3
2024-01-15,8,0,Area-40,3
2024-01-15,8,0,Area-42,5
2024-01-15,8,0,Area-43,1
2024-01-15,8,0,Area-44,4
2024-01-15,8,0,Area-45,1
2024-01-15,8,0,Area-47,3
2024-01-15,8,0,Area-48,2
2024-01-15,8,0,Area-49,2
2024-01-15,8,0,Area-5,2
2024-01-15,8,0,Area-6,2
2024-01-15,8,0,Area-8,1
2024-01-15,8,0,Area-9,2
2024-01-15,9,0,Area-10,1
2024-01-15,9,0,Area-11,2
2024-01-15,9,0,Area-12,2
2024-01-15,9,0,Area-14,4
2024-01-15,9,0,Area-16,1
2024-01-15,9,0,Area-17,4
2024-01-15,9,0,Area-19,2
2024-01-15,9,0,Area-2,3
2024-01-15,9,0,Area-20,1
2024-01-15,9,0,Area-23,1
2024-01-15,9,0,Area-26,1
2024-01-15,9,0,Area-3,3
2024-01-15,9,0,Area-30,1
2024-01-15,9,0,Area-31,2
2024-01-15,9,0,Area-32,1
2024-01-15,9,0,Area-33,2
2024-01-15,9,0,Area-34,3
2024-01-15,9,0,Area-35,1
2024-01-15,9,0,Area-36,2
2024-01-15,9,0,Area-37,2
2024-01-15,9,0,Area-38,2
2024-01-15,9,0,Area-39,2
2024-01-15,9,0,Area-4,3
2024-01-15,9,0,Area-40,1
2024-01-15,9,0,Area-41,1
2024-01-15,9,0,Area-43,1
2024-01-15,9,0,Area-44,2
2024-01-15,9,0,Area-45,1
2024-01-15,9,0,Area-47,1
2024-01-15,9,0,Area-48,1
2024-01-15,9,0,Area-49,3
2024-01-15,9,0,Area-50,1
2024-01-15,9,0,Area-6,1
2024-01-15,9,0,Area-7,2
2024-01-15,9,0,Area-8,1
2024-01-15,9,0,Area-9,1
2024-01-15,10,0,Area-1,3
2024-01-15,10,0,Area-11,1
2024-01-15,10,0,Area-12,1
2024-01-15,10,0,Area-13,3
2024-01-15,10,0,Area-15,1
2024-01-15,10,0,Area-17,1
2024-01-15,10,0,Area-18,1
2024-01-15,10,0,Area-19,2
2024-01-15,10,0,Area-2,1
2024-01-15,10,0,Area-21,1
2024-01-15,10,0,Area-22,2
2024-01-15,10,0,Area-23,1
2024-01-15,10,0,Area-24,1
2024-01-15,10,0,Area-25,2
2024-01-15,10,0,Area-26,1
2024-01-15,10,0,Area-28,2
2024-01-15,10,0,Area-29,2
2024-01-15,10,0,Area-3,1
2024-01-15,10,0,Area-30,3
2024-01-15,10,0,Area-31,1
2024-01-15,10,0,Area-33,4
2024-01-15,10,0,Area-34,1
2024-01-15,10,0,Area-35,1
2024-01-15,10,0,Area-36,2
2024-01-15,10,0,Area-37,1
2024-01-15,10,0,Area-38,1
2024-01-15,10,0,Area-39,2
2024-01-15,10,0,Area-4,2
2024-01-15,10,0,Area-40,2
2024-01-15,10,0,Area-41,1
2024-01-15,10,0,Area-42,1
2024-01-15,10,0,Area-43,1
2024-01-15,10,0,Area-45,2
2024-01-15,10,0,Area-47,2
2024-01-15,10,0,Area-49,1
2024-01-15,10,0,Area-7,1
2024-01-15,10,0,Area-8,5
2024-01-15,11,0,Area-10,2
2024-01-15,11,0,Area-11,3
2024-01-15,11,0,Area-12,1
2024-01-15,11,0,Area-14,1
2024-01-15,11,0,Area-16,1
2024-01-15,11,0,Area-17,1
2024-01-15,11,0,Area-2,1
2024-01-15,11,0,Area-20,1
2024-01-15,11,0,Area-22,4
2024-01-15,11,0,Area-23,1
2024-01-15,11,0,Area-24,3
2024-01-15,11,0,Area-25,1
2024-01-15,11,0,Area-26,2
2024-01-15,11,0,Area-27,1
2024-01-15,11,0,Area-28,2
2024-01-15,11,0,Area-29,1
2024-01-15,11,0,Area-3,2
2024-01-15,11,0,Area-31,1
2024-01-15,11,0,Area-32,1
2024-01-15,11,0,Area-33,1
2024-01-15,11,0,Area-34,2
2024-01-15,11,0,Area-35,1
2024-01-15,11,0,Area-37,1
2024-01-15,11,0,Area-38,1
2024-01-15,11,0,Area-39,1
2024-01-15,11,0,Area-4,2
2024-01-15,11,0,Area-42,3
2024-01-15,11,0,Area-43,4
2024-01-15,11,0,Area-44,1
2024-01-15,11,0,Area-45,1
2024-01-15,11,0,Area-47,1
2024-01-15,11,0,Area-48,3
2024-01-15,11,0,Area-49,1
2024-01-15,11,0,Area-50,1
2024-01-15,11,0,Area-6,1
2024-01-15,11,0,Area-8,1
2024-01-15,11,0,Area-9,3
2024-01-15,12,0,Area-1,1
2024-01-15,12,0,Area-10,1
2024-01-15,12,0,Area-11,1
2024-01-15,12,0,Area-13,2
2024-01-15,12,0,Area-14,1
2024-01-15,12,0,Area-17,2
2024-01-15,12,0,Area-19,3
2024-01-15,12,0,Area-2,1
2024-01-15,12,0,Area-20,1
2024-01-15,12,0,Area-21,2
2024-01-15,12,0,Area-22,2
2024-01-15,12,0,Area-24,2
2024-01-15,12,0,Area-25,5
2024-01-15,12,0,Area-26,2
2024-01-15,12,0,Area-27,4
2024-01-15,12,0,Area-28,2
2024-01-15,12,0,Area-29,4
2024-01-15,12,0,Area-3,1
2024-01-15,12,0,Area-30,1
2024-01-15,12,0,Area-31,4
2024-01-15,12,0,Area-32,1
2024-01-15,12,0,Area-34,1
2024-01-15,12,0,Area-35,1
2024-01-15,12,0,Area-36,1
2024-01-15,12,0,Area-37,1
2024-01-15,12,0,Area-38,3
2024-01-15,12,0,Area-39,5
2024-01-15,12,0,Area-4,3
2024-01-15,12,0,Area-40,1
2024-01-15,12,0,Area-42,1
2024-01-15,12,0,Area-43,2
2024-01-15,12,0,Area-44,3
2024-01-15,12,0,Area-45,1
2024-01-15,12,0,Area-48,1
2024-01-15,12,0,Area-49,2
2024-01-15,12,0,Area-5,1
2024-01-15,12,0,Area-50,3
2024-01-15,12,0,Area-7,2
2024-01-15,12,0,Area-8,5
2024-01-15,12,0,Area-9,1
2024-01-15,13,0,Area-1,1
2024-01-15,13,0,Area-10,1
2024-01-15,13,0,Area-12,2
2024-01-15,13,0,Area-13,1
2024-01-15,13,0,Area-14,2
2024-01-15,13,0,Area-15,1
2024-01-15,13,0,Area-16,1
2024-01-15,13,0,Area-2,2
2024-01-15,13,0,Area-21,2
2024-01-15,13,0,Area-22,1
2024-01-15,13,0,Area-24,2
2024-01-15,13,0,Area-25,1
2024-01-15,13,0,Area-26,2
2024-01-15,13,0,Area-28,1
2024-01-15,13,0,Area-29,2
2024-01-15,13,0,Area-3,2
2024-01-15,13,0,Area-31,1
2024-01-15,13,0,Area-33,2
2024-01-15,13,0,Area-34,1
2024-01-15,13,0,Area-35,3
2024-01-15,13,0,Area-37,1
2024-01-15,13,0,Area-39,1
2024-01-15,13,0,Area-4,3
2024-01-15,13,0,Area-40,1
2024-01-15,13,0,Area-41,2
2024-01-15,13,0,Area-42,1
2024-01-15,13,0,Area-43,1
2024-01-15,13,0,Area-44,3
2024-01-15,13,0,Area-46,2
2024-01-15,13,0,Area-48,2
2024-01-15,13,0,Area-5,2
2024-01-15,13,0,Area-50,2
2024-01-15,13,0,Area-7,2
2024-01-15,14,0,Area-1,1
2024-01-15,14,0,Area-10,1
2024-01-15,14,0,Area-11,1
2024-01-15,14,0,Area-12,2
2024-01-15,14,0,Area-13,1
2024-01-15,14,0,Area-15,1
2024-01-15,14,0,Area-16,2
2024-01-15,14,0,Area-17,3
2024-01-15,14,0,Area-18,2
2024-01-15,14,0,Area-19,2
2024-01-15,14,0,Area-2,2
2024-01-15,14,0,Area-20,1
2024-01-15,14,0,Area-21,1
2024-01-15,14,0,Area-23,1
2024-01-15,14,0,Area-25,4
2024-01-15,14,0,Area-26,2
2024-01-15,14,0,Area-29,2
2024-01-15,14,0,Area-30,5
2024-01-15,14,0,Area-34,1
2024-01-15,14,0,Area-35,2
2024-01-15,14,0,Area-36,1
2024-01-15,14,0,Area-38,1
2024-01-15,14,0,Area-4,3
2024-01-15,14,0,Area-41,1
2024-01-15,14,0,Area-42,2
2024-01-15,14,0,Area-43,2
2024-01-15,14,0,Area-45,1
2024-01-15,14,0,Area-46,1
2024-01-15,14,0,Area-49,2
2024-01-15,14,0,Area-5,4
2024-01-15,14,0,Area-50,1
2024-01-15,14,0,Area-6,2
2024-01-15,14,0,Area-8,3
2024-01-15,14,0,Area-9,2
2024-01-15,15,0,Area-1,3
2024-01-15,15,0,Area-11,1
2024-01-15,15,0,Area-13,2
2024-01-15,15,0,Area-14,2
2024-01-15,15,0,Area-17,1
2024-01-15,15,0,Area-18,1
2024-01-15,15,0,Area-19,3
2024-01-15,15,0,Area-2,2
2024-01-15,15,0,Area-20,2
2024-01-15,15,0,Area-21,2
2024-01-15,15,0,Area-22,2
2024-01-15,15,0,Area-25,3
2024-01-15,15,0,Area-26,1
2024-01-15,15,0,Area-28,1
2024-01-15,15,0,Area-3,1
2024-01-15,15,0,Area-32,2
2024-01-15,15,0,Area-34,1
2024-01-15,15,0,Area-35,1
2024-01-15,15,0,Area-36,4
2024-01-15,15,0,Area-37,2
2024-01-15,15,0,Area-38,1
2024-01-15,15,0,Area-39,2
2024-01-15,15,0,Area-4,1
2024-01-15,15,0,Area-40,1
2024-01-15,15,0,Area-41,2
2024-01-15,15,0,Area-42,2
2024-01-15,15,0,Area-43,1
2024-01-15,15,0,Area-44,3
2024-01-15,15,0,Area-45,1
2024-01-15,15,0,Area-46,2
2024-01-15,15,0,Area-48,5
2024-01-15,15,0,Area-49,1
2024-01-15,15,0,Area-5,1
2024-01-15,15,0,Area-50,2
2024-01-15,15,0,Area-6,1
2024-01-15,15,0,Area-7,2
2024-01-15,16,0,Area-1,1
2024-01-15,16,0,Area-10,2
2024-01-15,16,0,Area-12,2
2024-01-15,16,0,Area-13,2
2024-01-15,16,0,Area-14,1
2024-01-15,16,0,Area-16,1
2024-01-15,16,0,Area-17,2
2024-01-15,16,0,Area-18,2
2024-01-15,16,0,Area-2,1
2024-01-15,16,0,Area-20,2
2024-01-15,16,0,Area-22,1
2024-01-15,16,0,Area-23,1
2024-01-15,16,0,Area-24,2
2024-01-15,16,0,Area-25,1
2024-01-15,16,0,Area-27,2
2024-01-15,16,0,Area-28,2
2024-01-15,16,0,Area-29,1
2024-01-15,16,0,Area-3,3
2024-01-15,16,0,Area-31,3
2024-01-15,16,0,Area-32,2
2024-01-15,16,0,Area-33,3
2024-01-15,16,0,Area-34,2
2024-01-15,16,0,Area-35,1
2024-01-15,16,0,Area-36,1
2024-01-15,16,0,Area-38,1
2024-01-15,16,0,Area-39,1
2024-01-15,16,0,Area-4,2
2024-01-15,16,0,Area-40,3
2024-01-15,16,0,Area-41,1
2024-01-15,16,0,Area-44,2
2024-01-15,16,0,Area-45,2
2024-01-15,16,0,Area-46,2
2024-01-15,16,0,Area-48,2
2024-01-15,16,0,Area-5,1
2024-01-15,16,0,Area-50,1
2024-01-15,16,0,Area-6,2
2024-01-15,16,0,Area-7,1
2024-01-15,16,0,Area-9,1
2024-01-15,17,0,Area-1,1
2024-01-15,17,0,Area-10,2
2024-01-15,17,0,Area-11,1
2024-01-15,17,0,Area-12,1
2024-01-15,17,0,Area-13,1
2024-01-15,17,0,Area-14,1
2024-01-15,17,0,Area-15,1
2024-01-15,17,0,Area-18,2
2024-01-15,17,0,Area-19,1
2024-01-15,17,0,Area-2,1
2024-01-15,17,0,Area-20,2
2024-01-15,17,0,Area-21,5
2024-01-15,17,0,Area-23,2
2024-01-15,17,0,Area-24,2
2024-01-15,17,0,Area-25,3
2024-01-15,17,0,Area-26,2
2024-01-15,17,0,Area-27,2
2024-01-15,17,0,Area-28,4
2024-01-15,17,0,Area-29,1
2024-01-15,17,0,Area-3,1
2024-01-15,17,0,Area-30,3
2024-01-15,17,0,Area-32,4
2024-01-15,17,0,Area-33,2
2024-01-15,17,0,Area-34,1
2024-01-15,17,0,Area-35,1
2024-01-15,17,0,Area-38,2
2024-01-15,17,0,Area-39,4
2024-01-15,17,0,Area-40,1
2024-01-15,17,0,Area-42,4
2024-01-15,17,0,Area-44,2
2024-01-15,17,0,Area-45,1
2024-01-15,17,0,Area-47,1
2024-01-15,17,0,Area-48,2
2024-01-15,17,0,Area-49,1
2024-01-15,17,0,Area-5,4
2024-01-15,17,0,Area-7,2
2024-01-15,17,0,Area-8,1
2024-01-15,17,0,Area-9,1
2024-01-15,18,0,Area-1,3
2024-01-15,18,0,Area-10,3
2024-01-15,18,0,Area-14,2
2024-01-15,18,0,Area-15,1
2024-01-15,18,0,Area-16,3
2024-01-15,18,0,Area-17,1
2024-01-15,18,0,Area-18,1
2024-01-15,18,0,Area-19,1
2024-01-15,18,0,Area-2,3
2024-01-15,18,0,Area-21,1
2024-01-15,18,0,Area-23,2
2024-01-15,18,0,Area-24,1
2024-01-15,18,0,Area-25,2
2024-01-15,18,0,Area-26,3
2024-01-15,18,0,Area-28,1
2024-01-15,18,0,Area-29,2
2024-01-15,18,0,Area-3,1
2024-01-15,18,0,Area-31,1
2024-01-15,18,0,Area-32,3
2024-01-15,18,0,Area-33,2
2024-01-15,18,0,Area-34,1
2024-01-15,18,0,Area-36,2
2024-01-15,18,0,Area-37,4
2024-01-15,18,0,Area-39,3
2024-01-15,18,0,Area-4,1
2024-01-15,18,0,Area-41,1
2024-01-15,18,0,Area-43,1
2024-01-15,18,0,Area-44,2
2024-01-15,18,0,Area-45,1
2024-01-15,18,0,Area-46,1
2024-01-15,18,0,Area-49,3
2024-01-15,18,0,Area-7,1
2024-01-15,18,0,Area-8,1
2024-01-15,19,0,Area-1,3
2024-01-15,19,0,Area-10,1
2024-01-15,19,0,Area-11,2
2024-01-15,19,0,Area-12,1
2024-01-15,19,0,Area-13,4
2024-01-15,19,0,Area-14,1
2024-01-15,19,0,Area-15,2
2024-01-15,19,0,Area-16,2
2024-01-15,19,0,Area-17,2
2024-01-15,19,0,Area-18,1
2024-01-15,19,0,Area-19,2
2024-01-15,19,0,Area-2,3
2024-01-15,19,0,Area-20,3
2024-01-15,19,0,Area-21,5
2024-01-15,19,0,Area-22,2
2024-01-15,19,0,Area-23,2
2024-01-15,19,0,Area-24,1
2024-01-15,19,0,Area-25,1
2024-01-15,19,0,Area-27,2
2024-01-15,19,0,Area-28,1
2024-01-15,19,0,Area-3,1
2024-01-15,19,0,Area-30,1
2024-01-15,19,0,Area-31,4
2024-01-15,19,0,Area-32,1
2024-01-15,19,0,Area-34,2
2024-01-15,19,0,Area-36,2
2024-01-15,19,0,Area-37,2
2024-01-15,19,0,Area-38,2
2024-01-15,19,0,Area-39,1
2024-01-15,19,0,Area-4,2
2024-01-15,19,0,Area-40,1
2024-01-15,19,0,Area-41,2
2024-01-15,19,0,Area-43,2
2024-01-15,19,0,Area-44,2
2024-01-15,19,0,Area-45,1
2024-01-15,19,0,Area-47,4
2024-01-15,19,0,Area-48,1
2024-01-15,19,0,Area-49,2
2024-01-15,19,0,Area-50,2
2024-01-15,19,0,Area-6,1
2024-01-15,19,0,Area-7,4
2024-01-15,19,0,Area-8,2
2024-01-15,19,0,Area-9,1
2024-01-15,20,0,Area-1,1
2024-01-15,20,0,Area-10,1
2024-01-15,20,0,Area-11,2
2024-01-15,20,0,Area-13,2
2024-01-15,20,0,Area-14,2
2024-01-15,20,0,Area-15,1
2024-01-15,20,0,Area-16,2
2024-01-15,20,0,Area-17,1
2024-01-15,20,0,Area-2,1
2024-01-15,20,0,Area-20,3
2024-01-15,20,0,Area-22,2
2024-01-15,20,0,Area-23,1
2024-01-15,20,0,Area-24,3
2024-01-15,20,0,Area-25,1
2024-01-15,20,0,Area-27,2
2024-01-15,20,0,Area-29,2
2024-01-15,20,0,Area-30,2
2024-01-15,20,0,Area-31,1
2024-01-15,20,0,Area-32,1
2024-01-15,20,0,Area-33,2
2024-01-15,20,0,Area-34,2
2024-01-15,20,0,Area-36,1
2024-01-15,20,0,Area-37,1
2024-01-15,20,0,Area-38,2
2024-01-15,20,0,Area-4,2
2024-01-15,20,0,Area-42,2
2024-01-15,20,0,Area-43,2
2024-01-15,20,0,Area-44,3
2024-01-15,20,0,Area-45,3
2024-01-15,20,0,Area-47,2
2024-01-15,20,0,Area-49,1
2024-01-15,20,0,Area-5,1
2024-01-15,20,0,Area-6,1
2024-01-15,20,0,Area-7,4
2024-01-15,20,0,Area-8,2
2024-01-15,21,0,Area-1,1
2024-01-15,21,0,Area-12,3
2024-01-15,21,0,Area-13,3
2024-01-15,21,0,Area-15,3
2024-01-15,21,0,Area-16,3
2024-01-15,21,0,Area-18,1
2024-01-15,21,0,Area-19,1
2024-01-15,21,0,Area-20,3
2024-01-15,21,0,Area-24,2
2024-01-15,21,0,Area-25,2
2024-01-15,21,0,Area-26,2
2024-01-15,21,0,Area-27,4
2024-01-15,21,0,Area-28,2
2024-01-15,21,0,Area-29,2
2024-01-15,21,0,Area-3,1
2024-01-15,21,0,Area-30,1
2024-01-15,21,0,Area-31,3
2024-01-15,21,0,Area-32,1
2024-01-15,21,0,Area-33,5
2024-01-15,21,0,Area-34,2
2024-01-15,21,0,Area-35,1
2024-01-15,21,0,Area-36,5
2024-01-15,21,0,Area-38,2
2024-01-15,21,0,Area-39,1
2024-01-15,21,0,Area-4,1
2024-01-15,21,0,Area-41,1
2024-01-15,21,0,Area-42,1
2024-01-15,21,0,Area-43,3
2024-01-15,21,0,Area-45,3
2024-01-15,21,0,Area-46,3
2024-01-15,21,0,Area-47,2
2024-01-15,21,0,Area-48,3
2024-01-15,21,0,Area-5,1
2024-01-15,21,0,Area-50,3
2024-01-15,21,0,Area-6,2
2024-01-15,21,0,Area-8,2
2024-01-15,21,0,Area-9,1
2024-01-15,22,0,Area-10,1
2024-01-15,22,0,Area-11,2
2024-01-15,22,0,Area-13,1
2024-01-15,22,0,Area-14,3
2024-01-15,22,0,Area-15,6
2024-01-15,22,0,Area-16,1
2024-01-15,22,0,Area-18,3
2024-01-15,22,0,Area-19,2
2024-01-15,22,0,Area-2,2
2024-01-15,22,0,Area-21,2
2024-01-15,22,0,Area-22,1
2024-01-15,22,0,Area-23,3
2024-01-15,22,0,Area-25,1
2024-01-15,22,0,Area-27,1
2024-01-15,22,0,Area-28,1
2024-01-15,22,0,Area-29,2
2024-01-15,22,0,Area-3,1
2024-01-15,22,0,Area-31,1
2024-01-15,22,0,Area-33,1
2024-01-15,22,0,Area-34,2
2024-01-15,22,0,Area-35,2
2024-01-15,22,0,Area-36,3
2024-01-15,22,0,Area-39,1
2024-01-15,22,0,Area-4,2
2024-01-15,22,0,Area-40,1
2024-01-15,22,0,Area-41,4
2024-01-15,22,0,Area-42,2
2024-01-15,22,0,Area-43,2
2024-01-15,22,0,Area-45,2
2024-01-15,22,0,Area-46,2
2024-01-15,22,0,Area-47,1
2024-01-15,22,0,Area-48,2
2024-01-15,22,0,Area-49,2
2024-01-15,22,0,Area-50,1
2024-01-15,22,0,Area-6,1
2024-01-15,22,0,Area-7,1
2024-01-15,22,0,Area-8,3
2024-01-15,22,0,Area-9,2
2024-01-15,23,0,Area-10,3
2024-01-15,23,0,Area-11,1
2024-01-15,23,0,Area-13,1
2024-01-15,23,0,Area-14,1
2024-01-15,23,0,Area-15,3
2024-01-15,23,0,Area-17,1
2024-01-15,23,0,Area-18,1
2024-01-15,23,0,Area-19,2
2024-01-15,23,0,Area-2,2
2024-01-15,23,0,Area-22,1
2024-01-15,23,0,Area-23,1
2024-01-15,23,0,Area-24,2
2024-01-15,23,0,Area-25,1
2024-01-15,23,0,Area-27,1
2024-01-15,23,0,Area-29,1
2024-01-15,23,0,Area-3,1
2024-01-15,23,0,Area-30,2
2024-01-15,23,0,Area-31,2
2024-01-15,23,0,Area-32,2
2024-01-15,23,0,Area-33,2
2024-01-15,23,0,Area-34,2
2024-01-15,23,0,Area-36,1
2024-01-15,23,0,Area-37,2
2024-01-15,23,0,Area-38,1
2024-01-15,23,0,Area-4,3
2024-01-15,23,0,Area-40,4
2024-01-15,23,0,Area-41,3
2024-01-15,23,0,Area-42,1
2024-01-15,23,0,Area-43,2
2024-01-15,23,0,Area-44,4
2024-01-15,23,0,Area-45,1
2024-01-15,23,0,Area-46,1
2024-01-15,23,0,Area-47,2
2024-01-15,23,0,Area-48,1
2024-01-15,23,0,Area-49,3
2024-01-15,23,0,Area-5,2
2024-01-15,23,0,Area-50,1
2024-01-15,23,0,Area-6,2
2024-01-15,23,0,Area-8,2
2024-01-16,0,1,Area-1,3
2024-01-16,0,1,Area-10,2
2024-01-16,0,1,Area-11,1
2024-01-16,0,1,Area-12,2
2024-01-16,0,1,Area-14,1
2024-01-16,0,1,Area-15,1
2024-01-16,0,1,Area-16,2
2024-01-16,0,1,Area-17,2
2024-01-16,0,1,Area-18,1
2024-01-16,0,1,Area-21,1
2024-01-16,0,1,Area-22,1
2024-01-16,0,1,Area-23,2
2024-01-16,0,1,Area-24,3
2024-01-16,0,1,Area-25,1
2024-01-16,0,1,Area-27,1
2024-01-16,0,1,Area-28,4
2024-01-16,0,1,Area-3,3
2024-01-16,0,1,Area-31,1
2024-01-16,0,1,Area-32,3
2024-01-16,0,1,Area-33,2
2024-01-16,0,1,Area-34,3
2024-01-16,0,1,Area-35,1
2024-01-16,0,1,Area-37,1
2024-01-16,0,1,Area-38,1
2024-01-16,0,1,Area-39,1
2024-01-16,0,1,Area-4,2
2024-01-16,0,1,Area-43,1
2024-01-16,0,1,Area-44,2
2024-01-16,0,1,Area-45,1
2024-01-16,0,1,Area-47,3
2024-01-16,0,1,Area-48,3
2024-01-16,0,1,Area-49,3
2024-01-16,0,1,Area-5,1
2024-01-16,0,1,Area-50,1
2024-01-16,0,1,Area-6,1
2024-01-16,0,1,Area-7,3
2024-01-16,0,1,Area-8,2
2024-01-16,1,1,Area-1,1
2024-01-16,1,1,Area-10,1
2024-01-16,1,1,Area-12,1
2024-01-16,1,1,Area-14,2
2024-01-16,1,1,Area-15,2
2024-01-16,1,1,Area-16,1
2024-01-16,1,1,Area-17,1
2024-01-16,1,1,Area-19,2
2024-01-16,1,1,Area-2,1
2024-01-16,1,1,Area-20,1
2024-01-16,1,1,Area-21,2
2024-01-16,1,1,Area-22,1
2024-01-16,1,1,Area-23,1
2024-01-16,1,1,Area-24,2
2024-01-16,1,1,Area-26,1
2024-01-16,1,1,Area-27,2
2024-01-16,1,1,Area-28,3
2024-01-16,1,1,Area-29,1
2024-01-16,1,1,Area-3,2
2024-01-16,1,1,Area-30,2
2024-01-16,1,1,Area-32,1
2024-01-16,1,1,Area-34,1
2024-01-16,1,1,Area-35,3
2024-01-16,1,1,Area-36,1
2024-01-16,1,1,Area-37,1
2024-01-16,1,1,Area-38,2
2024-01-16,1,1,Area-39,1
2024-01-16,1,1,Area-4,1
2024-01-16,1,1,Area-41,3
2024-01-16,1,1,Area-42,1
2024-01-16,1,1,Area-43,1
2024-01-16,1,1,Area-44,2
2024-01-16,1,1,Area-45,2
2024-01-16,1,1,Area-46,1
2024-01-16,1,1,Area-47,2
2024-01-16,1,1,Area-49,1
2024-01-16,1,1,Area-5,3
2024-01-16,1,1,Area-50,3
2024-01-16,1,1,Area-6,2
2024-01-16,1,1,Area-7,2
2024-01-16,1,1,Area-8,4
2024-01-16,2,1,Area-1,3
2024-01-16,2,1,Area-10,3
2024-01-16,2,1,Area-12,2
2024-01-16,2,1,Area-13,2
2024-01-16,2,1,Area-14,1
2024-01-16,2,1,Area-17,2
2024-01-16,2,1,Area-18,2
2024-01-16,2,1,Area-19,1
2024-01-16,2,1,Area-2,1
2024-01-16,2,1,Area-20,4
2024-01-16,2,1,Area-21,1
2024-01-16,2,1,Area-22,3
2024-01-16,2,1,Area-23,4
2024-01-16,2,1,Area-24,3
2024-01-16,2,1,Area-25,2
2024-01-16,2,1,Area-26,2
2024-01-16,2,1,Area-28,1
2024-01-16,2,1,Area-29,1
2024-01-16,2,1,Area-30,2
2024-01-16,2,1,Area-31,1
2024-01-16,2,1,Area-32,2
2024-01-16,2,1,Area-33,3
2024-01-16,2,1,Area-34,1
2024-01-16,2,1,Area-35,1
2024-01-16,2,1,Area-36,2
2024-01-16,2,1,Area-37,1
2024-01-16,2,1,Area-38,1
2024-01-16,2,1,Area-4,3
2024-01-16,2,1,Area-40,1
2024-01-16,2,1,Area-41,3
2024-01-16,2,1,Area-42,1
2024-01-16,2,1,Area-45,1
2024-01-16,2,1,Area-47,2
2024-01-16,2,1,Area-48,2
2024-01-16,2,1,Area-49,1
2024-01-16,2,1,Area-5,2
2024-01-16,2,1,Area-50,1
2024-01-16,2,1,Area-6,2
2024-01-16,2,1,Area-7,1
2024-01-16,2,1,Area-8,1
2024-01-16,2,1,Area-9,1
2024-01-16,3,1,Area-11,2
2024-01-16,3,1,Area-12,2
2024-01-16,3,1,Area-13,1
2024-01-16,3,1,Area-15,1
2024-01-16,3,1,Area-16,3
2024-01-16,3,1,Area-17,2
2024-01-16,3,1,Area-19,1
2024-01-16,3,1,Area-20,2
2024-01-16,3,1,Area-21,1
2024-01-16,3,1,Area-22,1
2024-01-16,3,1,Area-23,2
2024-01-16,3,1,Area-25,2
2024-01-16,3,1,Area-27,4
2024-01-16,3,1,Area-28,3
2024-01-16,3,1,Area-29,2
2024-01-16,3,1,Area-3,1
2024-01-16,3,1,Area-30,1
2024-01-16,3,1,Area-32,1
2024-01-16,3,1,Area-34,1
2024-01-16,3,1,Area-36,3
2024-01-16,3,1,Area-38,2
2024-01-16,3,1,Area-39,3
2024-01-16,3,1,Area-4,1
2024-01-16,3,1,Area-40,1
2024-01-16,3,1,Area-41,1
2024-01-16,3,1,Area-43,2
2024-01-16,3,1,Area-44,1
2024-01-16,3,1,Area-47,1
2024-01-16,3,1,Area-48,1
2024-01-16,3,1,Area-5,1
2024-01-16,3,1,Area-50,1
2024-01-16,3,1,Area-6,2
2024-01-16,3,1,Area-7,2
2024-01-16,3,1,Area-8,1
2024-01-16,3,1,Area-9,1
2024-01-16,4,1,Area-10,1
2024-01-16,4,1,Area-11,4
2024-01-16,4,1,Area-13,1
2024-01-16,4,1,Area-14,1
2024-01-16,4,1,Area-15,1
2024-01-16,4,1,Area-16,4
2024-01-16,4,1,Area-18,2
2024-01-16,4,1,Area-19,1
2024-01-16,4,1,Area-2,1
2024-01-16,4,1,Area-20,3
2024-01-16,4,1,Area-21,1
2024-01-16,4,1,Area-22,2
2024-01-16,4,1,Area-25,1
2024-01-16,4,1,Area-27,1
2024-01-16,4,1,Area-28,2
2024-01-16,4,1,Area-31,1
2024-01-16,4,1,Area-32,2
2024-01-16,4,1,Area-33,1
2024-01-16,4,1,Area-34,3
2024-01-16,4,1,Area-35,1
2024-01-16,4,1,Area-38,2
2024-01-16,4,1,Area-40,2
2024-01-16,4,1,Area-41,2
2024-01-16,4,1,Area-42,3
2024-01-16,4,1,Area-43,1
2024-01-16,4,1,Area-44,1
2024-01-16,4,1,Area-45,1
2024-01-16,4,1,Area-49,1
2024-01-16,4,1,Area-5,1
2024-01-16,4,1,Area-50,2
2024-01-16,4,1,Area-6,2
2024-01-16,4,1,Area-8,1
2024-01-16,4,1,Area-9,1
2024-01-16,5,1,Area-10,2
2024-01-16,5,1,Area-12,2
2024-01-16,5,1,Area-13,2
2024-01-16,5,1,Area-14,5
2024-01-16,5,1,Area-15,1
2024-01-16,5,1,Area-16,1
2024-01-16,5,1,Area-17,2
2024-01-16,5,1,Area-18,2
2024-01-16,5,1,Area-2,2
2024-01-16,5,1,Area-22,2
2024-01-16,5,1,Area-23,2
2024-01-16,5,1,Area-24,3
2024-01-16,5,1,Area-25,3
2024-01-16,5,1,Area-29,1
2024-01-16,5,1,Area-30,3
2024-01-16,5,1,Area-31,2
2024-01-16,5,1,Area-32,3
2024-01-16,5,1,Area-33,2
2024-01-16,5,1,Area-35,2
2024-01-16,5,1,Area-36,4
2024-01-16,5,1,Area-37,1
2024-01-16,5,1,Area-38,1
2024-01-16,5,1,Area-39,1
2024-01-16,5,1,Area-4,3
2024-01-16,5,1,Area-40,2
2024-01-16,5,1,Area-41,1
2024-01-16,5,1,Area-43,1
2024-01-16,5,1,Area-44,2
2024-01-16,5,1,Area-47,1
2024-01-16,5,1,Area-49,2
2024-01-16,5,1,Area-50,2
2024-01-16,5,1,Area-6,1
2024-01-16,5,1,Area-7,1
2024-01-16,5,1,Area-8,3
2024-01-16,5,1,Area-9,3
2024-01-16,6,1,Area-10,2
2024-01-16,6,1,Area-11,1
2024-01-16,6,1,Area-12,3
2024-01-16,6,1,Area-13,2
2024-01-16,6,1,Area-14,5
2024-01-16,6,1,Area-16,2
2024-01-16,6,1,Area-17,1
2024-01-16,6,1,Area-18,1
2024-01-16,6,1,Area-19,4
2024-01-16,6,1,Area-2,3
2024-01-16,6,1,Area-20,2
2024-01-16,6,1,Area-21,2
2024-01-16,6,1,Area-22,1
2024-01-16,6,1,Area-25,4
2024-01-16,6,1,Area-27,3
2024-01-16,6,1,Area-28,2
2024-01-16,6,1,Area-3,1
2024-01-16,6,1,Area-30,1
2024-01-16,6,1,Area-31,2
2024-01-16,6,1,Area-39,3
2024-01-16,6,1,Area-4,3
2024-01-16,6,1,Area-40,4
2024-01-16,6,1,Area-41,4
2024-01-16,6,1,Area-42,3
2024-01-16,6,1,Area-43,4
2024-01-16,6,1,Area-45,1
2024-01-16,6,1,Area-47,2
2024-01-16,6,1,Area-48,1
2024-01-16,6,1,Area-50,1
2024-01-16,6,1,Area-6,1
2024-01-16,6,1,Area-8,2
2024-01-16,7,1,Area-1,1
2024-01-16,7,1,Area-10,1
2024-01-16,7,1,Area-12,1
2024-01-16,7,1,Area-14,3
2024-01-16,7,1,Area-15,1
2024-01-16,7,1,Area-16,2
2024-01-16,7,1,Area-17,3
2024-01-16,7,1,Area-19,1
2024-01-16,7,1,Area-2,1
2024-01-16,7,1,Area-20,3
2024-01-16,7,1,Area-21,1
2024-01-16,7,1,Area-22,2
2024-01-16,7,1,Area-25,2
2024-01-16,7,1,Area-26,1
2024-01-16,7,1,Area-27,2
2024-01-16,7,1,Area-28,2
2024-01-16,7,1,Area-29,1
2024-01-16,7,1,Area-30,1
2024-01-16,7,1,Area-31,3
2024-01-16,7,1,Area-32,1
2024-01-16,7,1,Area-34,5
2024-01-16,7,1,Area-35,1
2024-01-16,7,1,Area-36,1
2024-01-16,7,1,Area-37,3
2024-01-16,7,1,Area-39,1
2024-01-16,7,1,Area-4,5
2024-01-16,7,1,Area-41,3
2024-01-16,7,1,Area-42,2
2024-01-16,7,1,Area-43,1
2024-01-16,7,1,Area-44,1
2024-01-16,7,1,Area-45,2
2024-01-16,7,1,Area-46,3
2024-01-16,7,1,Area-48,4
2024-01-16,7,1,Area-49,1
2024-01-16,7,1,Area-50,4
2024-01-16,7,1,Area-6,2
2024-01-16,7,1,Area-7,1
2024-01-16,7,1,Area-8,1
2024-01-16,7,1,Area-9,1
2024-01-16,8,1,Area-1,1
2024-01-16,8,1,Area-10,1
2024-01-16,8,1,Area-11,2
2024-01-16,8,1,Area-12,2
2024-01-16,8,1,Area-14,1
2024-01-16,8,1,Area-15,1
2024-01-16,8,1,Area-18,3
2024-01-16,8,1,Area-2,2
2024-01-16,8,1,Area-20,2
2024-01-16,8,1,Area-21,1
2024-01-16,8,1,Area-23,1
2024-01-16,8,1,Area-24,1
2024-01-16,8,1,Area-27,1
2024-01-16,8,1,Area-29,2
2024-01-16,8,1,Area-3,3
2024-01-16,8,1,Area-30,1
2024-01-16,8,1,Area-32,2
2024-01-16,8,1,Area-33,1
2024-01-16,8,1,Area-34,1
2024-01-16,8,1,Area-35,1
2024-01-16,8,1,Area-36,1
2024-01-16,8,1,Area-38,1
2024-01-16,8,1,Area-39,1
2024-01-16,8,1,Area-4,1
2024-01-16,8,1,Area-40,3
2024-01-16,8,1,Area-41,2
2024-01-16,8,1,Area-42,1
2024-01-16,8,1,Area-43,2
2024-01-16,8,1,Area-44,1
2024-01-16,8,1,Area-45,3
2024-01-16,8,1,Area-47,1
2024-01-16,8,1,Area-48,2
2024-01-16,8,1,Area-49,1
2024-01-16,8,1,Area-5,3
2024-01-16,8,1,Area-6,1
2024-01-16,8,1,Area-7,1
2024-01-16,8,1,Area-9,1
2024-01-16,9,1,Area-1,2
2024-01-16,9,1,Area-10,3
2024-01-16,9,1,Area-11,5
2024-01-16,9,1,Area-12,1
2024-01-16,9,1,Area-13,1
2024-01-16,9,1,Area-15,2
2024-01-16,9,1,Area-16,1
2024-01-16,9,1,Area-17,1
2024-01-16,9,1,Area-18,1
2024-01-16,9,1,Area-2,2
2024-01-16,9,1,Area-20,1
2024-01-16,9,1,Area-21,1
2024-01-16,9,1,Area-24,3
2024-01-16,9,1,Area-25,2
2024-01-16,9,1,Area-26,3
2024-01-16,9,1,Area-27,2
2024-01-16,9,1,Area-28,2
2024-01-16,9,1,Area-29,1
2024-01-16,9,1,Area-3,1
2024-01-16,9,1,Area-30,2
2024-01-16,9,1,Area-33,4
2024-01-16,9,1,Area-34,2
2024-01-16,9,1,Area-35,2
2024-01-16,9,1,Area-36,2
2024-01-16,9,1,Area-37,2
2024-01-16,9,1,Area-38,2
2024-01-16,9,1,Area-4,2
2024-01-16,9,1,Area-40,1
2024-01-16,9,1,Area-41,1
2024-01-16,9,1,Area-42,2
2024-01-16,9,1,Area-44,1
2024-01-16,9,1,Area-46,1
2024-01-16,9,1,Area-48,1
2024-01-16,9,1,Area-49,1
2024-01-16,9,1,Area-5,4
2024-01-16,9,1,Area-6,3
2024-01-16,9,1,Area-8,1
2024-01-16,9,1,Area-9,2
2024-01-16,10,1,Area-11,3
2024-01-16,10,1,Area-13,1
2024-01-16,10,1,Area-14,1
2024-01-16,10,1,Area-15,2
2024-01-16,10,1,Area-16,2
2024-01-16,10,1,Area-17,1
2024-01-16,10,1,Area-18,1
2024-01-16,10,1,Area-19,1
2024-01-16,10,1,Area-21,2
2024-01-16,10,1,Area-23,2
2024-01-16,10,1,Area-24,3
2024-01-16,10,1,Area-25,1
2024-01-16,10,1,Area-27,2
2024-01-16,10,1,Area-28,1
2024-01-16,10,1,Area-29,1
2024-01-16,10,1,Area-3,1
2024-01-16,10,1,Area-30,4
2024-01-16,10,1,Area-31,3
2024-01-16,10,1,Area-33,1
2024-01-16,10,1,Area-34,2
2024-01-16,10,1,Area-35,5
2024-01-16,10,1,Area-36,1
2024-01-16,10,1,Area-38,2
2024-01-16,10,1,Area-39,3
2024-01-16,10,1,Area-4,1
2024-01-16,10,1,Area-40,1
2024-01-16,10,1,Area-41,2
2024-01-16,10,1,Area-42,3
2024-01-16,10,1,Area-45,2
2024-01-16,10,1,Area-46,3
2024-01-16,10,1,Area-47,1
2024-01-16,10,1,Area-48,1
2024-01-16,10,1,Area-5,4
2024-01-16,10,1,Area-50,3
2024-01-16,10,1,Area-6,2
2024-01-16,10,1,Area-7,3
2024-01-16,10,1,Area-8,2
2024-01-16,10,1,Area-9,3
2024-01-16,11,1,Area-1,1
2024-01-16,11,1,Area-10,1
2024-01-16,11,1,Area-13,2
2024-01-16,11,1,Area-14,1
2024-01-16,11,1,Area-15,1
2024-01-16,11,1,Area-16,1
2024-01-16,11,1,Area-17,2
2024-01-16,11,1,Area-18,2
2024-01-16,11,1,Area-19,3
2024-01-16,11,1,Area-20,2
2024-01-16,11,1,Area-21,2
2024-01-16,11,1,Area-22,3
2024-01-16,11,1,Area-23,5
2024-01-16,11,1,Area-24,1
2024-01-16,11,1,Area-25,1
2024-01-16,11,1,Area-27,4
2024-01-16,11,1,Area-28,4
2024-01-16,11,1,Area-29,1
2024-01-16,11,1,Area-31,3
2024-01-16,11,1,Area-32,1
2024-01-16,11,1,Area-34,2
2024-01-16,11,1,Area-36,3
2024-01-16,11,1,Area-38,2
2024-01-16,11,1,Area-39,1
2024-01-16,11,1,Area-40,1
2024-01-16,11,1,Area-41,1
2024-01-16,11,1,Area-42,1
2024-01-16,11,1,Area-43,5
2024-01-16,11,1,Area-44,1
2024-01-16,11,1,Area-46,2
2024-01-16,11,1,Area-48,3
2024-01-16,11,1,Area-49,1
2024-01-16,11,1,Area-5,1
2024-01-16,11,1,Area-50,2
2024-01-16,11,1,Area-6,1
2024-01-16,11,1,Area-8,1
2024-01-16,11,1,Area-9,1
2024-01-16,12,1,Area-1,2
2024-01-16,12,1,Area-10,2
2024-01-16,12,1,Area-14,1
2024-01-16,12,1,Area-15,1
2024-01-16,12,1,Area-16,1
2024-01-16,12,1,Area-17,2
2024-01-16,12,1,Area-19,2
2024-01-16,12,1,Area-2,1
2024-01-16,12,1,Area-20,1
2024-01-16,12,1,Area-23,3
2024-01-16,12,1,Area-24,1
2024-01-16,12,1,Area-25,1
2024-01-16,12,1,Area-27,1
2024-01-16,12,1,Area-28,2
2024-01-16,12,1,Area-29,1
2024-01-16,12,1,Area-3,3
2024-01-16,12,1,Area-30,1
2024-01-16,12,1,Area-32,3
2024-01-16,12,1,Area-33,1
2024-01-16,12,1,Area-34,1
2024-01-16,12,1,Area-35,3
2024-01-16,12,1,Area-37,1
2024-01-16,12,1,Area-39,2
2024-01-16,12,1,Area-40,2
2024-01-16,12,1,Area-41,2
2024-01-16,12,1,Area-43,1
2024-01-16,12,1,Area-44,2
2024-01-16,12,1,Area-45,4
2024-01-16,12,1,Area-46,2
2024-01-16,12,1,Area-47,1
2024-01-16,12,1,Area-48,2
2024-01-16,12,1,Area-5,3
2024-01-16,12,1,Area-50,2
2024-01-16,12,1,Area-6,2
2024-01-16,12,1,Area-8,3
2024-01-16,12,1,Area-9,1
2024-01-16,13,1,Area-10,4
2024-01-16,13,1,Area-11,2
2024-01-16,13,1,Area-12,2
2024-01-16,13,1,Area-13,2
2024-01-16,13,1,Area-14,4
2024-01-16,13,1,Area-18,3
2024-01-16,13,1,Area-19,3
2024-01-16,13,1,Area-2,2
2024-01-16,13,1,Area-21,2
2024-01-16,13,1,Area-22,2
2024-01-16,13,1,Area-23,2
2024-01-16,13,1,Area-24,1
2024-01-16,13,1,Area-25,1
2024-01-16,13,1,Area-26,3
2024-01-16,13,1,Area-27,3
2024-01-16,13,1,Area-28,1
2024-01-16,13,1,Area-29,4
2024-01-16,13,1,Area-30,1
2024-01-16,13,1,Area-31,1
2024-01-16,13,1,Area-32,1
2024-01-16,13,1,Area-33,1
2024-01-16,13,1,Area-34,1
2024-01-16,13,1,Area-35,2
2024-01-16,13,1,Area-36,5
2024-01-16,13,1,Area-37,2
2024-01-16,13,1,Area-38,1
2024-01-16,13,1,Area-39,4
2024-01-16,13,1,Area-4,1
2024-01-16,13,1,Area-40,4
2024-01-16,13,1,Area-41,3
2024-01-16,13,1,Area-42,2
2024-01-16,13,1,Area-43,2
2024-01-16,13,1,Area-44,2
2024-01-16,13,1,Area-45,1
2024-01-16,13,1,Area-46,2
2024-01-16,13,1,Area-47,1
2024-01-16,13,1,Area-48,2
2024-01-16,13,1,Area-49,4
2024-01-16,13,1,Area-50,2
2024-01-16,13,1,Area-6,3
2024-01-16,14,1,Area-1,1
2024-01-16,14,1,Area-10,1
2024-01-16,14,1,Area-11,1
2024-01-16,14,1,Area-12,3
2024-01-16,14,1,Area-13,3
2024-01-16,14,1,Area-14,1
2024-01-16,14,1,Area-15,2
2024-01-16,14,1,Area-18,2
2024-01-16,14,1,Area-19,2
2024-01-16,14,1,Area-2,1
2024-01-16,14,1,Area-20,1
2024-01-16,14,1,Area-21,2
2024-01-16,14,1,Area-24,3
2024-01-16,14,1,Area-26,2
2024-01-16,14,1,Area-27,3
2024-01-16,14,1,Area-29,1
2024-01-16,14,1,Area-3,2
2024-01-16,14,1,Area-30,1
2024-01-16,14,1,Area-32,1
2024-01-16,14,1,Area-33,1
2024-01-16,14,1,Area-34,3
2024-01-16,14,1,Area-35,1
2024-01-16,14,1,Area-36,4
2024-01-16,14,1,Area-37,5
2024-01-16,14,1,Area-38,1
2024-01-16,14,1,Area-39,2
2024-01-16,14,1,Area-4,2
2024-01-16,14,1,Area-40,1
2024-01-16,14,1,Area-43,1
2024-01-16,14,1,Area-44,1
2024-01-16,14,1,Area-46,2
2024-01-16,14,1,Area-47,3
2024-01-16,14,1,Area-48,1
2024-01-16,14,1,Area-49,1
2024-01-16,14,1,Area-5,2
2024-01-16,14,1,Area-50,2
2024-01-16,14,1,Area-6,1
2024-01-16,14,1,Area-7,2
2024-01-16,14,1,Area-8,1
2024-01-16,14,1,Area-9,1
2024-01-16,15,1,Area-1,3
2024-01-16,15,1,Area-10,1
2024-01-16,15,1,Area-11,2
2024-01-16,15,1,Area-12,1
2024-01-16,15,1,Area-13,1
2024-01-16,15,1,Area-14,1
2024-01-16,15,1,Area-15,1
2024-01-16,15,1,Area-16,2
2024-01-16,15,1,Area-17,2
2024-01-16,15,1,Area-18,1
2024-01-16,15,1,Area-19,3
2024-01-16,15,1,Area-2,2
2024-01-16,15,1,Area-20,2
2024-01-16,15,1,Area-21,3
2024-01-16,15,1,Area-22,2
2024-01-16,15,1,Area-23,1
2024-01-16,15,1,Area-24,1
2024-01-16,15,1,Area-26,2
2024-01-16,15,1,Area-27,2
2024-01-16,15,1,Area-29,3
2024-01-16,15,1,Area-30,1
2024-01-16,15,1,Area-31,1
2024-01-16,15,1,Area-32,4
2024-01-16,15,1,Area-33,1
2024-01-16,15,1,Area-36,1
2024-01-16,15,1,Area-37,2
2024-01-16,15,1,Area-38,1
2024-01-16,15,1,Area-39,3
2024-01-16,15,1,Area-40,2
2024-01-16,15,1,Area-41,2
2024-01-16,15,1,Area-42,1
2024-01-16,15,1,Area-43,1
2024-01-16,15,1,Area-45,1
2024-01-16,15,1,Area-46,1
2024-01-16,15,1,Area-47,1
2024-01-16,15,1,Area-48,3
2024-01-16,15,1,Area-49,1
2024-01-16,15,1,Area-50,3
2024-01-16,15,1,Area-7,2
2024-01-16,15,1,Area-9,4
2024-01-16,16,1,Area-1,2
2024-01-16,16,1,Area-10,2
2024-01-16,16,1,Area-12,1
2024-01-16,16,1,Area-13,1
2024-01-16,16,1,Area-14,4
2024-01-16,16,1,Area-15,2
2024-01-16,16,1,Area-16,1
2024-01-16,16,1,Area-17,1
2024-01-16,16,1,Area-18,1
2024-01-16,16,1,Area-19,1
2024-01-16,16,1,Area-22,2
2024-01-16,16,1,Area-23,3
2024-01-16,16,1,Area-25,1
2024-01-16,16,1,Area-26,1
2024-01-16,16,1,Area-27,2
2024-01-16,16,1,Area-29,3
2024-01-16,16,1,Area-3,1
2024-01-16,16,1,Area-30,1
2024-01-16,16,1,Area-31,2
2024-01-16,16,1,Area-33,4
2024-01-16,16,1,Area-34,2
2024-01-16,16,1,Area-35,2
2024-01-16,16,1,Area-36,1
2024-01-16,16,1,Area-38,1
2024-01-16,16,1,Area-39,3
2024-01-16,16,1,Area-4,2
2024-01-16,16,1,Area-40,2
2024-01-16,16,1,Area-41,1
2024-01-16,16,1,Area-42,1
2024-01-16,16,1,Area-44,1
2024-01-16,16,1,Area-45,3
2024-01-16,16,1,Area-46,1
2024-01-16,16,1,Area-48,2
2024-01-16,16,1,Area-49,1
2024-01-16,16,1,Area-5,2
2024-01-16,16,1,Area-50,1
2024-01-16,16,1,Area-6,3
2024-01-16,16,1,Area-7,1
2024-01-16,16,1,Area-8,2
2024-01-16,17,1,Area-1,2
2024-01-16,17,1,Area-10,2
2024-01-16,17,1,Area-11,1
2024-01-16,17,1,Area-12,1
2024-01-16,17,1,Area-13,2
2024-01-16,17,1,Area-14,1
2024-01-16,17,1,Area-15,1
2024-01-16,17,1,Area-16,4
2024-01-16,17,1,Area-17,1
2024-01-16,17,1,Area-19,2
2024-01-16,17,1,Area-20,1
2024-01-16,17,1,Area-21,1
2024-01-16,17,1,Area-22,1
2024-01-16,17,1,Area-23,2
2024-01-16,17,1,Area-24,2
2024-01-16,17,1,Area-25,2
2024-01-16,17,1,Area-27,3
2024-01-16,17,1,Area-28,2
2024-01-16,17,1,Area-29,2
2024-01-16,17,1,Area-3,1
2024-01-16,17,1,Area-30,3
2024-01-16,17,1,Area-31,2
2024-01-16,17,1,Area-34,2
2024-01-16,17,1,Area-37,1
2024-01-16,17,1,Area-38,2
2024-01-16,17,1,Area-39,3
2024-01-16,17,1,Area-40,2
2024-01-16,17,1,Area-41,1
2024-01-16,17,1,Area-42,3
2024-01-16,17,1,Area-43,2
2024-01-16,17,1,Area-44,4
2024-01-16,17,1,Area-47,1
2024-01-16,17,1,Area-48,1
2024-01-16,17,1,Area-49,1
2024-01-16,17,1,Area-5,3
2024-01-16,17,1,Area-50,1
2024-01-16,17,1,Area-9,2
2024-01-16,18,1,Area-10,3
2024-01-16,18,1,Area-11,1
2024-01-16,18,1,Area-12,1
2024-01-16,18,1,Area-13,3
2024-01-16,18,1,Area-18,2
2024-01-16,18,1,Area-19,4
2024-01-16,18,1,Area-2,1
2024-01-16,18,1,Area-20,3
2024-01-16,18,1,Area-22,1
2024-01-16,18,1,Area-23,1
2024-01-16,18,1,Area-24,1
2024-01-16,18,1,Area-25,2
2024-01-16,18,1,Area-26,1
2024-01-16,18,1,Area-27,3
2024-01-16,18,1,Area-28,1
2024-01-16,18,1,Area-29,1
2024-01-16,18,1,Area-3,1
2024-01-16,18,1,Area-31,4
2024-01-16,18,1,Area-32,2
2024-01-16,18,1,Area-33,1
2024-01-16,18,1,Area-34,1
2024-01-16,18,1,Area-35,1
2024-01-16,18,1,Area-37,1
2024-01-16,18,1,Area-38,4
2024-01-16,18,1,Area-4,2
2024-01-16,18,1,Area-40,1
2024-01-16,18,1,Area-41,1
2024-01-16,18,1,Area-44,1
2024-01-16,18,1,Area-46,2
2024-01-16,18,1,Area-48,1
2024-01-16,18,1,Area-49,1
2024-01-16,18,1,Area-5,3
2024-01-16,18,1,Area-50,3
2024-01-16,18,1,Area-7,2
2024-01-16,19,1,Area-1,2
2024-01-16,19,1,Area-11,2
2024-01-16,19,1,Area-12,2
2024-01-16,19,1,Area-13,1
2024-01-16,19,1,Area-17,4
2024-01-16,19,1,Area-19,2
2024-01-16,19,1,Area-20,2
2024-01-16,19,1,Area-21,1
2024-01-16,19,1,Area-22,2
2024-01-16,19,1,Area-23,2
2024-01-16,19,1,Area-24,1
2024-01-16,19,1,Area-25,1
2024-01-16,19,1,Area-26,1
2024-01-16,19,1,Area-27,1
2024-01-16,19,1,Area-28,2
2024-01-16,19,1,Area-29,1
2024-01-16,19,1,Area-3,2
2024-01-16,19,1,Area-30,2
2024-01-16,19,1,Area-31,2
2024-01-16,19,1,Area-32,2
2024-01-16,19,1,Area-35,1
2024-01-16,19,1,Area-38,1
2024-01-16,19,1,Area-39,2
2024-01-16,19,1,Area-4,3
2024-01-16,19,1,Area-40,1
2024-01-16,19,1,Area-41,2
2024-01-16,19,1,Area-43,1
2024-01-16,19,1,Area-44,1
2024-01-16,19,1,Area-45,1
2024-01-16,19,1,Area-47,1
2024-01-16,19,1,Area-48,1
2024-01-16,19,1,Area-49,1
2024-01-16,19,1,Area-5,1
2024-01-16,19,1,Area-50,1
2024-01-16,19,1,Area-6,1
2024-01-16,19,1,Area-7,2
2024-01-16,19,1,Area-8,3
2024-01-16,19,1,Area-9,1
2024-01-16,20,1,Area-1,1
2024-01-16,20,1,Area-10,1
2024-01-16,20,1,Area-11,1
2024-01-16,20,1,Area-12,2
2024-01-16,20,1,Area-14,2
2024-01-16,20,1,Area-15,1
2024-01-16,20,1,Area-18,1
2024-01-16,20,1,Area-19,3
2024-01-16,20,1,Area-2,1
2024-01-16,20,1,Area-20,2
2024-01-16,20,1,Area-22,1
2024-01-16,20,1,Area-24,1
2024-01-16,20,1,Area-25,2
2024-01-16,20,1,Area-26,4
2024-01-16,20,1,Area-27,1
2024-01-16,20,1,Area-28,1
2024-01-16,20,1,Area-3,1
2024-01-16,20,1,Area-32,4
2024-01-16,20,1,Area-33,2
2024-01-16,20,1,Area-34,2
2024-01-16,20,1,Area-35,2
2024-01-16,20,1,Area-37,1
2024-01-16,20,1,Area-38,2
2024-01-16,20,1,Area-39,3
2024-01-16,20,1,Area-4,2
2024-01-16,20,1,Area-40,2
2024-01-16,20,1,Area-41,2
2024-01-16,20,1,Area-43,2
2024-01-16,20,1,Area-44,4
2024-01-16,20,1,Area-45,3
2024-01-16,20,1,Area-46,1
2024-01-16,20,1,Area-47,2
2024-01-16,20,1,Area-48,2
2024-01-16,20,1,Area-50,2
2024-01-16,20,1,Area-7,1
2024-01-16,20,1,Area-8,1
2024-01-16,20,1,Area-9,2
2024-01-16,21,1,Area-11,1
2024-01-16,21,1,Area-14,3
2024-01-16,21,1,Area-15,3
2024-01-16,21,1,Area-16,3
2024-01-16,21,1,Area-19,2
2024-01-16,21,1,Area-2,1
2024-01-16,21,1,Area-21,1
2024-01-16,21,1,Area-23,3
2024-01-16,21,1,Area-24,2
2024-01-16,21,1,Area-26,2
2024-01-16,21,1,Area-27,2
2024-01-16,21,1,Area-28,1
2024-01-16,21,1,Area-30,1
2024-01-16,21,1,Area-32,1
2024-01-16,21,1,Area-33,1
2024-01-16,21,1,Area-36,3
2024-01-16,21,1,Area-37,1
2024-01-16,21,1,Area-38,5
2024-01-16,21,1,Area-39,1
2024-01-16,21,1,Area-4,1
2024-01-16,21,1,Area-41,1
2024-01-16,21,1,Area-42,2
2024-01-16,21,1,Area-44,3
2024-01-16,21,1,Area-45,2
2024-01-16,21,1,Area-46,2
2024-01-16,21,1,Area-47,2
2024-01-16,21,1,Area-48,4
2024-01-16,21,1,Area-49,1
2024-01-16,21,1,Area-5,2
2024-01-16,21,1,Area-50,3
2024-01-16,21,1,Area-6,3
2024-01-16,21,1,Area-7,1
2024-01-16,21,1,Area-8,1
2024-01-16,21,1,Area-9,1
2024-01-16,22,1,Area-1,3
2024-01-16,22,1,Area-10,2
2024-01-16,22,1,Area-11,1
2024-01-16,22,1,Area-12,3
2024-01-16,22,1,Area-13,1
2024-01-16,22,1,Area-14,2
2024-01-16,22,1,Area-15,1
2024-01-16,22,1,Area-16,3
2024-01-16,22,1,Area-17,1
2024-01-16,22,1,Area-18,2
2024-01-16,22,1,Area-2,2
2024-01-16,22,1,Area-20,2
2024-01-16,22,1,Area-21,1
2024-01-16,22,1,Area-22,4
2024-01-16,22,1,Area-23,3
2024-01-16,22,1,Area-24,1
2024-01-16,22,1,Area-25,2
2024-01-16,22,1,Area-26,1
2024-01-16,22,1,Area-27,1
2024-01-16,22,1,Area-28,1
2024-01-16,22,1,Area-29,6
2024-01-16,22,1,Area-30,3
2024-01-16,22,1,Area-32,2
2024-01-16,22,1,Area-35,1
2024-01-16,22,1,Area-36,1
2024-01-16,22,1,Area-37,2
2024-01-16,22,1,Area-38,2
2024-01-16,22,1,Area-39,1
2024-01-16,22,1,Area-4,1
2024-01-16,22,1,Area-40,1
2024-01-16,22,1,Area-41,3
2024-01-16,22,1,Area-42,2
2024-01-16,22,1,Area-43,1
2024-01-16,22,1,Area-46,1
2024-01-16,22,1,Area-47,2
2024-01-16,22,1,Area-48,2
2024-01-16,22,1,Area-49,2
2024-01-16,22,1,Area-50,2
2024-01-16,22,1,Area-8,1
2024-01-16,22,1,Area-9,2
2024-01-16,23,1,Area-11,1
2024-01-16,23,1,Area-12,3
2024-01-16,23,1,Area-13,3
2024-01-16,23,1,Area-14,1
2024-01-16,23,1,Area-15,1
2024-01-16,23,1,Area-17,1
2024-01-16,23,1,Area-2,2
2024-01-16,23,1,Area-20,2
2024-01-16,23,1,Area-22,1
2024-01-16,23,1,Area-23,1
2024-01-16,23,1,Area-25,1
2024-01-16,23,1,Area-26,2
2024-01-16,23,1,Area-27,4
2024-01-16,23,1,Area-28,4
2024-01-16,23,1,Area-29,1
2024-01-16,23,1,Area-3,2
2024-01-16,23,1,Area-30,1
2024-01-16,23,1,Area-31,2
2024-01-16,23,1,Area-32,1
2024-01-16,23,1,Area-33,3
2024-01-16,23,1,Area-35,3
2024-01-16,23,1,Area-36,2
2024-01-16,23,1,Area-39,1
2024-01-16,23,1,Area-4,1
2024-01-16,23,1,Area-40,3
2024-01-16,23,1,Area-42,1
2024-01-16,23,1,Area-43,2
2024-01-16,23,1,Area-44,2
2024-01-16,23,1,Area-45,1
2024-01-16,23,1,Area-46,1
2024-01-16,23,1,Area-47,2
2024-01-16,23,1,Area-48,1
2024-01-16,23,1,Area-49,1
2024-01-16,23,1,Area-5,1
2024-01-16,23,1,Area-50,1
2024-01-16,23,1,Area-8,2
2024-01-17,0,2,Area-1,3
2024-01-17,0,2,Area-10,4
2024-01-17,0,2,Area-11,1
2024-01-17,0,2,Area-12,1
2024-01-17,0,2,Area-13,1
2024-01-17,0,2,Area-14,2
2024-01-17,0,2,Area-15,1
2024-01-17,0,2,Area-16,1
2024-01-17,0,2,Area-17,1
2024-01-17,0,2,Area-18,4
2024-01-17,0,2,Area-19,2
2024-01-17,0,2,Area-20,2
2024-01-17,0,2,Area-21,2
2024-01-17,0,2,Area-22,1
2024-01-17,0,2,Area-24,1
2024-01-17,0,2,Area-27,1
2024-01-17,0,2,Area-3,1
2024-01-17,0,2,Area-31,4
2024-01-17,0,2,Area-32,1
2024-01-17,0,2,Area-33,2
2024-01-17,0,2,Area-36,1
2024-01-17,0,2,Area-37,3
2024-01-17,0,2,Area-38,1
2024-01-17,0,2,Area-39,2
2024-01-17,0,2,Area-4,1
2024-01-17,0,2,Area-40,2
2024-01-17,0,2,Area-41,3
2024-01-17,0,2,Area-42,3
2024-01-17,0,2,Area-43,2
2024-01-17,0,2,Area-45,1
2024-01-17,0,2,Area-46,1
2024-01-17,0,2,Area-48,3
2024-01-17,0,2,Area-49,2
2024-01-17,0,2,Area-5,2
2024-01-17,0,2,Area-7,1
2024-01-17,0,2,Area-8,1
2024-01-17,1,2,Area-1,3
2024-01-17,1,2,Area-10,1
2024-01-17,1,2,Area-13,1
2024-01-17,1,2,Area-14,1
2024-01-17,1,2,Area-15,1
2024-01-17,1,2,Area-16,4
2024-01-17,1,2,Area-17,1
2024-01-17,1,2,Area-18,1
2024-01-17,1,2,Area-19,1
2024-01-17,1,2,Area-2,1
2024-01-17,1,2,Area-20,2
2024-01-17,1,2,Area-21,1
2024-01-17,1,2,Area-22,3
2024-01-17,1,2,Area-23,1
2024-01-17,1,2,Area-24,2
2024-01-17,1,2,Area-25,2
2024-01-17,1,2,Area-26,1
2024-01-17,1,2,Area-27,1
2024-01-17,1,2,Area-28,2
2024-01-17,1,2,Area-29,4
2024-01-17,1,2,Area-3,2
2024-01-17,1,2,Area-30,2
2024-01-17,1,2,Area-31,4
2024-01-17,1,2,Area-32,3
2024-01-17,1,2,Area-34,1
2024-01-17,1,2,Area-35,2
2024-01-17,1,2,Area-37,3
2024-01-17,1,2,Area-39,2
2024-01-17,1,2,Area-40,2
2024-01-17,1,2,Area-41,2
2024-01-17,1,2,Area-42,1
2024-01-17,1,2,Area-43,2
2024-01-17,1,2,Area-44,2
2024-01-17,1,2,Area-46,1
2024-01-17,1,2,Area-47,1
2024-01-17,1,2,Area-49,1
2024-01-17,1,2,Area-5,1
2024-01-17,1,2,Area-6,3
2024-01-17,1,2,Area-7,3
2024-01-17,1,2,Area-8,3
2024-01-17,2,2,Area-1,3
2024-01-17,2,2,Area-10,1
2024-01-17,2,2,Area-12,1
2024-01-17,2,2,Area-13,1
2024-01-17,2,2,Area-14,2
2024-01-17,2,2,Area-16,2
2024-01-17,2,2,Area-17,3
2024-01-17,2,2,Area-18,1
2024-01-17,2,2,Area-19,1
2024-01-17,2,2,Area-2,1
2024-01-17,2,2,Area-20,3
2024-01-17,2,2,Area-21,2
2024-01-17,2,2,Area-24,1
2024-01-17,2,2,Area-25,3
2024-01-17,2,2,Area-26,1
2024-01-17,2,2,Area-27,2
2024-01-17,2,2,Area-28,1
2024-01-17,2,2,Area-29,1
2024-01-17,2,2,Area-3,2
2024-01-17,2,2,Area-30,1
2024-01-17,2,2,Area-31,1
2024-01-17,2,2,Area-32,2
2024-01-17,2,2,Area-33,1
2024-01-17,2,2,Area-34,3
2024-01-17,2,2,Area-35,4
2024-01-17,2,2,Area-36,1
2024-01-17,2,2,Area-37,3
2024-01-17,2,2,Area-38,2
2024-01-17,2,2,Area-39,2
2024-01-17,2,2,Area-41,1
2024-01-17,2,2,Area-42,2
2024-01-17,2,2,Area-43,1
2024-01-17,2,2,Area-45,1
2024-01-17,2,2,Area-46,2
2024-01-17,2,2,Area-47,1
2024-01-17,2,2,Area-48,2
2024-01-17,2,2,Area-49,1
2024-01-17,2,2,Area-5,3
2024-01-17,2,2,Area-50,2
2024-01-17,2,2,Area-6,2
2024-01-17,2,2,Area-7,1
2024-01-17,2,2,Area-8,2
2024-01-17,2,2,Area-9,1
2024-01-17,3,2,Area-10,3
2024-01-17,3,2,Area-11,1
2024-01-17,3,2,Area-12,1
2024-01-17,3,2,Area-13,3
2024-01-17,3,2,Area-14,1
2024-01-17,3,2,Area-15,2
2024-01-17,3,2,Area-16,2
2024-01-17,3,2,Area-17,2
2024-01-17,3,2,Area-19,1
2024-01-17,3,2,Area-2,1
2024-01-17,3,2,Area-20,2
2024-01-17,3,2,Area-21,1
2024-01-17,3,2,Area-22,1
2024-01-17,3,2,Area-26,1
2024-01-17,3,2,Area-28,1
2024-01-17,3,2,Area-29,1
2024-01-17,3,2,Area-3,1
2024-01-17,3,2,Area-30,2
2024-01-17,3,2,Area-31,2
2024-01-17,3,2,Area-33,1
2024-01-17,3,2,Area-34,2
2024-01-17,3,2,Area-35,1
2024-01-17,3,2,Area-36,2
2024-01-17,3,2,Area-37,2
2024-01-17,3,2,Area-38,1
2024-01-17,3,2,Area-39,2
2024-01-17,3,2,Area-40,2
2024-01-17,3,2,Area-41,3
2024-01-17,3,2,Area-42,3
2024-01-17,3,2,Area-43,3
2024-01-17,3,2,Area-44,1
2024-01-17,3,2,Area-45,2
2024-01-17,3,2,Area-46,2
2024-01-17,3,2,Area-47,1
2024-01-17,3,2,Area-48,2
2024-01-17,3,2,Area-49,3
2024-01-17,3,2,Area-5,2
2024-01-17,3,2,Area-6,2
2024-01-17,3,2,Area-7,1
2024-01-17,3,2,Area-8,1
2024-01-17,4,2,Area-1,4
2024-01-17,4,2,Area-10,1
2024-01-17,4,2,Area-11,1
2024-01-17,4,2,Area-12,1
2024-01-17,4,2,Area-14,2
2024-01-17,4,2,Area-15,2
2024-01-17,4,2,Area-16,1
2024-01-17,4,2,Area-17,1
2024-01-17,4,2,Area-19,2
2024-01-17,4,2,Area-2,1
2024-01-17,4,2,Area-20,2
2024-01-17,4,2,Area-21,1
2024-01-17,4,2,Area-23,4
2024-01-17,4,2,Area-24,2
2024-01-17,4,2,Area-25,2
2024-01-17,4,2,Area-27,1
2024-01-17,4,2,Area-28,2
2024-01-17,4,2,Area-29,4
2024-01-17,4,2,Area-3,2
2024-01-17,4,2,Area-30,2
2024-01-17,4,2,Area-31,3
2024-01-17,4,2,Area-32,1
2024-01-17,4,2,Area-33,1
2024-01-17,4,2,Area-35,1
2024-01-17,4,2,Area-36,1
2024-01-17,4,2,Area-37,2
2024-01-17,4,2,Area-38,1
2024-01-17,4,2,Area-39,2
2024-01-17,4,2,Area-4,3
2024-01-17,4,2,Area-40,5
2024-01-17,4,2,Area-41,1
2024-01-17,4,2,Area-43,3
2024-01-17,4,2,Area-44,2
2024-01-17,4,2,Area-46,1
2024-01-17,4,2,Area-47,1
2024-01-17,4,2,Area-48,2
2024-01-17,4,2,Area-50,1
2024-01-17,4,2,Area-7,1
2024-01-17,4,2,Area-8,3
2024-01-17,4,2,Area-9,2
2024-01-17,5,2,Area-1,2
2024-01-17,5,2,Area-10,2
2024-01-17,5,2,Area-12,2
2024-01-17,5,2,Area-15,2
2024-01-17,5,2,Area-16,1
2024-01-17,5,2,Area-17,2
2024-01-17,5,2,Area-19,1
2024-01-17,5,2,Area-2,1
2024-01-17,5,2,Area-21,2
2024-01-17,5,2,Area-22,3
2024-01-17,5,2,Area-23,1
2024-01-17,5,2,Area-24,1
2024-01-17,5,2,Area-25,3
2024-01-17,5,2,Area-26,3
2024-01-17,5,2,Area-27,2
2024-01-17,5,2,Area-28,2
2024-01-17,5,2,Area-29,3
2024-01-17,5,2,Area-3,3
2024-01-17,5,2,Area-30,1
2024-01-17,5,2,Area-31,2
2024-01-17,5,2,Area-32,2
2024-01-17,5,2,Area-33,1
2024-01-17,5,2,Area-37,2
2024-01-17,5,2,Area-38,1
2024-01-17,5,2,Area-39,1
2024-01-17,5,2,Area-4,3
2024-01-17,5,2,Area-40,1
2024-01-17,5,2,Area-41,1
2024-01-17,5,2,Area-44,1
2024-01-17,5,2,Area-47,4
2024-01-17,5,2,Area-48,1
2024-01-17,5,2,Area-50,1
2024-01-17,5,2,Area-6,2
2024-01-17,5,2,Area-7,3
2024-01-17,5,2,Area-8,4
2024-01-17,5,2,Area-9,1
2024-01-17,6,2,Area-1,1
2024-01-17,6,2,Area-10,2
2024-01-17,6,2,Area-11,1
2024-01-17,6,2,Area-12,1
2024-01-17,6,2,Area-15,1
2024-01-17,6,2,Area-18,1
2024-01-17,6,2,Area-2,3
2024-01-17,6,2,Area-20,1
2024-01-17,6,2,Area-22,2
2024-01-17,6,2,Area-23,1
2024-01-17,6,2,Area-24,1
2024-01-17,6,2,Area-25,1
2024-01-17,6,2,Area-26,1
2024-01-17,6,2,Area-27,1
2024-01-17,6,2,Area-28,1
2024-01-17,6,2,Area-29,2
2024-01-17,6,2,Area-3,2
2024-01-17,6,2,Area-31,2
2024-01-17,6,2,Area-32,1
2024-01-17,6,2,Area-33,2
2024-01-17,6,2,Area-34,1
2024-01-17,6,2,Area-35,1
2024-01-17,6,2,Area-36,3
2024-01-17,6,2,Area-37,2
2024-01-17,6,2,Area-38,1
2024-01-17,6,2,Area-39,1
2024-01-17,6,2,Area-4,3
2024-01-17,6,2,Area-40,1
2024-01-17,6,2,Area-41,2
2024-01-17,6,2,Area-42,2
2024-01-17,6,2,Area-43,2
2024-01-17,6,2,Area-44,2
2024-01-17,6,2,Area-46,1
2024-01-17,6,2,Area-47,2
2024-01-17,6,2,Area-48,1
2024-01-17,6,2,Area-49,1
2024-01-17,6,2,Area-50,4
2024-01-17,6,2,Area-7,1
2024-01-17,6,2,Area-8,1
2024-01-17,6,2,Area-9,1
2024-01-17,7,2,Area-1,2
2024-01-17,7,2,Area-10,2
2024-01-17,7,2,Area-11,2
2024-01-17,7,2,Area-12,4
2024-01-17,7,2,Area-15,1
2024-01-17,7,2,Area-17,2
2024-01-17,7,2,Area-18,1
2024-01-17,7,2,Area-19,2
2024-01-17,7,2,Area-2,2
2024-01-17,7,2,Area-20,1
2024-01-17,7,2,Area-21,1
2024-01-17,7,2,Area-22,1
2024-01-17,7,2,Area-25,1
2024-01-17,7,2,Area-26,4
2024-01-17,7,2,Area-28,2
2024-01-17,7,2,Area-29,2
2024-01-17,7,2,Area-31,2
2024-01-17,7,2,Area-32,1
2024-01-17,7,2,Area-33,2
2024-01-17,7,2,Area-34,2
2024-01-17,7,2,Area-35,2
2024-01-17,7,2,Area-36,1
2024-01-17,7,2,Area-38,1
2024-01-17,7,2,Area-39,4
2024-01-17,7,2,Area-4,1
2024-01-17,7,2,Area-41,1
2024-01-17,7,2,Area-42,1
2024-01-17,7,2,Area-43,3
2024-01-17,7,2,Area-44,2
2024-01-17,7,2,Area-45,1
2024-01-17,7,2,Area-46,1
2024-01-17,7,2,Area-47,3
2024-01-17,7,2,Area-48,3
2024-01-17,7,2,Area-49,3
2024-01-17,7,2,Area-5,2
2024-01-17,7,2,Area-50,1
2024-01-17,7,2,Area-6,1
2024-01-17,7,2,Area-7,1
2024-01-17,7,2,Area-9,8
2024-01-17,8,2,Area-10,2
2024-01-17,8,2,Area-11,3
2024-01-17,8,2,Area-12,1
2024-01-17,8,2,Area-13,2
2024-01-17,8,2,Area-14,2
2024-01-17,8,2,Area-15,1
2024-01-17,8,2,Area-17,3
2024-01-17,8,2,Area-18,1
2024-01-17,8,2,Area-19,4
2024-01-17,8,2,Area-2,2
2024-01-17,8,2,Area-21,2
2024-01-17,8,2,Area-23,1
2024-01-17,8,2,Area-24,2
2024-01-17,8,2,Area-25,2
2024-01-17,8,2,Area-26,3
2024-01-17,8,2,Area-27,2
2024-01-17,8,2,Area-28,1
2024-01-17,8,2,Area-29,2
2024-01-17,8,2,Area-30,1
2024-01-17,8,2,Area-31,2
2024-01-17,8,2,Area-32,1
2024-01-17,8,2,Area-33,1
2024-01-17,8,2,Area-35,1
2024-01-17,8,2,Area-36,4
2024-01-17,8,2,Area-37,2
2024-01-17,8,2,Area-38,1
2024-01-17,8,2,Area-39,3
2024-01-17,8,2,Area-44,2
2024-01-17,8,2,Area-45,1
2024-01-17,8,2,Area-46,1
2024-01-17,8,2,Area-47,2
2024-01-17,8,2,Area-48,1
2024-01-17,8,2,Area-49,2
2024-01-17,8,2,Area-5,1
2024-01-17,8,2,Area-50,1
2024-01-17,8,2,Area-9,3
2024-01-17,9,2,Area-1,1
2024-01-17,9,2,Area-10,2
2024-01-17,9,2,Area-11,1
2024-01-17,9,2,Area-12,2
2024-01-17,9,2,Area-13,4
2024-01-17,9,2,Area-14,2
2024-01-17,9,2,Area-15,1
2024-01-17,9,2,Area-16,1
2024-01-17,9,2,Area-19,2
2024-01-17,9,2,Area-2,2
2024-01-17,9,2,Area-20,2
2024-01-17,9,2,Area-21,1
2024-01-17,9,2,Area-22,1
2024-01-17,9,2,Area-23,3
2024-01-17,9,2,Area-24,2
2024-01-17,9,2,Area-25,5
2024-01-17,9,2,Area-26,1
2024-01-17,9,2,Area-27,1
2024-01-17,9,2,Area-29,3
2024-01-17,9,2,Area-3,4
2024-01-17,9,2,Area-30,5
2024-01-17,9,2,Area-32,2
2024-01-17,9,2,Area-33,3
2024-01-17,9,2,Area-34,2
2024-01-17,9,2,Area-35,4
2024-01-17,9,2,Area-36,2
2024-01-17,9,2,Area-38,2
2024-01-17,9,2,Area-4,2
2024-01-17,9,2,Area-40,1
2024-01-17,9,2,Area-42,1
2024-01-17,9,2,Area-43,1
2024-01-17,9,2,Area-44,5
2024-01-17,9,2,Area-45,1
2024-01-17,9,2,Area-47,4
2024-01-17,9,2,Area-48,1
2024-01-17,9,2,Area-49,2
2024-01-17,9,2,Area-50,3
2024-01-17,9,2,Area-6,1
2024-01-17,9,2,Area-8,1
2024-01-17,9,2,Area-9,1
2024-01-17,10,2,Area-11,3
2024-01-17,10,2,Area-12,3
2024-01-17,10,2,Area-13,2
2024-01-17,10,2,Area-15,3
2024-01-17,10,2,Area-17,2
2024-01-17,10,2,Area-18,2
2024-01-17,10,2,Area-2,1
2024-01-17,10,2,Area-20,1
2024-01-17,10,2,Area-22,3
2024-01-17,10,2,Area-23,1
2024-01-17,10,2,Area-24,2
2024-01-17,10,2,Area-25,1
2024-01-17,10,2,Area-27,1
2024-01-17,10,2,Area-28,2
2024-01-17,10,2,Area-3,1
2024-01-17,10,2,Area-30,1
2024-01-17,10,2,Area-31,3
2024-01-17,10,2,Area-32,1
2024-01-17,10,2,Area-33,2
2024-01-17,10,2,Area-35,2
2024-01-17,10,2,Area-36,1
2024-01-17,10,2,Area-37,1
2024-01-17,10,2,Area-39,3
2024-01-17,10,2,Area-4,1
2024-01-17,10,2,Area-40,1
2024-01-17,10,2,Area-41,6
2024-01-17,10,2,Area-42,1
2024-01-17,10,2,Area-43,1
2024-01-17,10,2,Area-44,3
2024-01-17,10,2,Area-46,1
2024-01-17,10,2,Area-47,2
2024-01-17,10,2,Area-48,2
2024-01-17,10,2,Area-49,2
2024-01-17,10,2,Area-5,1
2024-01-17,10,2,Area-6,2
2024-01-17,10,2,Area-7,2
2024-01-17,10,2,Area-8,1
2024-01-17,11,2,Area-10,1
2024-01-17,11,2,Area-11,1
2024-01-17,11,2,Area-15,2
2024-01-17,11,2,Area-16,3
2024-01-17,11,2,Area-17,2
2024-01-17,11,2,Area-18,1
2024-01-17,11,2,Area-19,1
2024-01-17,11,2,Area-2,1
2024-01-17,11,2,Area-20,1
2024-01-17,11,2,Area-21,3
2024-01-17,11,2,Area-22,3
2024-01-17,11,2,Area-24,3
2024-01-17,11,2,Area-27,2
2024-01-17,11,2,Area-28,1
2024-01-17,11,2,Area-29,1
2024-01-17,11,2,Area-31,1
2024-01-17,11,2,Area-32,1
2024-01-17,11,2,Area-33,2
2024-01-17,11,2,Area-34,5
2024-01-17,11,2,Area-35,1
2024-01-17,11,2,Area-36,1
2024-01-17,11,2,Area-37,2
2024-01-17,11,2,Area-38,1
2024-01-17,11,2,Area-39,1
2024-01-17,11,2,Area-41,1
2024-01-17,11,2,Area-44,1
2024-01-17,11,2,Area-45,1
2024-01-17,11,2,Area-46,3
2024-01-17,11,2,Area-47,2
2024-01-17,11,2,Area-48,2
2024-01-17,11,2,Area-49,3
2024-01-17,11,2,Area-5,6
2024-01-17,11,2,Area-50,1
2024-01-17,11,2,Area-6,4
2024-01-17,11,2,Area-8,1
2024-01-17,11,2,Area-9,1
2024-01-17,12,2,Area-1,2
2024-01-17,12,2,Area-10,1
2024-01-17,12,2,Area-12,1
2024-01-17,12,2,Area-13,1
2024-01-17,12,2,Area-14,1
2024-01-17,12,2,Area-16,2
2024-01-17,12,2,Area-17,1
2024-01-17,12,2,Area-2,3
2024-01-17,12,2,Area-20,2
2024-01-17,12,2,Area-23,1
2024-01-17,12,2,Area-24,3
2024-01-17,12,2,Area-25,1
2024-01-17,12,2,Area-28,1
2024-01-17,12,2,Area-29,1
2024-01-17,12,2,Area-3,1
2024-01-17,12,2,Area-30,2
2024-01-17,12,2,Area-31,2
2024-01-17,12,2,Area-33,1
2024-01-17,12,2,Area-35,1
2024-01-17,12,2,Area-37,1
2024-01-17,12,2,Area-39,1
2024-01-17,12,2,Area-40,3
2024-01-17,12,2,Area-42,3
2024-01-17,12,2,Area-43,1
2024-01-17,12,2,Area-44,4
2024-01-17,12,2,Area-46,2
2024-01-17,12,2,Area-48,3
2024-01-17,12,2,Area-49,2
2024-01-17,12,2,Area-50,1
2024-01-17,12,2,Area-6,1
2024-01-17,12,2,Area-7,3
2024-01-17,12,2,Area-8,2
2024-01-17,13,2,Area-1,1
2024-01-17,13,2,Area-10,3
2024-01-17,13,2,Area-11,1
2024-01-17,13,2,Area-12,2
2024-01-17,13,2,Area-13,4
2024-01-17,13,2,Area-16,3
2024-01-17,13,2,Area-17,2
2024-01-17,13,2,Area-19,1
2024-01-17,13,2,Area-2,2
2024-01-17,13,2,Area-20,1
2024-01-17,13,2,Area-21,1
2024-01-17,13,2,Area-22,1
2024-01-17,13,2,Area-24,1
2024-01-17,13,2,Area-25,2
2024-01-17,13,2,Area-27,1
2024-01-17,13,2,Area-28,1
2024-01-17,13,2,Area-29,2
2024-01-17,13,2,Area-3,2
2024-01-17,13,2,Area-32,2
2024-01-17,13,2,Area-34,1
2024-01-17,13,2,Area-35,1
2024-01-17,13,2,Area-4,1
2024-01-17,13,2,Area-40,1
2024-01-17,13,2,Area-42,2
2024-01-17,13,2,Area-43,1
2024-01-17,13,2,Area-44,2
2024-01-17,13,2,Area-45,1
2024-01-17,13,2,Area-46,2
2024-01-17,13,2,Area-49,3
2024-01-17,13,2,Area-5,1
2024-01-17,13,2,Area-7,1
2024-01-17,13,2,Area-8,2
2024-01-17,13,2,Area-9,3
2024-01-17,14,2,Area-1,1
2024-01-17,14,2,Area-10,1
2024-01-17,14,2,Area-11,2
2024-01-17,14,2,Area-12,1
2024-01-17,14,2,Area-13,2
2024-01-17,14,2,Area-14,2
2024-01-17,14,2,Area-15,1
2024-01-17,14,2,Area-16,3
2024-01-17,14,2,Area-18,2
2024-01-17,14,2,Area-19,2
2024-01-17,14,2,Area-20,1
2024-01-17,14,2,Area-22,2
2024-01-17,14,2,Area-23,2
2024-01-17,14,2,Area-24,2
2024-01-17,14,2,Area-25,2
2024-01-17,14,2,Area-28,2
2024-01-17,14,2,Area-29,3
2024-01-17,14,2,Area-3,2
2024-01-17,14,2,Area-30,1
2024-01-17,14,2,Area-31,3
2024-01-17,14,2,Area-32,3
2024-01-17,14,2,Area-33,3
2024-01-17,14,2,Area-34,1
2024-01-17,14,2,Area-35,2
2024-01-17,14,2,Area-37,2
2024-01-17,14,2,Area-39,2
2024-01-17,14,2,Area-4,2
2024-01-17,14,2,Area-40,2
2024-01-17,14,2,Area-41,1
2024-01-17,14,2,Area-44,1
2024-01-17,14,2,Area-45,3
2024-01-17,14,2,Area-46,2
2024-01-17,14,2,Area-48,1
2024-01-17,14,2,Area-49,1
2024-01-17,14,2,Area-5,1
2024-01-17,14,2,Area-50,1
2024-01-17,14,2,Area-6,2
2024-01-17,14,2,Area-7,2
2024-01-17,14,2,Area-8,2
2024-01-17,14,2,Area-9,1
2024-01-17,15,2,Area-10,3
2024-01-17,15,2,Area-11,1
2024-01-17,15,2,Area-12,3
2024-01-17,15,2,Area-13,3
2024-01-17,15,2,Area-14,1
2024-01-17,15,2,Area-15,2
2024-01-17,15,2,Area-16,1
2024-01-17,15,2,Area-17,1
2024-01-17,15,2,Area-18,1
2024-01-17,15,2,Area-19,4
2024-01-17,15,2,Area-2,2
2024-01-17,15,2,Area-20,1
2024-01-17,15,2,Area-21,1
2024-01-17,15,2,Area-22,1
2024-01-17,15,2,Area-23,2
2024-01-17,15,2,Area-24,2
2024-01-17,15,2,Area-25,1
2024-01-17,15,2,Area-26,1
2024-01-17,15,2,Area-28,2
2024-01-17,15,2,Area-29,1
2024-01-17,15,2,Area-3,2
2024-01-17,15,2,Area-30,2
2024-01-17,15,2,Area-32,1
2024-01-17,15,2,Area-33,1
2024-01-17,15,2,Area-35,2
2024-01-17,15,2,Area-36,1
2024-01-17,15,2,Area-37,3
2024-01-17,15,2,Area-38,2
2024-01-17,15,2,Area-4,1
2024-01-17,15,2,Area-40,2
2024-01-17,15,2,Area-41,3
2024-01-17,15,2,Area-43,2
2024-01-17,15,2,Area-45,2
2024-01-17,15,2,Area-46,1
2024-01-17,15,2,Area-47,1
2024-01-17,15,2,Area-48,2
2024-01-17,15,2,Area-49,2
2024-01-17,15,2,Area-5,2
2024-01-17,15,2,Area-50,2
2024-01-17,15,2,Area-8,2
2024-01-17,15,2,Area-9,2
2024-01-17,16,2,Area-1,3
2024-01-17,16,2,Area-10,1
2024-01-17,16,2,Area-13,2
2024-01-17,16,2,Area-14,1
2024-01-17,16,2,Area-15,1
2024-01-17,16,2,Area-16,2
2024-01-17,16,2,Area-17,2
2024-01-17,16,2,Area-19,1
2024-01-17,16,2,Area-20,3
2024-01-17,16,2,Area-21,1
2024-01-17,16,2,Area-22,2
2024-01-17,16,2,Area-23,1
2024-01-17,16,2,Area-25,3
2024-01-17,16,2,Area-26,1
2024-01-17,16,2,Area-27,2
2024-01-17,16,2,Area-28,3
2024-01-17,16,2,Area-29,5
2024-01-17,16,2,Area-3,2
2024-01-17,16,2,Area-30,1
2024-01-17,16,2,Area-31,2
2024-01-17,16,2,Area-32,1
2024-01-17,16,2,Area-33,1
2024-01-17,16,2,Area-34,1
2024-01-17,16,2,Area-35,1
2024-01-17,16,2,Area-37,2
2024-01-17,16,2,Area-39,2
2024-01-17,16,2,Area-4,1
2024-01-17,16,2,Area-40,2
2024-01-17,16,2,Area-42,1
2024-01-17,16,2,Area-43,1
2024-01-17,16,2,Area-44,2
2024-01-17,16,2,Area-45,1
2024-01-17,16,2,Area-47,3
2024-01-17,16,2,Area-48,2
2024-01-17,16,2,Area-49,2
2024-01-17,16,2,Area-5,4
2024-01-17,16,2,Area-6,1
2024-01-17,16,2,Area-7,1
2024-01-17,16,2,Area-8,1
2024-01-17,16,2,Area-9,3
2024-01-17,17,2,Area-1,5
2024-01-17,17,2,Area-10,1
2024-01-17,17,2,Area-11,1
2024-01-17,17,2,Area-13,1
2024-01-17,17,2,Area-14,2
2024-01-17,17,2,Area-15,1
2024-01-17,17,2,Area-17,1
2024-01-17,17,2,Area-2,3
2024-01-17,17,2,Area-20,1
2024-01-17,17,2,Area-24,1
2024-01-17,17,2,Area-25,1
2024-01-17,17,2,Area-27,4
2024-01-17,17,2,Area-28,2
2024-01-17,17,2,Area-30,1
2024-01-17,17,2,Area-31,1
2024-01-17,17,2,Area-32,3
2024-01-17,17,2,Area-35,1
2024-01-17,17,2,Area-36,1
2024-01-17,17,2,Area-37,1
2024-01-17,17,2,Area-38,2
2024-01-17,17,2,Area-39,5
2024-01-17,17,2,Area-40,1
2024-01-17,17,2,Area-41,1
2024-01-17,17,2,Area-42,3
2024-01-17,17,2,Area-43,1
2024-01-17,17,2,Area-44,3
2024-01-17,17,2,Area-45,1
2024-01-17,17,2,Area-46,4
2024-01-17,17,2,Area-47,1
2024-01-17,17,2,Area-48,1
2024-01-17,17,2,Area-49,4
2024-01-17,17,2,Area-5,3
2024-01-17,17,2,Area-50,1
2024-01-17,17,2,Area-6,2
2024-01-17,17,2,Area-7,2
2024-01-17,17,2,Area-8,2
2024-01-17,18,2,Area-10,7
2024-01-17,18,2,Area-11,1
2024-01-17,18,2,Area-13,4
2024-01-17,18,2,Area-14,1
2024-01-17,18,2,Area-16,1
2024-01-17,18,2,Area-18,1
2024-01-17,18,2,Area-19,1
2024-01-17,18,2,Area-2,3
2024-01-17,18,2,Area-20,2
2024-01-17,18,2,Area-22,3
2024-01-17,18,2,Area-23,3
2024-01-17,18,2,Area-25,1
2024-01-17,18,2,Area-26,2
2024-01-17,18,2,Area-28,1
2024-01-17,18,2,Area-3,1
2024-01-17,18,2,Area-30,2
2024-01-17,18,2,Area-31,2
2024-01-17,18,2,Area-33,1
2024-01-17,18,2,Area-34,1
2024-01-17,18,2,Area-35,1
2024-01-17,18,2,Area-36,1
2024-01-17,18,2,Area-37,2
2024-01-17,18,2,Area-38,1
2024-01-17,18,2,Area-39,4
2024-01-17,18,2,Area-4,2
2024-01-17,18,2,Area-41,1
2024-01-17,18,2,Area-42,1
2024-01-17,18,2,Area-43,2
2024-01-17,18,2,Area-44,2
2024-01-17,18,2,Area-45,3
2024-01-17,18,2,Area-47,2
2024-01-17,18,2,Area-48,3
2024-01-17,18,2,Area-49,4
2024-01-17,18,2,Area-5,1
2024-01-17,18,2,Area-50,1
2024-01-17,18,2,Area-6,3
2024-01-17,18,2,Area-9,3
2024-01-17,19,2,Area-1,1
2024-01-17,19,2,Area-10,2
2024-01-17,19,2,Area-11,2
2024-01-17,19,2,Area-12,1
2024-01-17,19,2,Area-13,1
2024-01-17,19,2,Area-14,1
2024-01-17,19,2,Area-15,1
2024-01-17,19,2,Area-16,1
2024-01-17,19,2,Area-17,1
2024-01-17,19,2,Area-18,3
2024-01-17,19,2,Area-19,2
2024-01-17,19,2,Area-2,2
2024-01-17,19,2,Area-20,1
2024-01-17,19,2,Area-21,2
2024-01-17,19,2,Area-22,1
2024-01-17,19,2,Area-24,5
2024-01-17,19,2,Area-25,4
2024-01-17,19,2,Area-26,1
2024-01-17,19,2,Area-27,1
2024-01-17,19,2,Area-29,3
2024-01-17,19,2,Area-3,2
2024-01-17,19,2,Area-30,3
2024-01-17,19,2,Area-32,3
2024-01-17,19,2,Area-33,3
2024-01-17,19,2,Area-34,2
2024-01-17,19,2,Area-35,2
2024-01-17,19,2,Area-36,3
2024-01-17,19,2,Area-37,1
2024-01-17,19,2,Area-38,1
2024-01-17,19,2,Area-39,3
2024-01-17,19,2,Area-4,1
2024-01-17,19,2,Area-40,2
2024-01-17,19,2,Area-41,2
2024-01-17,19,2,Area-42,3
2024-01-17,19,2,Area-43,3
2024-01-17,19,2,Area-44,2
2024-01-17,19,2,Area-45,1
2024-01-17,19,2,Area-46,2
2024-01-17,19,2,Area-47,3
2024-01-17,19,2,Area-48,2
2024-01-17,19,2,Area-49,2
2024-01-17,19,2,Area-5,2
2024-01-17,19,2,Area-50,2
2024-01-17,19,2,Area-6,1
2024-01-17,19,2,Area-7,3
2024-01-17,19,2,Area-8,2
2024-01-17,19,2,Area-9,3
2024-01-17,20,2,Area-10,2
2024-01-17,20,2,Area-11,2
2024-01-17,20,2,Area-12,3
2024-01-17,20,2,Area-13,5
2024-01-17,20,2,Area-15,1
2024-01-17,20,2,Area-17,2
2024-01-17,20,2,Area-18,3
2024-01-17,20,2,Area-20,1
2024-01-17,20,2,Area-21,1
2024-01-17,20,2,Area-22,1
2024-01-17,20,2,Area-23,3
2024-01-17,20,2,Area-24,1
2024-01-17,20,2,Area-25,1
2024-01-17,20,2,Area-28,4
2024-01-17,20,2,Area-29,2
2024-01-17,20,2,Area-3,1
2024-01-17,20,2,Area-31,1
2024-01-17,20,2,Area-33,1
2024-01-17,20,2,Area-34,1
2024-01-17,20,2,Area-35,2
2024-01-17,20,2,Area-36,3
2024-01-17,20,2,Area-37,1
2024-01-17,20,2,Area-38,3
2024-01-17,20,2,Area-39,4
2024-01-17,20,2,Area-4,3
2024-01-17,20,2,Area-40,1
2024-01-17,20,2,Area-41,1
2024-01-17,20,2,Area-42,1
2024-01-17,20,2,Area-43,2
2024-01-17,20,2,Area-44,1
2024-01-17,20,2,Area-45,1
2024-01-17,20,2,Area-46,1
2024-01-17,20,2,Area-47,1
2024-01-17,20,2,Area-48,2
2024-01-17,20,2,Area-50,1
2024-01-17,20,2,Area-7,1
2024-01-17,20,2,Area-8,2
2024-01-17,20,2,Area-9,1
2024-01-17,21,2,Area-1,2
2024-01-17,21,2,Area-10,1
2024-01-17,21,2,Area-11,1
2024-01-17,21,2,Area-12,1
2024-01-17,21,2,Area-17,4
2024-01-17,21,2,Area-18,1
2024-01-17,21,2,Area-19,2
2024-01-17,21,2,Area-2,3
2024-01-17,21,2,Area-20,2
2024-01-17,21,2,Area-22,2
2024-01-17,21,2,Area-23,1
2024-01-17,21,2,Area-25,1
2024-01-17,21,2,Area-27,1
2024-01-17,21,2,Area-28,1
2024-01-17,21,2,Area-29,1
2024-01-17,21,2,Area-3,2
2024-01-17,21,2,Area-30,3
2024-01-17,21,2,Area-31,1
2024-01-17,21,2,Area-32,1
2024-01-17,21,2,Area-37,2
2024-01-17,21,2,Area-38,4
2024-01-17,21,2,Area-39,4
2024-01-17,21,2,Area-4,1
2024-01-17,21,2,Area-40,1
2024-01-17,21,2,Area-41,3
2024-01-17,21,2,Area-42,1
2024-01-17,21,2,Area-43,3
2024-01-17,21,2,Area-45,4
2024-01-17,21,2,Area-46,1
2024-01-17,21,2,Area-47,1
2024-01-17,21,2,Area-48,1
2024-01-17,21,2,Area-50,1
2024-01-17,21,2,Area-9,1
2024-01-17,22,2,Area-10,2
2024-01-17,22,2,Area-11,1
2024-01-17,22,2,Area-12,2
2024-01-17,22,2,Area-13,1
2024-01-17,22,2,Area-15,1
2024-01-17,22,2,Area-18,1
2024-01-17,22,2,Area-19,1
2024-01-17,22,2,Area-2,1
2024-01-17,22,2,Area-21,2
2024-01-17,22,2,Area-22,3
2024-01-17,22,2,Area-23,7
2024-01-17,22,2,Area-26,3
2024-01-17,22,2,Area-27,3
2024-01-17,22,2,Area-28,1
2024-01-17,22,2,Area-3,1
2024-01-17,22,2,Area-30,2
2024-01-17,22,2,Area-31,3
2024-01-17,22,2,Area-32,6
2024-01-17,22,2,Area-33,3
2024-01-17,22,2,Area-35,2
2024-01-17,22,2,Area-36,2
2024-01-17,22,2,Area-38,1
2024-01-17,22,2,Area-4,1
2024-01-17,22,2,Area-42,4
2024-01-17,22,2,Area-43,3
2024-01-17,22,2,Area-44,2
2024-01-17,22,2,Area-45,1
2024-01-17,22,2,Area-46,3
2024-01-17,22,2,Area-48,1
2024-01-17,22,2,Area-49,1
2024-01-17,22,2,Area-5,1
2024-01-17,22,2,Area-50,1
2024-01-17,22,2,Area-6,1
2024-01-17,22,2,Area-7,1
2024-01-17,22,2,Area-8,2
2024-01-17,23,2,Area-1,1
2024-01-17,23,2,Area-10,1
2024-01-17,23,2,Area-11,2
2024-01-17,23,2,Area-12,1
2024-01-17,23,2,Area-13,1
2024-01-17,23,2,Area-14,2
2024-01-17,23,2,Area-15,1
2024-01-17,23,2,Area-16,2
2024-01-17,23,2,Area-17,3
2024-01-17,23,2,Area-18,3
2024-01-17,23,2,Area-19,1
2024-01-17,23,2,Area-2,1
2024-01-17,23,2,Area-22,4
2024-01-17,23,2,Area-24,1
2024-01-17,23,2,Area-26,2
2024-01-17,23,2,Area-27,1
2024-01-17,23,2,Area-28,1
2024-01-17,23,2,Area-29,2
2024-01-17,23,2,Area-3,1
2024-01-17,23,2,Area-30,3
2024-01-17,23,2,Area-32,1
2024-01-17,23,2,Area-33,5
2024-01-17,23,2,Area-36,2
2024-01-17,23,2,Area-37,3
2024-01-17,23,2,Area-38,2
2024-01-17,23,2,Area-39,1
2024-01-17,23,2,Area-4,1
2024-01-17,23,2,Area-42,1
2024-01-17,23,2,Area-43,2
2024-01-17,23,2,Area-44,2
2024-01-17,23,2,Area-45,1
2024-01-17,23,2,Area-48,3
2024-01-17,23,2,Area-5,3
2024-01-17,23,2,Area-50,1
2024-01-17,23,2,Area-8,1
2024-01-17,23,2,Area-9,3
2024-01-18,0,3,Area-1,4
2024-01-18,0,3,Area-10,1
2024-01-18,0,3,Area-11,2
2024-01-18,0,3,Area-12,1
2024-01-18,0,3,Area-13,2
2024-01-18,0,3,Area-15,1
2024-01-18,0,3,Area-16,2
2024-01-18,0,3,Area-17,2
2024-01-18,0,3,Area-2,2
2024-01-18,0,3,Area-20,3
2024-01-18,0,3,Area-21,2
2024-01-18,0,3,Area-22,4
2024-01-18,0,3,Area-24,1
2024-01-18,0,3,Area-25,2
2024-01-18,0,3,Area-26,1
2024-01-18,0,3,Area-27,4
2024-01-18,0,3,Area-29,2
2024-01-18,0,3,Area-3,2
2024-01-18,0,3,Area-30,1
2024-01-18,0,3,Area-31,2
2024-01-18,0,3,Area-32,3
2024-01-18,0,3,Area-33,2
2024-01-18,0,3,Area-34,2
2024-01-18,0,3,Area-35,2
2024-01-18,0,3,Area-36,1
2024-01-18,0,3,Area-37,3
2024-01-18,0,3,Area-38,1
2024-01-18,0,3,Area-39,1
2024-01-18,0,3,Area-41,4
2024-01-18,0,3,Area-42,3
2024-01-18,0,3,Area-43,4
2024-01-18,0,3,Area-45,1
2024-01-18,0,3,Area-46,1
2024-01-18,0,3,Area-47,1
2024-01-18,0,3,Area-49,2
2024-01-18,0,3,Area-5,1
2024-01-18,0,3,Area-6,1
2024-01-18,0,3,Area-7,3
2024-01-18,0,3,Area-8,2
2024-01-18,0,3,Area-9,2
2024-01-18,1,3,Area-1,1
2024-01-18,1,3,Area-10,1
2024-01-18,1,3,Area-11,1
2024-01-18,1,3,Area-12,1
2024-01-18,1,3,Area-13,2
2024-01-18,1,3,Area-14,2
2024-01-18,1,3,Area-17,2
2024-01-18,1,3,Area-18,5
2024-01-18,1,3,Area-19,1
2024-01-18,1,3,Area-20,3
2024-01-18,1,3,Area-21,2
2024-01-18,1,3,Area-23,2
2024-01-18,1,3,Area-24,1
2024-01-18,1,3,Area-25,2
2024-01-18,1,3,Area-26,1
2024-01-18,1,3,Area-27,1
2024-01-18,1,3,Area-30,1
2024-01-18,1,3,Area-31,2
2024-01-18,1,3,Area-32,1
2024-01-18,1,3,Area-33,3
2024-01-18,1,3,Area-34,1
2024-01-18,1,3,Area-35,1
2024-01-18,1,3,Area-38,2
2024-01-18,1,3,Area-39,1
2024-01-18,1,3,Area-40,1
2024-01-18,1,3,Area-41,2
2024-01-18,1,3,Area-42,1
2024-01-18,1,3,Area-43,5
2024-01-18,1,3,Area-47,1
2024-01-18,1,3,Area-48,1
2024-01-18,1,3,Area-49,3
2024-01-18,1,3,Area-5,1
2024-01-18,1,3,Area-50,1
2024-01-18,1,3,Area-6,2
2024-01-18,1,3,Area-8,1
2024-01-18,1,3,Area-9,3
2024-01-18,2,3,Area-1,1
2024-01-18,2,3,Area-11,3
2024-01-18,2,3,Area-13,3
2024-01-18,2,3,Area-14,2
2024-01-18,2,3,Area-15,1
2024-01-18,2,3,Area-16,2
2024-01-18,2,3,Area-17,4
2024-01-18,2,3,Area-18,3
2024-01-18,2,3,Area-2,2
2024-01-18,2,3,Area-20,1
2024-01-18,2,3,Area-22,3
2024-01-18,2,3,Area-23,2
2024-01-18,2,3,Area-24,2
2024-01-18,2,3,Area-26,1
2024-01-18,2,3,Area-27,2
2024-01-18,2,3,Area-28,1
2024-01-18,2,3,Area-29,1
2024-01-18,2,3,Area-3,3
2024-01-18,2,3,Area-31,8
2024-01-18,2,3,Area-33,1
2024-01-18,2,3,Area-34,3
2024-01-18,2,3,Area-35,1
2024-01-18,2,3,Area-36,1
2024-01-18,2,3,Area-37,1
2024-01-18,2,3,Area-38,1
2024-01-18,2,3,Area-39,5
2024-01-18,2,3,Area-4,1
2024-01-18,2,3,Area-42,2
2024-01-18,2,3,Area-43,1
2024-01-18,2,3,Area-44,4
2024-01-18,2,3,Area-45,3
2024-01-18,2,3,Area-46,2
2024-01-18,2,3,Area-47,4
2024-01-18,2,3,Area-5,1
2024-01-18,2,3,Area-6,1
2024-01-18,2,3,Area-7,2
2024-01-18,3,3,Area-10,2
2024-01-18,3,3,Area-11,3
2024-01-18,3,3,Area-13,1
2024-01-18,3,3,Area-15,2
2024-01-18,3,3,Area-16,2
2024-01-18,3,3,Area-18,1
2024-01-18,3,3,Area-2,1
2024-01-18,3,3,Area-20,1
2024-01-18,3,3,Area-21,3
2024-01-18,3,3,Area-22,1
2024-01-18,3,3,Area-27,1
2024-01-18,3,3,Area-28,1
2024-01-18,3,3,Area-3,2
2024-01-18,3,3,Area-30,2
2024-01-18,3,3,Area-31,1
2024-01-18,3,3,Area-32,2
2024-01-18,3,3,Area-34,1
2024-01-18,3,3,Area-36,1
2024-01-18,3,3,Area-37,2
2024-01-18,3,3,Area-38,1
2024-01-18,3,3,Area-4,1
2024-01-18,3,3,Area-40,1
2024-01-18,3,3,Area-41,3
2024-01-18,3,3,Area-44,1
2024-01-18,3,3,Area-46,1
2024-01-18,3,3,Area-47,1
2024-01-18,3,3,Area-49,1
2024-01-18,3,3,Area-6,2
2024-01-18,3,3,Area-8,3
2024-01-18,4,3,Area-1,2
2024-01-18,4,3,Area-10,3
2024-01-18,4,3,Area-11,2
2024-01-18,4,3,Area-13,2
2024-01-18,4,3,Area-14,1
2024-01-18,4,3,Area-17,1
2024-01-18,4,3,Area-18,2
2024-01-18,4,3,Area-19,1
2024-01-18,4,3,Area-2,1
2024-01-18,4,3,Area-20,2
2024-01-18,4,3,Area-21,2
2024-01-18,4,3,Area-22,4
2024-01-18,4,3,Area-24,2
2024-01-18,4,3,Area-26,1
2024-01-18,4,3,Area-28,1
2024-01-18,4,3,Area-29,1
2024-01-18,4,3,Area-3,3
2024-01-18,4,3,Area-31,1
2024-01-18,4,3,Area-33,1
2024-01-18,4,3,Area-34,1
2024-01-18,4,3,Area-35,1
2024-01-18,4,3,Area-36,3
2024-01-18,4,3,Area-37,2
2024-01-18,4,3,Area-38,3
2024-01-18,4,3,Area-39,2
2024-01-18,4,3,Area-4,1
2024-01-18,4,3,Area-40,2
2024-01-18,4,3,Area-41,3
2024-01-18,4,3,Area-42,1
2024-01-18,4,3,Area-43,2
2024-01-18,4,3,Area-44,1
2024-01-18,4,3,Area-45,2
2024-01-18,4,3,Area-46,1
2024-01-18,4,3,Area-47,1
2024-01-18,4,3,Area-49,1
2024-01-18,4,3,Area-5,3
2024-01-18,4,3,Area-50,3
2024-01-18,4,3,Area-6,1
2024-01-18,4,3,Area-8,3
2024-01-18,4,3,Area-9,2
2024-01-18,5,3,Area-1,1
2024-01-18,5,3,Area-10,2
2024-01-18,5,3,Area-11,1
2024-01-18,5,3,Area-12,3
2024-01-18,5,3,Area-14,1
2024-01-18,5,3,Area-15,1
2024-01-18,5,3,Area-16,1
2024-01-18,5,3,Area-19,3
2024-01-18,5,3,Area-2,3
2024-01-18,5,3,Area-21,1
2024-01-18,5,3,Area-22,1
2024-01-18,5,3,Area-23,2
2024-01-18,5,3,Area-25,3
2024-01-18,5,3,Area-27,1
2024-01-18,5,3,Area-28,2
2024-01-18,5,3,Area-29,3
2024-01-18,5,3,Area-3,1
2024-01-18,5,3,Area-30,1
2024-01-18,5,3,Area-31,1
2024-01-18,5,3,Area-33,2
2024-01-18,5,3,Area-35,1
2024-01-18,5,3,Area-36,3
2024-01-18,5,3,Area-37,1
2024-01-18,5,3,Area-38,2
2024-01-18,5,3,Area-39,2
2024-01-18,5,3,Area-4,1
2024-01-18,5,3,Area-40,3
2024-01-18,5,3,Area-41,4
2024-01-18,5,3,Area-42,1
2024-01-18,5,3,Area-45,1
2024-01-18,5,3,Area-46,1
2024-01-18,5,3,Area-47,3
2024-01-18,5,3,Area-48,2
2024-01-18,5,3,Area-49,1
2024-01-18,5,3,Area-5,1
2024-01-18,5,3,Area-6,1
2024-01-18,5,3,Area-7,3
2024-01-18,5,3,Area-8,2
2024-01-18,5,3,Area-9,3
2024-01-18,6,3,Area-1,1
2024-01-18,6,3,Area-10,1
2024-01-18,6,3,Area-14,2
2024-01-18,6,3,Area-15,1
2024-01-18,6,3,Area-17,1
2024-01-18,6,3,Area-18,3
2024-01-18,6,3,Area-19,2
2024-01-18,6,3,Area-2,3
2024-01-18,6,3,Area-20,4
2024-01-18,6,3,Area-21,2
2024-01-18,6,3,Area-22,3
2024-01-18,6,3,Area-23,3
2024-01-18,6,3,Area-24,3
2024-01-18,6,3,Area-25,1
2024-01-18,6,3,Area-26,1
2024-01-18,6,3,Area-27,2
2024-01-18,6,3,Area-29,2
2024-01-18,6,3,Area-31,1
2024-01-18,6,3,Area-32,1
2024-01-18,6,3,Area-33,2
2024-01-18,6,3,Area-34,1
2024-01-18,6,3,Area-36,1
2024-01-18,6,3,Area-38,2
2024-01-18,6,3,Area-39,1
2024-01-18,6,3,Area-4,1
2024-01-18,6,3,Area-40,2
2024-01-18,6,3,Area-41,1
2024-01-18,6,3,Area-42,1
2024-01-18,6,3,Area-43,1
2024-01-18,6,3,Area-44,3
2024-01-18,6,3,Area-48,3
2024-01-18,6,3,Area-50,2
2024-01-18,6,3,Area-6,1
2024-01-18,6,3,Area-7,2
2024-01-18,6,3,Area-8,1
2024-01-18,6,3,Area-9,3
2024-01-18,7,3,Area-1,3
2024-01-18,7,3,Area-10,3
2024-01-18,7,3,Area-11,1
2024-01-18,7,3,Area-12,1
2024-01-18,7,3,Area-14,4
2024-01-18,7,3,Area-15,1
2024-01-18,7,3,Area-16,3
2024-01-18,7,3,Area-17,1
2024-01-18,7,3,Area-19,2
2024-01-18,7,3,Area-2,2
2024-01-18,7,3,Area-20,4
2024-01-18,7,3,Area-21,5
2024-01-18,7,3,Area-22,5
2024-01-18,7,3,Area-23,1
2024-01-18,7,3,Area-26,1
2024-01-18,7,3,Area-27,1
2024-01-18,7,3,Area-28,1
2024-01-18,7,3,Area-3,2
2024-01-18,7,3,Area-30,1
2024-01-18,7,3,Area-32,2
2024-01-18,7,3,Area-33,3
2024-01-18,7,3,Area-34,1
2024-01-18,7,3,Area-37,1
2024-01-18,7,3,Area-38,3
2024-01-18,7,3,Area-39,3
2024-01-18,7,3,Area-4,5
2024-01-18,7,3,Area-40,1
2024-01-18,7,3,Area-41,2
2024-01-18,7,3,Area-44,1
2024-01-18,7,3,Area-45,1
2024-01-18,7,3,Area-46,2
2024-01-18,7,3,Area-47,3
2024-01-18,7,3,Area-48,1
2024-01-18,7,3,Area-49,1
2024-01-18,7,3,Area-50,2
2024-01-18,7,3,Area-6,1
2024-01-18,7,3,Area-8,1
2024-01-18,7,3,Area-9,1
2024-01-18,8,3,Area-1,1
2024-01-18,8,3,Area-10,1
2024-01-18,8,3,Area-11,3
2024-01-18,8,3,Area-12,4
2024-01-18,8,3,Area-15,1
2024-01-18,8,3,Area-17,3
2024-01-18,8,3,Area-19,1
2024-01-18,8,3,Area-2,3
2024-01-18,8,3,Area-20,1
2024-01-18,8,3,Area-21,3
2024-01-18,8,3,Area-23,2
2024-01-18,8,3,Area-24,2
2024-01-18,8,3,Area-25,3
2024-01-18,8,3,Area-26,2
2024-01-18,8,3,Area-27,1
2024-01-18,8,3,Area-28,2
2024-01-18,8,3,Area-3,2
2024-01-18,8,3,Area-30,1
2024-01-18,8,3,Area-31,2
2024-01-18,8,3,Area-32,1
2024-01-18,8,3,Area-33,1
2024-01-18,8,3,Area-34,1
2024-01-18,8,3,Area-35,3
2024-01-18,8,3,Area-39,1
2024-01-18,8,3,Area-4,2
2024-01-18,8,3,Area-42,2
2024-01-18,8,3,Area-43,1
2024-01-18,8,3,Area-44,2
2024-01-18,8,3,Area-45,1
2024-01-18,8,3,Area-46,2
2024-01-18,8,3,Area-47,3
2024-01-18,8,3,Area-49,3
2024-01-18,8,3,Area-5,2
2024-01-18,8,3,Area-8,2
2024-01-18,8,3,Area-9,2
2024-01-18,9,3,Area-11,2
2024-01-18,9,3,Area-12,3
2024-01-18,9,3,Area-14,1
2024-01-18,9,3,Area-15,2
2024-01-18,9,3,Area-17,4
2024-01-18,9,3,Area-18,1
2024-01-18,9,3,Area-2,1
2024-01-18,9,3,Area-20,3
2024-01-18,9,3,Area-21,1
2024-01-18,9,3,Area-23,2
2024-01-18,9,3,Area-24,2
2024-01-18,9,3,Area-25,1
2024-01-18,9,3,Area-26,1
2024-01-18,9,3,Area-27,2
2024-01-18,9,3,Area-28,1
2024-01-18,9,3,Area-29,2
2024-01-18,9,3,Area-30,2
2024-01-18,9,3,Area-31,1
2024-01-18,9,3,Area-32,2
2024-01-18,9,3,Area-33,4
2024-01-18,9,3,Area-34,1
2024-01-18,9,3,Area-35,2
2024-01-18,9,3,Area-36,3
2024-01-18,9,3,Area-37,2
2024-01-18,9,3,Area-38,2
2024-01-18,9,3,Area-41,3
2024-01-18,9,3,Area-42,1
2024-01-18,9,3,Area-43,3
2024-01-18,9,3,Area-45,2
2024-01-18,9,3,Area-46,1
2024-01-18,9,3,Area-48,1
2024-01-18,9,3,Area-49,2
2024-01-18,9,3,Area-50,1
2024-01-18,9,3,Area-6,1
2024-01-18,9,3,Area-7,2
2024-01-18,9,3,Area-9,2
2024-01-18,10,3,Area-10,1
2024-01-18,10,3,Area-11,2
2024-01-18,10,3,Area-12,2
2024-01-18,10,3,Area-13,1
2024-01-18,10,3,Area-14,1
2024-01-18,10,3,Area-15,3
2024-01-18,10,3,Area-16,1
2024-01-18,10,3,Area-17,2
2024-01-18,10,3,Area-18,2
2024-01-18,10,3,Area-19,1
2024-01-18,10,3,Area-2,1
2024-01-18,10,3,Area-20,1
2024-01-18,10,3,Area-21,2
2024-01-18,10,3,Area-22,1
2024-01-18,10,3,Area-23,4
2024-01-18,10,3,Area-24,2
2024-01-18,10,3,Area-27,1
2024-01-18,10,3,Area-28,2
2024-01-18,10,3,Area-3,1
2024-01-18,10,3,Area-31,2
2024-01-18,10,3,Area-32,5
2024-01-18,10,3,Area-33,1
2024-01-18,10,3,Area-34,1
2024-01-18,10,3,Area-37,1
2024-01-18,10,3,Area-38,1
2024-01-18,10,3,Area-39,2
2024-01-18,10,3,Area-4,2
2024-01-18,10,3,Area-40,2
2024-01-18,10,3,Area-41,3
2024-01-18,10,3,Area-42,2
2024-01-18,10,3,Area-44,2
2024-01-18,10,3,Area-45,2
2024-01-18,10,3,Area-46,2
2024-01-18,10,3,Area-48,1
2024-01-18,10,3,Area-49,1
2024-01-18,10,3,Area-5,1
2024-01-18,10,3,Area-50,3
2024-01-18,10,3,Area-6,1
2024-01-18,10,3,Area-7,2
2024-01-18,10,3,Area-8,2
2024-01-18,10,3,Area-9,1
2024-01-18,11,3,Area-1,3
2024-01-18,11,3,Area-10,1
2024-01-18,11,3,Area-12,4
2024-01-18,11,3,Area-14,1
2024-01-18,11,3,Area-15,1
2024-01-18,11,3,Area-17,1
2024-01-18,11,3,Area-19,2
2024-01-18,11,3,Area-2,1
2024-01-18,11,3,Area-20,1
2024-01-18,11,3,Area-22,1
2024-01-18,11,3,Area-24,1
2024-01-18,11,3,Area-25,4
2024-01-18,11,3,Area-26,7
2024-01-18,11,3,Area-27,3
2024-01-18,11,3,Area-29,2
2024-01-18,11,3,Area-30,1
2024-01-18,11,3,Area-31,2
2024-01-18,11,3,Area-34,1
2024-01-18,11,3,Area-37,3
2024-01-18,11,3,Area-38,2
2024-01-18,11,3,Area-39,1
2024-01-18,11,3,Area-4,2
2024-01-18,11,3,Area-40,3
2024-01-18,11,3,Area-41,1
2024-01-18,11,3,Area-42,2
2024-01-18,11,3,Area-43,2
2024-01-18,11,3,Area-44,3
2024-01-18,11,3,Area-45,2
2024-01-18,11,3,Area-46,1
2024-01-18,11,3,Area-47,1
2024-01-18,11,3,Area-48,2
2024-01-18,11,3,Area-5,1
2024-01-18,11,3,Area-6,2
2024-01-18,11,3,Area-8,1
2024-01-18,12,3,Area-10,2
2024-01-18,12,3,Area-11,2
2024-01-18,12,3,Area-12,1
2024-01-18,12,3,Area-13,1
2024-01-18,12,3,Area-14,1
2024-01-18,12,3,Area-15,1
2024-01-18,12,3,Area-16,1
2024-01-18,12,3,Area-17,1
2024-01-18,12,3,Area-19,1
2024-01-18,12,3,Area-2,3
2024-01-18,12,3,Area-20,3
2024-01-18,12,3,Area-21,1
2024-01-18,12,3,Area-26,2
2024-01-18,12,3,Area-28,1
2024-01-18,12,3,Area-29,2
2024-01-18,12,3,Area-3,3
2024-01-18,12,3,Area-30,2
2024-01-18,12,3,Area-32,2
2024-01-18,12,3,Area-33,3
2024-01-18,12,3,Area-34,2
2024-01-18,12,3,Area-36,3
2024-01-18,12,3,Area-37,2
2024-01-18,12,3,Area-39,1
2024-01-18,12,3,Area-4,1
2024-01-18,12,3,Area-40,1
2024-01-18,12,3,Area-41,2
2024-01-18,12,3,Area-42,1
2024-01-18,12,3,Area-43,4
2024-01-18,12,3,Area-44,3
2024-01-18,12,3,Area-45,1
2024-01-18,12,3,Area-47,1
2024-01-18,12,3,Area-48,1
2024-01-18,12,3,Area-49,2
2024-01-18,12,3,Area-50,1
2024-01-18,12,3,Area-6,5
2024-01-18,12,3,Area-7,1
2024-01-18,12,3,Area-8,1
2024-01-18,12,3,Area-9,3
2024-01-18,13,3,Area-10,2
2024-01-18,13,3,Area-11,3
2024-01-18,13,3,Area-12,1
2024-01-18,13,3,Area-13,3
2024-01-18,13,3,Area-14,1
2024-01-18,13,3,Area-15,4
2024-01-18,13,3,Area-16,1
2024-01-18,13,3,Area-17,1
2024-01-18,13,3,Area-19,2
2024-01-18,13,3,Area-20,3
2024-01-18,13,3,Area-21,3
2024-01-18,13,3,Area-22,1
2024-01-18,13,3,Area-23,1
2024-01-18,13,3,Area-24,1
2024-01-18,13,3,Area-25,1
2024-01-18,13,3,Area-26,1
2024-01-18,13,3,Area-27,2
2024-01-18,13,3,Area-28,3
2024-01-18,13,3,Area-3,1
2024-01-18,13,3,Area-30,1
2024-01-18,13,3,Area-33,1
2024-01-18,13,3,Area-34,2
2024-01-18,13,3,Area-35,2
2024-01-18,13,3,Area-36,1
2024-01-18,13,3,Area-37,2
2024-01-18,13,3,Area-38,2
2024-01-18,13,3,Area-39,2
2024-01-18,13,3,Area-4,2
2024-01-18,13,3,Area-40,2
2024-01-18,13,3,Area-41,1
2024-01-18,13,3,Area-44,1
2024-01-18,13,3,Area-47,1
2024-01-18,13,3,Area-49,1
2024-01-18,13,3,Area-5,1
2024-01-18,13,3,Area-7,2
2024-01-18,13,3,Area-9,1
2024-01-18,14,3,Area-1,2
2024-01-18,14,3,Area-10,2
2024-01-18,14,3,Area-11,1
2024-01-18,14,3,Area-12,2
2024-01-18,14,3,Area-14,1
2024-01-18,14,3,Area-15,2
2024-01-18,14,3,Area-16,1
2024-01-18,14,3,Area-17,4
2024-01-18,14,3,Area-21,1
2024-01-18,14,3,Area-23,1
2024-01-18,14,3,Area-25,2
2024-01-18,14,3,Area-26,2
2024-01-18,14,3,Area-27,2
2024-01-18,14,3,Area-28,1
2024-01-18,14,3,Area-29,1
2024-01-18,14,3,Area-30,1
2024-01-18,14,3,Area-31,1
2024-01-18,14,3,Area-32,1
2024-01-18,14,3,Area-33,2
2024-01-18,14,3,Area-34,1
2024-01-18,14,3,Area-35,3
2024-01-18,14,3,Area-36,1
2024-01-18,14,3,Area-38,1
2024-01-18,14,3,Area-39,4
2024-01-18,14,3,Area-4,1
2024-01-18,14,3,Area-40,2
2024-01-18,14,3,Area-41,2
2024-01-18,14,3,Area-42,1
2024-01-18,14,3,Area-43,3
2024-01-18,14,3,Area-44,2
2024-01-18,14,3,Area-45,3
2024-01-18,14,3,Area-46,2
2024-01-18,14,3,Area-47,1
2024-01-18,14,3,Area-48,2
2024-01-18,14,3,Area-49,2
2024-01-18,14,3,Area-5,4
2024-01-18,14,3,Area-50,2
2024-01-18,14,3,Area-6,1
2024-01-18,14,3,Area-8,3
2024-01-18,15,3,Area-1,1
2024-01-18,15,3,Area-11,2
2024-01-18,15,3,Area-12,2
2024-01-18,15,3,Area-14,1
2024-01-18,15,3,Area-15,2
2024-01-18,15,3,Area-16,2
2024-01-18,15,3,Area-18,1
2024-01-18,15,3,Area-19,1
2024-01-18,15,3,Area-2,2
2024-01-18,15,3,Area-20,1
2024-01-18,15,3,Area-21,1
2024-01-18,15,3,Area-22,3
2024-01-18,15,3,Area-23,1
2024-01-18,15,3,Area-24,4
2024-01-18,15,3,Area-25,3
2024-01-18,15,3,Area-26,4
2024-01-18,15,3,Area-27,3
2024-01-18,15,3,Area-28,2
2024-01-18,15,3,Area-29,3
2024-01-18,15,3,Area-30,2
2024-01-18,15,3,Area-31,2
2024-01-18,15,3,Area-34,6
2024-01-18,15,3,Area-35,2
2024-01-18,15,3,Area-36,2
2024-01-18,15,3,Area-37,5
2024-01-18,15,3,Area-38,2
2024-01-18,15,3,Area-39,2
2024-01-18,15,3,Area-40,2
2024-01-18,15,3,Area-43,3
2024-01-18,15,3,Area-44,1
2024-01-18,15,3,Area-45,5
2024-01-18,15,3,Area-46,1
2024-01-18,15,3,Area-47,2
2024-01-18,15,3,Area-48,2
2024-01-18,15,3,Area-49,2
2024-01-18,15,3,Area-5,1
2024-01-18,15,3,Area-6,2
2024-01-18,15,3,Area-8,2
2024-01-18,15,3,Area-9,3
2024-01-18,16,3,Area-1,3
2024-01-18,16,3,Area-11,1
2024-01-18,16,3,Area-12,3
2024-01-18,16,3,Area-13,1
2024-01-18,16,3,Area-14,3
2024-01-18,16,3,Area-15,1
2024-01-18,16,3,Area-16,1
2024-01-18,16,3,Area-17,3
2024-01-18,16,3,Area-18,2
2024-01-18,16,3,Area-20,1
2024-01-18,16,3,Area-21,1
2024-01-18,16,3,Area-23,1
2024-01-18,16,3,Area-24,2
2024-01-18,16,3,Area-26,1
2024-01-18,16,3,Area-28,3
2024-01-18,16,3,Area-3,1
2024-01-18,16,3,Area-31,1
2024-01-18,16,3,Area-32,3
2024-01-18,16,3,Area-33,1
2024-01-18,16,3,Area-34,3
2024-01-18,16,3,Area-35,2
2024-01-18,16,3,Area-36,4
2024-01-18,16,3,Area-37,1
2024-01-18,16,3,Area-38,1
2024-01-18,16,3,Area-39,2
2024-01-18,16,3,Area-40,1
2024-01-18,16,3,Area-41,2
2024-01-18,16,3,Area-43,3
2024-01-18,16,3,Area-44,3
2024-01-18,16,3,Area-45,3
2024-01-18,16,3,Area-46,1
2024-01-18,16,3,Area-47,2
2024-01-18,16,3,Area-48,2
2024-01-18,16,3,Area-49,2
2024-01-18,16,3,Area-5,1
2024-01-18,16,3,Area-6,1
2024-01-18,16,3,Area-9,2
2024-01-18,17,3,Area-1,2
2024-01-18,17,3,Area-10,1
2024-01-18,17,3,Area-11,4
2024-01-18,17,3,Area-12,2
2024-01-18,17,3,Area-13,2
2024-01-18,17,3,Area-14,2
2024-01-18,17,3,Area-15,1
2024-01-18,17,3,Area-16,2
2024-01-18,17,3,Area-2,2
2024-01-18,17,3,Area-20,1
2024-01-18,17,3,Area-21,2
2024-01-18,17,3,Area-22,2
2024-01-18,17,3,Area-24,2
2024-01-18,17,3,Area-25,4
2024-01-18,17,3,Area-27,1
2024-01-18,17,3,Area-28,1
2024-01-18,17,3,Area-29,1
2024-01-18,17,3,Area-3,2
2024-01-18,17,3,Area-30,2
2024-01-18,17,3,Area-31,1
2024-01-18,17,3,Area-32,1
2024-01-18,17,3,Area-33,2
2024-01-18,17,3,Area-34,2
2024-01-18,17,3,Area-35,4
2024-01-18,17,3,Area-37,1
2024-01-18,17,3,Area-39,1
2024-01-18,17,3,Area-4,1
2024-01-18,17,3,Area-40,2
2024-01-18,17,3,Area-41,1
2024-01-18,17,3,Area-42,1
2024-01-18,17,3,Area-44,1
2024-01-18,17,3,Area-47,1
2024-01-18,17,3,Area-48,3
2024-01-18,17,3,Area-49,1
2024-01-18,17,3,Area-50,2
2024-01-18,17,3,Area-6,4
2024-01-18,17,3,Area-8,2
2024-01-18,17,3,Area-9,1
2024-01-18,18,3,Area-1,1
2024-01-18,18,3,Area-10,4
2024-01-18,18,3,Area-11,3
2024-01-18,18,3,Area-12,2
2024-01-18,18,3,Area-14,1
2024-01-18,18,3,Area-15,3
2024-01-18,18,3,Area-16,1
2024-01-18,18,3,Area-17,1
2024-01-18,18,3,Area-18,1
2024-01-18,18,3,Area-19,3
2024-01-18,18,3,Area-2,1
2024-01-18,18,3,Area-20,1
2024-01-18,18,3,Area-21,1
2024-01-18,18,3,Area-22,1
2024-01-18,18,3,Area-23,1
2024-01-18,18,3,Area-24,2
2024-01-18,18,3,Area-26,1
2024-01-18,18,3,Area-27,1
2024-01-18,18,3,Area-29,1
2024-01-18,18,3,Area-30,2
2024-01-18,18,3,Area-31,4
2024-01-18,18,3,Area-32,1
2024-01-18,18,3,Area-33,1
2024-01-18,18,3,Area-35,2
2024-01-18,18,3,Area-36,3
2024-01-18,18,3,Area-38,2
2024-01-18,18,3,Area-4,2
2024-01-18,18,3,Area-40,1
2024-01-18,18,3,Area-41,4
2024-01-18,18,3,Area-43,1
2024-01-18,18,3,Area-44,3
2024-01-18,18,3,Area-46,2
2024-01-18,18,3,Area-47,1
2024-01-18,18,3,Area-48,2
2024-01-18,18,3,Area-49,2
2024-01-18,18,3,Area-5,3
2024-01-18,18,3,Area-50,1
2024-01-18,18,3,Area-6,1
2024-01-18,18,3,Area-7,1
2024-01-18,18,3,Area-9,1
2024-01-18,19,3,Area-1,4
2024-01-18,19,3,Area-10,3
2024-01-18,19,3,Area-11,3
2024-01-18,19,3,Area-13,3
2024-01-18,19,3,Area-14,1
2024-01-18,19,3,Area-15,2
2024-01-18,19,3,Area-16,2
2024-01-18,19,3,Area-18,2
2024-01-18,19,3,Area-2,1
2024-01-18,19,3,Area-20,2
2024-01-18,19,3,Area-22,2
2024-01-18,19,3,Area-23,2
2024-01-18,19,3,Area-24,2
2024-01-18,19,3,Area-26,1
2024-01-18,19,3,Area-27,1
2024-01-18,19,3,Area-28,1
2024-01-18,19,3,Area-29,2
2024-01-18,19,3,Area-3,1
2024-01-18,19,3,Area-30,1
2024-01-18,19,3,Area-31,1
2024-01-18,19,3,Area-32,3
2024-01-18,19,3,Area-33,1
2024-01-18,19,3,Area-35,1
2024-01-18,19,3,Area-36,2
2024-01-18,19,3,Area-37,1
2024-01-18,19,3,Area-39,1
2024-01-18,19,3,Area-4,1
2024-01-18,19,3,Area-41,2
2024-01-18,19,3,Area-42,3
2024-01-18,19,3,Area-44,2
2024-01-18,19,3,Area-45,2
2024-01-18,19,3,Area-46,2
2024-01-18,19,3,Area-48,2
2024-01-18,19,3,Area-50,1
2024-01-18,19,3,Area-6,1
2024-01-18,19,3,Area-7,1
2024-01-18,19,3,Area-8,3
2024-01-18,19,3,Area-9,1
2024-01-18,20,3,Area-1,1
2024-01-18,20,3,Area-10,1
2024-01-18,20,3,Area-11,4
2024-01-18,20,3,Area-12,1
2024-01-18,20,3,Area-13,2
2024-01-18,20,3,Area-14,1
2024-01-18,20,3,Area-15,1
2024-01-18,20,3,Area-16,1
2024-01-18,20,3,Area-18,1
2024-01-18,20,3,Area-19,5
2024-01-18,20,3,Area-2,2
2024-01-18,20,3,Area-20,3
2024-01-18,20,3,Area-22,1
2024-01-18,20,3,Area-24,3
2024-01-18,20,3,Area-26,1
2024-01-18,20,3,Area-27,1
2024-01-18,20,3,Area-28,2
2024-01-18,20,3,Area-29,2
2024-01-18,20,3,Area-30,3
2024-01-18,20,3,Area-33,1
2024-01-18,20,3,Area-34,1
2024-01-18,20,3,Area-35,1
2024-01-18,20,3,Area-37,1
2024-01-18,20,3,Area-39,1
2024-01-18,20,3,Area-41,3
2024-01-18,20,3,Area-42,2
2024-01-18,20,3,Area-43,1
2024-01-18,20,3,Area-44,2
2024-01-18,20,3,Area-45,1
2024-01-18,20,3,Area-46,2
2024-01-18,20,3,Area-47,1
2024-01-18,20,3,Area-5,1
2024-01-18,20,3,Area-7,1
2024-01-18,20,3,Area-8,1
2024-01-18,20,3,Area-9,2
2024-01-18,21,3,Area-1,1
2024-01-18,21,3,Area-10,2
2024-01-18,21,3,Area-11,5
2024-01-18,21,3,Area-12,1
2024-01-18,21,3,Area-13,3
2024-01-18,21,3,Area-16,1
2024-01-18,21,3,Area-18,1
2024-01-18,21,3,Area-19,1
2024-01-18,21,3,Area-2,3
2024-01-18,21,3,Area-20,2
2024-01-18,21,3,Area-21,3
2024-01-18,21,3,Area-22,2
2024-01-18,21,3,Area-23,2
2024-01-18,21,3,Area-24,3
2024-01-18,21,3,Area-25,1
2024-01-18,21,3,Area-27,1
2024-01-18,21,3,Area-28,1
2024-01-18,21,3,Area-29,4
2024-01-18,21,3,Area-30,1
2024-01-18,21,3,Area-31,3
2024-01-18,21,3,Area-32,2
2024-01-18,21,3,Area-33,3
2024-01-18,21,3,Area-34,1
2024-01-18,21,3,Area-35,1
2024-01-18,21,3,Area-37,1
2024-01-18,21,3,Area-39,1
2024-01-18,21,3,Area-4,1
2024-01-18,21,3,Area-40,2
2024-01-18,21,3,Area-41,1
2024-01-18,21,3,Area-43,2
2024-01-18,21,3,Area-44,1
2024-01-18,21,3,Area-45,2
2024-01-18,21,3,Area-46,1
2024-01-18,21,3,Area-48,2
2024-01-18,21,3,Area-49,1
2024-01-18,21,3,Area-5,3
2024-01-18,21,3,Area-50,1
2024-01-18,21,3,Area-6,1
2024-01-18,21,3,Area-7,1
2024-01-18,21,3,Area-8,2
2024-01-18,21,3,Area-9,1
2024-01-18,22,3,Area-1,2
2024-01-18,22,3,Area-10,1
2024-01-18,22,3,Area-12,2
2024-01-18,22,3,Area-13,1
2024-01-18,22,3,Area-14,1
2024-01-18,22,3,Area-15,2
2024-01-18,22,3,Area-16,2
2024-01-18,22,3,Area-18,3
2024-01-18,22,3,Area-19,1
2024-01-18,22,3,Area-20,1
2024-01-18,22,3,Area-21,2
2024-01-18,22,3,Area-22,1
2024-01-18,22,3,Area-23,3
2024-01-18,22,3,Area-24,2
2024-01-18,22,3,Area-27,1
2024-01-18,22,3,Area-28,2
2024-01-18,22,3,Area-29,1
2024-01-18,22,3,Area-30,2
2024-01-18,22,3,Area-32,1
2024-01-18,22,3,Area-34,1
2024-01-18,22,3,Area-36,1
2024-01-18,22,3,Area-37,2
2024-01-18,22,3,Area-38,1
2024-01-18,22,3,Area-39,2
2024-01-18,22,3,Area-40,1
2024-01-18,22,3,Area-41,2
2024-01-18,22,3,Area-42,1
2024-01-18,22,3,Area-43,1
2024-01-18,22,3,Area-44,1
2024-01-18,22,3,Area-45,3
2024-01-18,22,3,Area-47,4
2024-01-18,22,3,Area-48,1
2024-01-18,22,3,Area-49,1
2024-01-18,22,3,Area-5,2
2024-01-18,22,3,Area-50,2
2024-01-18,22,3,Area-6,3
2024-01-18,22,3,Area-7,1
2024-01-18,22,3,Area-9,2
2024-01-18,23,3,Area-1,4
2024-01-18,23,3,Area-10,1
2024-01-18,23,3,Area-11,1
2024-01-18,23,3,Area-13,1
2024-01-18,23,3,Area-14,1
2024-01-18,23,3,Area-15,2
2024-01-18,23,3,Area-16,6
2024-01-18,23,3,Area-17,3
2024-01-18,23,3,Area-18,1
2024-01-18,23,3,Area-19,2
2024-01-18,23,3,Area-21,2
2024-01-18,23,3,Area-22,2
2024-01-18,23,3,Area-23,2
2024-01-18,23,3,Area-24,1
2024-01-18,23,3,Area-26,1
2024-01-18,23,3,Area-28,1
2024-01-18,23,3,Area-29,1
2024-01-18,23,3,Area-3,2
2024-01-18,23,3,Area-31,1
2024-01-18,23,3,Area-32,2
2024-01-18,23,3,Area-35,1
2024-01-18,23,3,Area-37,2
2024-01-18,23,3,Area-38,1
2024-01-18,23,3,Area-4,1
2024-01-18,23,3,Area-40,2
2024-01-18,23,3,Area-42,4
2024-01-18,23,3,Area-43,2
2024-01-18,23,3,Area-44,3
2024-01-18,23,3,Area-46,3
2024-01-18,23,3,Area-47,1
2024-01-18,23,3,Area-48,1
2024-01-18,23,3,Area-49,1
2024-01-18,23,3,Area-5,1
2024-01-18,23,3,Area-6,3
2024-01-18,23,3,Area-8,1
2024-01-18,23,3,Area-9,2
2024-01-19,0,4,Area-1,3
2024-01-19,0,4,Area-10,1
2024-01-19,0,4,Area-11,1
2024-01-19,0,4,Area-12,1
2024-01-19,0,4,Area-13,5
2024-01-19,0,4,Area-15,2
2024-01-19,0,4,Area-17,1
2024-01-19,0,4,Area-18,1
2024-01-19,0,4,Area-19,2
2024-01-19,0,4,Area-2,1
2024-01-19,0,4,Area-21,3
2024-01-19,0,4,Area-22,3
2024-01-19,0,4,Area-27,1
2024-01-19,0,4,Area-28,2
2024-01-19,0,4,Area-3,2
2024-01-19,0,4,Area-32,1
2024-01-19,0,4,Area-33,1
2024-01-19,0,4,Area-34,1
2024-01-19,0,4,Area-35,3
2024-01-19,0,4,Area-36,4
2024-01-19,0,4,Area-37,2
2024-01-19,0,4,Area-39,1
2024-01-19,0,4,Area-4,2
2024-01-19,0,4,Area-42,2
2024-01-19,0,4,Area-43,1
2024-01-19,0,4,Area-44,1
2024-01-19,0,4,Area-46,1
2024-01-19,0,4,Area-47,2
2024-01-19,0,4,Area-48,1
2024-01-19,0,4,Area-49,1
2024-01-19,0,4,Area-5,2
2024-01-19,0,4,Area-6,2
2024-01-19,0,4,Area-7,1
2024-01-19,0,4,Area-8,2
2024-01-19,0,4,Area-9,2
2024-01-19,1,4,Area-1,1
2024-01-19,1,4,Area-10,4
2024-01-19,1,4,Area-12,2
2024-01-19,1,4,Area-13,3
2024-01-19,1,4,Area-15,2
2024-01-19,1,4,Area-16,1
2024-01-19,1,4,Area-17,1
2024-01-19,1,4,Area-18,2
2024-01-19,1,4,Area-23,3
2024-01-19,1,4,Area-25,1
2024-01-19,1,4,Area-27,2
2024-01-19,1,4,Area-29,2
2024-01-19,1,4,Area-3,2
2024-01-19,1,4,Area-30,1
2024-01-19,1,4,Area-33,1
2024-01-19,1,4,Area-34,2
2024-01-19,1,4,Area-35,1
2024-01-19,1,4,Area-36,1
2024-01-19,1,4,Area-37,1
2024-01-19,1,4,Area-38,1
2024-01-19,1,4,Area-39,3
2024-01-19,1,4,Area-4,2
2024-01-19,1,4,Area-41,2
2024-01-19,1,4,Area-42,2
2024-01-19,1,4,Area-43,4
2024-01-19,1,4,Area-45,1
2024-01-19,1,4,Area-46,2
2024-01-19,1,4,Area-47,5
2024-01-19,1,4,Area-48,2
2024-01-19,1,4,Area-49,3
2024-01-19,1,4,Area-5,6
2024-01-19,1,4,Area-50,2
2024-01-19,1,4,Area-6,1
2024-01-19,1,4,Area-7,1
2024-01-19,1,4,Area-8,3
2024-01-19,1,4,Area-9,3
2024-01-19,2,4,Area-10,2
2024-01-19,2,4,Area-13,2
2024-01-19,2,4,Area-14,2
2024-01-19,2,4,Area-15,1
2024-01-19,2,4,Area-17,4
2024-01-19,2,4,Area-19,4
2024-01-19,2,4,Area-2,1
2024-01-19,2,4,Area-20,1
2024-01-19,2,4,Area-21,1
2024-01-19,2,4,Area-22,1
2024-01-19,2,4,Area-23,1
2024-01-19,2,4,Area-24,1
2024-01-19,2,4,Area-25,1
2024-01-19,2,4,Area-26,3
2024-01-19,2,4,Area-27,1
2024-01-19,2,4,Area-28,1
2024-01-19,2,4,Area-29,2
2024-01-19,2,4,Area-3,1
2024-01-19,2,4,Area-30,2
2024-01-19,2,4,Area-31,1
2024-01-19,2,4,Area-34,1
2024-01-19,2,4,Area-39,1
2024-01-19,2,4,Area-40,3
2024-01-19,2,4,Area-41,2
2024-01-19,2,4,Area-42,3
2024-01-19,2,4,Area-43,1
2024-01-19,2,4,Area-44,2
2024-01-19,2,4,Area-45,2
2024-01-19,2,4,Area-46,3
2024-01-19,2,4,Area-47,2
2024-01-19,2,4,Area-48,2
2024-01-19,2,4,Area-49,2
2024-01-19,2,4,Area-5,1
2024-01-19,2,4,Area-50,1
2024-01-19,2,4,Area-6,1
2024-01-19,2,4,Area-8,3
2024-01-19,2,4,Area-9,3
2024-01-19,3,4,Area-1,1
2024-01-19,3,4,Area-10,1
2024-01-19,3,4,Area-11,1
2024-01-19,3,4,Area-12,4
2024-01-19,3,4,Area-13,2
2024-01-19,3,4,Area-14,1
2024-01-19,3,4,Area-15,2
2024-01-19,3,4,Area-16,4
2024-01-19,3,4,Area-18,1
2024-01-19,3,4,Area-19,1
2024-01-19,3,4,Area-2,2
2024-01-19,3,4,Area-20,1
2024-01-19,3,4,Area-21,5
2024-01-19,3,4,Area-22,3
2024-01-19,3,4,Area-23,1
2024-01-19,3,4,Area-24,3
2024-01-19,3,4,Area-25,2
2024-01-19,3,4,Area-26,1
2024-01-19,3,4,Area-27,3
2024-01-19,3,4,Area-28,3
2024-01-19,3,4,Area-29,1
2024-01-19,3,4,Area-3,2
2024-01-19,3,4,Area-30,1
2024-01-19,3,4,Area-31,2
2024-01-19,3,4,Area-33,4
2024-01-19,3,4,Area-34,2
2024-01-19,3,4,Area-35,1
2024-01-19,3,4,Area-36,2
2024-01-19,3,4,Area-37,1
2024-01-19,3,4,Area-38,3
2024-01-19,3,4,Area-39,2
2024-01-19,3,4,Area-43,1
2024-01-19,3,4,Area-44,1
2024-01-19,3,4,Area-45,3
2024-01-19,3,4,Area-46,1
2024-01-19,3,4,Area-47,3
2024-01-19,3,4,Area-48,1
2024-01-19,3,4,Area-49,1
2024-01-19,3,4,Area-5,2
2024-01-19,3,4,Area-50,1
2024-01-19,3,4,Area-6,1
2024-01-19,3,4,Area-7,2
2024-01-19,3,4,Area-8,3
2024-01-19,3,4,Area-9,2
2024-01-19,4,4,Area-1,2
2024-01-19,4,4,Area-10,6
2024-01-19,4,4,Area-11,2
2024-01-19,4,4,Area-12,1
2024-01-19,4,4,Area-13,4
2024-01-19,4,4,Area-14,1
2024-01-19,4,4,Area-16,2
2024-01-19,4,4,Area-17,2
2024-01-19,4,4,Area-19,1
2024-01-19,4,4,Area-2,1
2024-01-19,4,4,Area-20,1
2024-01-19,4,4,Area-21,2
2024-01-19,4,4,Area-22,1
2024-01-19,4,4,Area-23,2
2024-01-19,4,4,Area-25,1
2024-01-19,4,4,Area-26,1
2024-01-19,4,4,Area-28,1
2024-01-19,4,4,Area-29,1
2024-01-19,4,4,Area-3,3
2024-01-19,4,4,Area-31,3
2024-01-19,4,4,Area-33,1
2024-01-19,4,4,Area-35,2
2024-01-19,4,4,Area-36,2
2024-01-19,4,4,Area-37,3
2024-01-19,4,4,Area-38,2
2024-01-19,4,4,Area-39,4
2024-01-19,4,4,Area-4,1
2024-01-19,4,4,Area-41,2
2024-01-19,4,4,Area-43,1
2024-01-19,4,4,Area-44,2
2024-01-19,4,4,Area-45,1
2024-01-19,4,4,Area-46,2
2024-01-19,4,4,Area-47,2
2024-01-19,4,4,Area-48,1
2024-01-19,4,4,Area-5,1
2024-01-19,4,4,Area-50,3
2024-01-19,4,4,Area-7,2
2024-01-19,4,4,Area-8,1
2024-01-19,4,4,Area-9,4
2024-01-19,5,4,Area-1,3
2024-01-19,5,4,Area-10,1
2024-01-19,5,4,Area-11,2
2024-01-19,5,4,Area-12,1
2024-01-19,5,4,Area-13,1
2024-01-19,5,4,Area-14,4
2024-01-19,5,4,Area-17,2
2024-01-19,5,4,Area-18,2
2024-01-19,5,4,Area-19,3
2024-01-19,5,4,Area-2,2
2024-01-19,5,4,Area-20,2
2024-01-19,5,4,Area-22,2
2024-01-19,5,4,Area-23,3
2024-01-19,5,4,Area-24,3
2024-01-19,5,4,Area-25,2
2024-01-19,5,4,Area-26,1
2024-01-19,5,4,Area-27,1
2024-01-19,5,4,Area-29,3
2024-01-19,5,4,Area-31,1
2024-01-19,5,4,Area-32,3
2024-01-19,5,4,Area-34,3
2024-01-19,5,4,Area-35,3
2024-01-19,5,4,Area-37,2
2024-01-19,5,4,Area-38,1
2024-01-19,5,4,Area-4,1
2024-01-19,5,4,Area-41,5
2024-01-19,5,4,Area-42,3
2024-01-19,5,4,Area-43,2
2024-01-19,5,4,Area-44,1
2024-01-19,5,4,Area-46,1
2024-01-19,5,4,Area-48,5
2024-01-19,5,4,Area-6,3
2024-01-19,5,4,Area-7,1
2024-01-19,5,4,Area-9,3
2024-01-19,6,4,Area-1,1
2024-01-19,6,4,Area-10,1
2024-01-19,6,4,Area-11,2
2024-01-19,6,4,Area-12,1
2024-01-19,6,4,Area-13,1
2024-01-19,6,4,Area-14,1
2024-01-19,6,4,Area-15,2
2024-01-19,6,4,Area-16,2
2024-01-19,6,4,Area-17,1
2024-01-19,6,4,Area-2,2
2024-01-19,6,4,Area-20,4
2024-01-19,6,4,Area-21,1
2024-01-19,6,4,Area-23,1
2024-01-19,6,4,Area-24,2
2024-01-19,6,4,Area-25,1
2024-01-19,6,4,Area-26,1
2024-01-19,6,4,Area-28,2
2024-01-19,6,4,Area-29,1
2024-01-19,6,4,Area-3,1
2024-01-19,6,4,Area-30,2
2024-01-19,6,4,Area-32,1
2024-01-19,6,4,Area-34,2
2024-01-19,6,4,Area-37,3
2024-01-19,6,4,Area-38,5
2024-01-19,6,4,Area-39,3
2024-01-19,6,4,Area-4,2
2024-01-19,6,4,Area-40,2
2024-01-19,6,4,Area-41,1
2024-01-19,6,4,Area-42,4
2024-01-19,6,4,Area-44,1
2024-01-19,6,4,Area-45,2
2024-01-19,6,4,Area-46,1
2024-01-19,6,4,Area-47,3
2024-01-19,6,4,Area-48,2
2024-01-19,6,4,Area-49,3
2024-01-19,6,4,Area-5,1
2024-01-19,6,4,Area-50,1
2024-01-19,6,4,Area-7,1
2024-01-19,6,4,Area-8,3
2024-01-19,6,4,Area-9,2
2024-01-19,7,4,Area-1,1
2024-01-19,7,4,Area-12,1
2024-01-19,7,4,Area-13,1
2024-01-19,7,4,Area-15,2
2024-01-19,7,4,Area-16,1
2024-01-19,7,4,Area-20,1
2024-01-19,7,4,Area-21,3
2024-01-19,7,4,Area-22,1
2024-01-19,7,4,Area-23,4
2024-01-19,7,4,Area-24,1
2024-01-19,7,4,Area-26,1
2024-01-19,7,4,Area-28,1
2024-01-19,7,4,Area-29,3
2024-01-19,7,4,Area-30,1
2024-01-19,7,4,Area-31,4
2024-01-19,7,4,Area-32,1
2024-01-19,7,4,Area-33,1
2024-01-19,7,4,Area-34,1
2024-01-19,7,4,Area-35,1
2024-01-19,7,4,Area-38,6
2024-01-19,7,4,Area-39,2
2024-01-19,7,4,Area-4,2
2024-01-19,7,4,Area-40,1
2024-01-19,7,4,Area-41,1
2024-01-19,7,4,Area-43,2
2024-01-19,7,4,Area-45,3
2024-01-19,7,4,Area-46,1
2024-01-19,7,4,Area-47,2
2024-01-19,7,4,Area-49,2
2024-01-19,7,4,Area-50,2
2024-01-19,7,4,Area-9,1
2024-01-19,8,4,Area-1,1
2024-01-19,8,4,Area-10,2
2024-01-19,8,4,Area-11,2
2024-01-19,8,4,Area-18,2
2024-01-19,8,4,Area-19,1
2024-01-19,8,4,Area-2,3
2024-01-19,8,4,Area-20,6
2024-01-19,8,4,Area-21,2
2024-01-19,8,4,Area-22,1
2024-01-19,8,4,Area-23,1
2024-01-19,8,4,Area-24,1
2024-01-19,8,4,Area-25,5
2024-01-19,8,4,Area-26,1
2024-01-19,8,4,Area-28,2
2024-01-19,8,4,Area-29,2
2024-01-19,8,4,Area-30,2
2024-01-19,8,4,Area-31,1
2024-01-19,8,4,Area-33,2
2024-01-19,8,4,Area-34,2
2024-01-19,8,4,Area-35,1
2024-01-19,8,4,Area-36,4
2024-01-19,8,4,Area-37,1
2024-01-19,8,4,Area-39,1
2024-01-19,8,4,Area-40,3
2024-01-19,8,4,Area-41,1
2024-01-19,8,4,Area-42,2
2024-01-19,8,4,Area-43,2
2024-01-19,8,4,Area-46,4
2024-01-19,8,4,Area-47,1
2024-01-19,8,4,Area-48,1
2024-01-19,8,4,Area-49,1
2024-01-19,8,4,Area-50,2
2024-01-19,8,4,Area-7,2
2024-01-19,8,4,Area-8,2
2024-01-19,8,4,Area-9,1
2024-01-19,9,4,Area-1,2
2024-01-19,9,4,Area-10,2
2024-01-19,9,4,Area-11,3
2024-01-19,9,4,Area-12,2
2024-01-19,9,4,Area-13,1
2024-01-19,9,4,Area-14,2
2024-01-19,9,4,Area-15,1
2024-01-19,9,4,Area-16,3
2024-01-19,9,4,Area-17,2
2024-01-19,9,4,Area-19,1
2024-01-19,9,4,Area-21,1
2024-01-19,9,4,Area-22,2
2024-01-19,9,4,Area-24,2
2024-01-19,9,4,Area-26,1
2024-01-19,9,4,Area-28,2
2024-01-19,9,4,Area-29,2
2024-01-19,9,4,Area-3,2
2024-01-19,9,4,Area-31,2
2024-01-19,9,4,Area-32,1
2024-01-19,9,4,Area-33,1
2024-01-19,9,4,Area-35,2
2024-01-19,9,4,Area-37,1
2024-01-19,9,4,Area-38,1
2024-01-19,9,4,Area-39,1
2024-01-19,9,4,Area-40,2
2024-01-19,9,4,Area-41,4
2024-01-19,9,4,Area-42,1
2024-01-19,9,4,Area-43,1
2024-01-19,9,4,Area-44,4
2024-01-19,9,4,Area-46,1
2024-01-19,9,4,Area-47,2
2024-01-19,9,4,Area-5,1
2024-01-19,9,4,Area-50,1
2024-01-19,9,4,Area-6,1
2024-01-19,9,4,Area-7,1
2024-01-19,9,4,Area-8,1
2024-01-19,9,4,Area-9,1
2024-01-19,10,4,Area-1,1
2024-01-19,10,4,Area-10,1
2024-01-19,10,4,Area-11,2
2024-01-19,10,4,Area-12,1
2024-01-19,10,4,Area-13,2
2024-01-19,10,4,Area-14,1
2024-01-19,10,4,Area-16,1
2024-01-19,10,4,Area-17,2
2024-01-19,10,4,Area-18,2
2024-01-19,10,4,Area-19,3
2024-01-19,10,4,Area-2,3
2024-01-19,10,4,Area-21,2
2024-01-19,10,4,Area-22,2
2024-01-19,10,4,Area-24,2
2024-01-19,10,4,Area-25,1
2024-01-19,10,4,Area-28,1
2024-01-19,10,4,Area-3,2
2024-01-19,10,4,Area-30,4
2024-01-19,10,4,Area-31,2
2024-01-19,10,4,Area-33,2
2024-01-19,10,4,Area-34,1
2024-01-19,10,4,Area-36,2
2024-01-19,10,4,Area-37,1
2024-01-19,10,4,Area-38,2
2024-01-19,10,4,Area-42,1
2024-01-19,10,4,Area-44,1
2024-01-19,10,4,Area-45,2
2024-01-19,10,4,Area-46,1
2024-01-19,10,4,Area-49,3
2024-01-19,10,4,Area-5,2
2024-01-19,10,4,Area-6,2
2024-01-19,10,4,Area-8,3
2024-01-19,11,4,Area-1,1
2024-01-19,11,4,Area-10,1
2024-01-19,11,4,Area-11,1
2024-01-19,11,4,Area-12,1
2024-01-19,11,4,Area-13,2
2024-01-19,11,4,Area-14,1
2024-01-19,11,4,Area-15,3
2024-01-19,11,4,Area-16,3
2024-01-19,11,4,Area-17,2
2024-01-19,11,4,Area-18,2
2024-01-19,11,4,Area-2,1
2024-01-19,11,4,Area-20,2
2024-01-19,11,4,Area-21,1
2024-01-19,11,4,Area-22,1
2024-01-19,11,4,Area-24,1
2024-01-19,11,4,Area-28,2
2024-01-19,11,4,Area-29,1
2024-01-19,11,4,Area-3,2
2024-01-19,11,4,Area-30,1
2024-01-19,11,4,Area-31,2
2024-01-19,11,4,Area-32,1
2024-01-19,11,4,Area-33,3
2024-01-19,11,4,Area-35,1
2024-01-19,11,4,Area-36,3
2024-01-19,11,4,Area-38,1
2024-01-19,11,4,Area-39,2
2024-01-19,11,4,Area-4,2
2024-01-19,11,4,Area-40,2
2024-01-19,11,4,Area-41,1
2024-01-19,11,4,Area-42,1
2024-01-19,11,4,Area-43,3
2024-01-19,11,4,Area-44,2
2024-01-19,11,4,Area-46,1
2024-01-19,11,4,Area-47,1
2024-01-19,11,4,Area-48,2
2024-01-19,11,4,Area-49,2
2024-01-19,11,4,Area-50,3
2024-01-19,11,4,Area-7,2
2024-01-19,12,4,Area-1,2
2024-01-19,12,4,Area-10,2
2024-01-19,12,4,Area-11,2
2024-01-19,12,4,Area-12,2
2024-01-19,12,4,Area-13,3
2024-01-19,12,4,Area-14,2
2024-01-19,12,4,Area-15,3
2024-01-19,12,4,Area-16,3
2024-01-19,12,4,Area-17,5
2024-01-19,12,4,Area-19,1
2024-01-19,12,4,Area-2,1
2024-01-19,12,4,Area-21,2
2024-01-19,12,4,Area-22,1
2024-01-19,12,4,Area-23,1
2024-01-19,12,4,Area-24,2
2024-01-19,12,4,Area-25,5
2024-01-19,12,4,Area-26,1
2024-01-19,12,4,Area-27,1
2024-01-19,12,4,Area-29,2
2024-01-19,12,4,Area-30,1
2024-01-19,12,4,Area-31,2
2024-01-19,12,4,Area-32,1
2024-01-19,12,4,Area-33,2
2024-01-19,12,4,Area-34,1
2024-01-19,12,4,Area-35,2
2024-01-19,12,4,Area-36,2
2024-01-19,12,4,Area-39,1
2024-01-19,12,4,Area-4,3
2024-01-19,12,4,Area-40,1
2024-01-19,12,4,Area-41,1
2024-01-19,12,4,Area-42,2
2024-01-19,12,4,Area-43,1
2024-01-19,12,4,Area-44,2
2024-01-19,12,4,Area-45,3
2024-01-19,12,4,Area-46,1
2024-01-19,12,4,Area-47,1
2024-01-19,12,4,Area-48,2
2024-01-19,12,4,Area-49,1
2024-01-19,12,4,Area-6,2
2024-01-19,12,4,Area-7,2
2024-01-19,12,4,Area-9,4
2024-01-19,13,4,Area-1,1
2024-01-19,13,4,Area-10,2
2024-01-19,13,4,Area-11,1
2024-01-19,13,4,Area-13,2
2024-01-19,13,4,Area-14,1
2024-01-19,13,4,Area-16,2
2024-01-19,13,4,Area-18,5
2024-01-19,13,4,Area-19,3
2024-01-19,13,4,Area-20,4
2024-01-19,13,4,Area-21,3
2024-01-19,13,4,Area-22,2
2024-01-19,13,4,Area-23,3
2024-01-19,13,4,Area-27,4
2024-01-19,13,4,Area-3,2
2024-01-19,13,4,Area-30,2
2024-01-19,13,4,Area-31,1
2024-01-19,13,4,Area-34,3
2024-01-19,13,4,Area-36,1
2024-01-19,13,4,Area-37,2
2024-01-19,13,4,Area-4,1
2024-01-19,13,4,Area-40,4
2024-01-19,13,4,Area-41,4
2024-01-19,13,4,Area-44,1
2024-01-19,13,4,Area-45,2
2024-01-19,13,4,Area-46,1
2024-01-19,13,4,Area-47,1
2024-01-19,13,4,Area-48,2
2024-01-19,13,4,Area-49,3
2024-01-19,13,4,Area-7,3
2024-01-19,13,4,Area-8,1
2024-01-19,14,4,Area-1,1
2024-01-19,14,4,Area-10,2
2024-01-19,14,4,Area-11,1
2024-01-19,14,4,Area-13,2
2024-01-19,14,4,Area-15,1
2024-01-19,14,4,Area-16,3
2024-01-19,14,4,Area-17,1
2024-01-19,14,4,Area-18,1
2024-01-19,14,4,Area-19,3
2024-01-19,14,4,Area-21,1
2024-01-19,14,4,Area-22,1
2024-01-19,14,4,Area-24,4
2024-01-19,14,4,Area-26,2
2024-01-19,14,4,Area-27,3
2024-01-19,14,4,Area-28,1
2024-01-19,14,4,Area-29,1
2024-01-19,14,4,Area-3,1
2024-01-19,14,4,Area-30,1
2024-01-19,14,4,Area-31,1
2024-01-19,14,4,Area-32,2
2024-01-19,14,4,Area-35,1
2024-01-19,14,4,Area-36,2
2024-01-19,14,4,Area-37,1
2024-01-19,14,4,Area-38,2
2024-01-19,14,4,Area-39,2
2024-01-19,14,4,Area-4,4
2024-01-19,14,4,Area-40,2
2024-01-19,14,4,Area-41,2
2024-01-19,14,4,Area-42,2
2024-01-19,14,4,Area-43,3
2024-01-19,14,4,Area-44,4
2024-01-19,14,4,Area-45,1
2024-01-19,14,4,Area-46,4
2024-01-19,14,4,Area-47,1
2024-01-19,14,4,Area-48,6
2024-01-19,14,4,Area-5,2
2024-01-19,14,4,Area-50,1
2024-01-19,14,4,Area-6,1
2024-01-19,14,4,Area-7,2
2024-01-19,14,4,Area-8,2
2024-01-19,15,4,Area-1,4
2024-01-19,15,4,Area-10,1
2024-01-19,15,4,Area-12,1
2024-01-19,15,4,Area-14,2
2024-01-19,15,4,Area-15,5
2024-01-19,15,4,Area-17,1
2024-01-19,15,4,Area-18,1
2024-01-19,15,4,Area-19,3
2024-01-19,15,4,Area-2,1
2024-01-19,15,4,Area-21,3
2024-01-19,15,4,Area-24,2
2024-01-19,15,4,Area-25,2
2024-01-19,15,4,Area-26,2
2024-01-19,15,4,Area-27,3
2024-01-19,15,4,Area-28,2
2024-01-19,15,4,Area-29,3
2024-01-19,15,4,Area-3,1
2024-01-19,15,4,Area-30,1
2024-01-19,15,4,Area-31,1
2024-01-19,15,4,Area-32,4
2024-01-19,15,4,Area-33,1
2024-01-19,15,4,Area-34,1
2024-01-19,15,4,Area-35,1
2024-01-19,15,4,Area-36,1
2024-01-19,15,4,Area-37,2
2024-01-19,15,4,Area-38,3
2024-01-19,15,4,Area-39,1
2024-01-19,15,4,Area-4,2
2024-01-19,15,4,Area-40,1
2024-01-19,15,4,Area-42,1
2024-01-19,15,4,Area-46,3
2024-01-19,15,4,Area-47,1
2024-01-19,15,4,Area-48,1
2024-01-19,15,4,Area-49,1
2024-01-19,15,4,Area-5,1
2024-01-19,15,4,Area-50,1
2024-01-19,15,4,Area-7,2
2024-01-19,15,4,Area-8,1
2024-01-19,15,4,Area-9,1
2024-01-19,16,4,Area-1,1
2024-01-19,16,4,Area-10,2
2024-01-19,16,4,Area-11,1
2024-01-19,16,4,Area-12,2
2024-01-19,16,4,Area-13,1
2024-01-19,16,4,Area-15,1
2024-01-19,16,4,Area-17,2
2024-01-19,16,4,Area-18,1
2024-01-19,16,4,Area-19,2
2024-01-19,16,4,Area-2,1
2024-01-19,16,4,Area-20,4
2024-01-19,16,4,Area-22,2
2024-01-19,16,4,Area-23,3
2024-01-19,16,4,Area-24,1
2024-01-19,16,4,Area-25,1
2024-01-19,16,4,Area-26,2
2024-01-19,16,4,Area-27,1
2024-01-19,16,4,Area-28,1
2024-01-19,16,4,Area-29,1
2024-01-19,16,4,Area-30,1
2024-01-19,16,4,Area-31,1
2024-01-19,16,4,Area-32,3
2024-01-19,16,4,Area-33,3
2024-01-19,16,4,Area-35,4
2024-01-19,16,4,Area-36,1
2024-01-19,16,4,Area-39,2
2024-01-19,16,4,Area-4,1
2024-01-19,16,4,Area-40,1
2024-01-19,16,4,Area-41,2
2024-01-19,16,4,Area-42,1
2024-01-19,16,4,Area-43,1
2024-01-19,16,4,Area-45,3
2024-01-19,16,4,Area-46,1
2024-01-19,16,4,Area-47,1
2024-01-19,16,4,Area-48,1
2024-01-19,16,4,Area-49,2
2024-01-19,16,4,Area-5,3
2024-01-19,16,4,Area-50,1
2024-01-19,16,4,Area-6,2
2024-01-19,16,4,Area-7,1
2024-01-19,16,4,Area-8,2
2024-01-19,16,4,Area-9,1
2024-01-19,17,4,Area-1,2
2024-01-19,17,4,Area-10,2
2024-01-19,17,4,Area-11,1
2024-01-19,17,4,Area-12,1
2024-01-19,17,4,Area-13,1
2024-01-19,17,4,Area-14,6
2024-01-19,17,4,Area-16,2
2024-01-19,17,4,Area-17,1
2024-01-19,17,4,Area-18,1
2024-01-19,17,4,Area-19,1
2024-01-19,17,4,Area-2,1
2024-01-19,17,4,Area-20,4
2024-01-19,17,4,Area-21,1
2024-01-19,17,4,Area-22,1
2024-01-19,17,4,Area-24,2
2024-01-19,17,4,Area-25,3
2024-01-19,17,4,Area-26,3
2024-01-19,17,4,Area-27,3
2024-01-19,17,4,Area-28,1
2024-01-19,17,4,Area-29,1
2024-01-19,17,4,Area-30,1
2024-01-19,17,4,Area-31,1
2024-01-19,17,4,Area-32,1
2024-01-19,17,4,Area-34,2
2024-01-19,17,4,Area-35,2
2024-01-19,17,4,Area-36,1
2024-01-19,17,4,Area-37,2
2024-01-19,17,4,Area-39,1
2024-01-19,17,4,Area-40,2
2024-01-19,17,4,Area-42,2
2024-01-19,17,4,Area-45,1
2024-01-19,17,4,Area-46,2
2024-01-19,17,4,Area-47,2
2024-01-19,17,4,Area-48,2
2024-01-19,17,4,Area-5,1
2024-01-19,17,4,Area-6,1
2024-01-19,17,4,Area-7,3
2024-01-19,17,4,Area-8,1
2024-01-19,17,4,Area-9,2
2024-01-19,18,4,Area-1,3
2024-01-19,18,4,Area-10,2
2024-01-19,18,4,Area-11,5
2024-01-19,18,4,Area-12,2
2024-01-19,18,4,Area-13,1
2024-01-19,18,4,Area-15,3
2024-01-19,18,4,Area-16,3
2024-01-19,18,4,Area-17,2
2024-01-19,18,4,Area-18,1
2024-01-19,18,4,Area-19,2
2024-01-19,18,4,Area-20,1
2024-01-19,18,4,Area-21,1
2024-01-19,18,4,Area-22,1
2024-01-19,18,4,Area-23,2
2024-01-19,18,4,Area-25,2
2024-01-19,18,4,Area-26,6
2024-01-19,18,4,Area-27,4
2024-01-19,18,4,Area-29,1
2024-01-19,18,4,Area-3,3
2024-01-19,18,4,Area-31,3
2024-01-19,18,4,Area-32,2
2024-01-19,18,4,Area-33,2
2024-01-19,18,4,Area-35,2
2024-01-19,18,4,Area-36,1
2024-01-19,18,4,Area-37,3
2024-01-19,18,4,Area-38,2
2024-01-19,18,4,Area-39,3
2024-01-19,18,4,Area-4,1
2024-01-19,18,4,Area-40,2
2024-01-19,18,4,Area-41,5
2024-01-19,18,4,Area-42,1
2024-01-19,18,4,Area-45,1
2024-01-19,18,4,Area-46,1
2024-01-19,18,4,Area-47,1
2024-01-19,18,4,Area-48,1
2024-01-19,18,4,Area-49,1
2024-01-19,18,4,Area-5,1
2024-01-19,18,4,Area-50,2
2024-01-19,18,4,Area-6,1
2024-01-19,18,4,Area-7,3
2024-01-19,18,4,Area-8,4
2024-01-19,18,4,Area-9,2
2024-01-19,19,4,Area-1,1
2024-01-19,19,4,Area-10,1
2024-01-19,19,4,Area-11,3
2024-01-19,19,4,Area-13,2
2024-01-19,19,4,Area-14,5
2024-01-19,19,4,Area-15,2
2024-01-19,19,4,Area-16,4
2024-01-19,19,4,Area-17,1
2024-01-19,19,4,Area-18,1
2024-01-19,19,4,Area-19,2
2024-01-19,19,4,Area-20,4
2024-01-19,19,4,Area-21,1
2024-01-19,19,4,Area-23,4
2024-01-19,19,4,Area-24,1
2024-01-19,19,4,Area-25,3
2024-01-19,19,4,Area-28,5
2024-01-19,19,4,Area-3,2
2024-01-19,19,4,Area-30,2
2024-01-19,19,4,Area-32,1
2024-01-19,19,4,Area-33,1
2024-01-19,19,4,Area-34,2
2024-01-19,19,4,Area-36,4
2024-01-19,19,4,Area-37,1
2024-01-19,19,4,Area-38,2
2024-01-19,19,4,Area-39,1
2024-01-19,19,4,Area-4,2
2024-01-19,19,4,Area-40,2
2024-01-19,19,4,Area-41,1
2024-01-19,19,4,Area-42,1
2024-01-19,19,4,Area-43,1
2024-01-19,19,4,Area-44,5
2024-01-19,19,4,Area-46,2
2024-01-19,19,4,Area-48,1
2024-01-19,19,4,Area-5,4
2024-01-19,19,4,Area-50,3
2024-01-19,19,4,Area-6,1
2024-01-19,19,4,Area-8,1
2024-01-19,19,4,Area-9,1
2024-01-19,20,4,Area-11,1
2024-01-19,20,4,Area-12,1
2024-01-19,20,4,Area-13,1
2024-01-19,20,4,Area-14,3
2024-01-19,20,4,Area-15,2
2024-01-19,20,4,Area-17,2
2024-01-19,20,4,Area-18,1
2024-01-19,20,4,Area-19,1
2024-01-19,20,4,Area-2,2
2024-01-19,20,4,Area-22,1
2024-01-19,20,4,Area-23,2
2024-01-19,20,4,Area-27,2
2024-01-19,20,4,Area-3,2
2024-01-19,20,4,Area-30,1
2024-01-19,20,4,Area-31,3
2024-01-19,20,4,Area-33,1
2024-01-19,20,4,Area-36,3
2024-01-19,20,4,Area-37,1
2024-01-19,20,4,Area-39,1
2024-01-19,20,4,Area-41,3
2024-01-19,20,4,Area-42,4
2024-01-19,20,4,Area-43,1
2024-01-19,20,4,Area-44,4
2024-01-19,20,4,Area-45,1
2024-01-19,20,4,Area-46,2
2024-01-19,20,4,Area-48,1
2024-01-19,20,4,Area-49,2
2024-01-19,20,4,Area-7,1
2024-01-19,20,4,Area-8,4
2024-01-19,20,4,Area-9,1
2024-01-19,21,4,Area-1,1
2024-01-19,21,4,Area-10,2
2024-01-19,21,4,Area-11,1
2024-01-19,21,4,Area-12,1
2024-01-19,21,4,Area-13,1
2024-01-19,21,4,Area-14,2
2024-01-19,21,4,Area-15,2
2024-01-19,21,4,Area-18,3
2024-01-19,21,4,Area-19,1
2024-01-19,21,4,Area-2,1
2024-01-19,21,4,Area-20,2
2024-01-19,21,4,Area-25,2
2024-01-19,21,4,Area-26,2
2024-01-19,21,4,Area-27,2
2024-01-19,21,4,Area-28,2
2024-01-19,21,4,Area-29,2
2024-01-19,21,4,Area-3,1
2024-01-19,21,4,Area-32,3
2024-01-19,21,4,Area-33,1
2024-01-19,21,4,Area-34,1
2024-01-19,21,4,Area-35,1
2024-01-19,21,4,Area-36,3
2024-01-19,21,4,Area-37,1
2024-01-19,21,4,Area-38,3
2024-01-19,21,4,Area-39,3
2024-01-19,21,4,Area-4,2
2024-01-19,21,4,Area-40,1
2024-01-19,21,4,Area-41,2
2024-01-19,21,4,Area-42,3
2024-01-19,21,4,Area-43,1
2024-01-19,21,4,Area-44,3
2024-01-19,21,4,Area-46,2
2024-01-19,21,4,Area-47,1
2024-01-19,21,4,Area-48,1
2024-01-19,21,4,Area-49,1
2024-01-19,21,4,Area-5,2
2024-01-19,21,4,Area-50,1
2024-01-19,21,4,Area-6,2
2024-01-19,21,4,Area-8,3
2024-01-19,21,4,Area-9,1
2024-01-19,22,4,Area-1,2
2024-01-19,22,4,Area-10,1
2024-01-19,22,4,Area-11,1
2024-01-19,22,4,Area-12,1
2024-01-19,22,4,Area-13,4
2024-01-19,22,4,Area-15,3
2024-01-19,22,4,Area-18,2
2024-01-19,22,4,Area-19,2
2024-01-19,22,4,Area-2,1
2024-01-19,22,4,Area-20,2
2024-01-19,22,4,Area-24,1
2024-01-19,22,4,Area-25,1
2024-01-19,22,4,Area-27,1
2024-01-19,22,4,Area-28,1
2024-01-19,22,4,Area-3,2
2024-01-19,22,4,Area-32,3
2024-01-19,22,4,Area-38,1
2024-01-19,22,4,Area-39,1
2024-01-19,22,4,Area-4,3
2024-01-19,22,4,Area-41,1
2024-01-19,22,4,Area-42,2
2024-01-19,22,4,Area-43,4
2024-01-19,22,4,Area-44,3
2024-01-19,22,4,Area-45,1
2024-01-19,22,4,Area-46,3
2024-01-19,22,4,Area-47,1
2024-01-19,22,4,Area-49,1
2024-01-19,22,4,Area-5,3
2024-01-19,22,4,Area-50,1
2024-01-19,22,4,Area-6,2
2024-01-19,22,4,Area-7,4
2024-01-19,22,4,Area-8,2
2024-01-19,22,4,Area-9,2
2024-01-19,23,4,Area-10,1
2024-01-19,23,4,Area-11,2
2024-01-19,23,4,Area-14,1
2024-01-19,23,4,Area-16,2
2024-01-19,23,4,Area-17,2
2024-01-19,23,4,Area-18,1
2024-01-19,23,4,Area-19,2
2024-01-19,23,4,Area-2,3
2024-01-19,23,4,Area-21,1
2024-01-19,23,4,Area-23,1
2024-01-19,23,4,Area-24,1
2024-01-19,23,4,Area-25,2
2024-01-19,23,4,Area-27,2
2024-01-19,23,4,Area-29,1
2024-01-19,23,4,Area-3,1
2024-01-19,23,4,Area-32,3
2024-01-19,23,4,Area-33,4
2024-01-19,23,4,Area-35,2
2024-01-19,23,4,Area-36,2
2024-01-19,23,4,Area-37,1
2024-01-19,23,4,Area-39,2
2024-01-19,23,4,Area-4,1
2024-01-19,23,4,Area-40,1
2024-01-19,23,4,Area-41,1
2024-01-19,23,4,Area-43,1
2024-01-19,23,4,Area-45,1
2024-01-19,23,4,Area-46,1
2024-01-19,23,4,Area-48,4
2024-01-19,23,4,Area-50,1
2024-01-19,23,4,Area-6,2
2024-01-19,23,4,Area-7,3
2024-01-19,23,4,Area-8,1
2024-01-19,23,4,Area-9,2
2024-01-20,0,5,Area-1,1
2024-01-20,0,5,Area-10,2
2024-01-20,0,5,Area-11,3
2024-01-20,0,5,Area-12,1
2024-01-20,0,5,Area-13,1
2024-01-20,0,5,Area-14,2
2024-01-20,0,5,Area-15,2
2024-01-20,0,5,Area-16,1
2024-01-20,0,5,Area-17,1
2024-01-20,0,5,Area-20,1
2024-01-20,0,5,Area-21,1
2024-01-20,0,5,Area-23,2
2024-01-20,0,5,Area-25,3
2024-01-20,0,5,Area-26,2
2024-01-20,0,5,Area-27,2
2024-01-20,0,5,Area-28,2
2024-01-20,0,5,Area-29,3
2024-01-20,0,5,Area-3,2
2024-01-20,0,5,Area-30,2
2024-01-20,0,5,Area-32,3
2024-01-20,0,5,Area-34,1
2024-01-20,0,5,Area-36,2
2024-01-20,0,5,Area-38,1
2024-01-20,0,5,Area-39,2
2024-01-20,0,5,Area-42,1
2024-01-20,0,5,Area-43,4
2024-01-20,0,5,Area-44,1
2024-01-20,0,5,Area-47,1
2024-01-20,0,5,Area-48,5
2024-01-20,0,5,Area-49,1
2024-01-20,0,5,Area-5,2
2024-01-20,0,5,Area-6,1
2024-01-20,0,5,Area-8,5
2024-01-20,1,5,Area-1,2
2024-01-20,1,5,Area-10,2
2024-01-20,1,5,Area-11,1
2024-01-20,1,5,Area-14,1
2024-01-20,1,5,Area-15,1
2024-01-20,1,5,Area-16,3
2024-01-20,1,5,Area-18,2
2024-01-20,1,5,Area-19,1
2024-01-20,1,5,Area-20,1
2024-01-20,1,5,Area-21,3
2024-01-20,1,5,Area-24,2
2024-01-20,1,5,Area-26,1
2024-01-20,1,5,Area-27,1
2024-01-20,1,5,Area-29,2
2024-01-20,1,5,Area-3,2
2024-01-20,1,5,Area-32,3
2024-01-20,1,5,Area-33,2
2024-01-20,1,5,Area-34,3
2024-01-20,1,5,Area-37,2
2024-01-20,1,5,Area-38,2
2024-01-20,1,5,Area-39,2
2024-01-20,1,5,Area-4,1
2024-01-20,1,5,Area-40,1
2024-01-20,1,5,Area-41,1
2024-01-20,1,5,Area-42,3
2024-01-20,1,5,Area-43,4
2024-01-20,1,5,Area-45,2
2024-01-20,1,5,Area-46,1
2024-01-20,1,5,Area-48,1
2024-01-20,1,5,Area-49,1
2024-01-20,1,5,Area-5,1
2024-01-20,1,5,Area-50,1
2024-01-20,1,5,Area-6,2
2024-01-20,1,5,Area-7,2
2024-01-20,1,5,Area-9,4
2024-01-20,2,5,Area-1,1
2024-01-20,2,5,Area-10,1
2024-01-20,2,5,Area-11,2
2024-01-20,2,5,Area-12,2
2024-01-20,2,5,Area-13,3
2024-01-20,2,5,Area-14,3
2024-01-20,2,5,Area-15,1
2024-01-20,2,5,Area-18,5
2024-01-20,2,5,Area-2,1
2024-01-20,2,5,Area-20,2
2024-01-20,2,5,Area-22,5
2024-01-20,2,5,Area-23,2
2024-01-20,2,5,Area-24,2
2024-01-20,2,5,Area-25,2
2024-01-20,2,5,Area-26,2
2024-01-20,2,5,Area-27,1
2024-01-20,2,5,Area-28,1
2024-01-20,2,5,Area-29,3
2024-01-20,2,5,Area-3,2
2024-01-20,2,5,Area-31,3
2024-01-20,2,5,Area-33,2
2024-01-20,2,5,Area-34,3
2024-01-20,2,5,Area-35,1
2024-01-20,2,5,Area-38,1
2024-01-20,2,5,Area-4,3
2024-01-20,2,5,Area-40,2
2024-01-20,2,5,Area-43,1
2024-01-20,2,5,Area-44,1
2024-01-20,2,5,Area-45,1
2024-01-20,2,5,Area-46,3
2024-01-20,2,5,Area-47,2
2024-01-20,2,5,Area-48,2
2024-01-20,2,5,Area-49,2
2024-01-20,2,5,Area-5,2
2024-01-20,2,5,Area-50,1
2024-01-20,2,5,Area-6,1
2024-01-20,2,5,Area-8,3
2024-01-20,2,5,Area-9,2
2024-01-20,3,5,Area-1,1
2024-01-20,3,5,Area-11,2
2024-01-20,3,5,Area-12,2
2024-01-20,3,5,Area-13,1
2024-01-20,3,5,Area-14,1
2024-01-20,3,5,Area-16,5
2024-01-20,3,5,Area-17,2
2024-01-20,3,5,Area-18,3
2024-01-20,3,5,Area-19,1
2024-01-20,3,5,Area-2,3
2024-01-20,3,5,Area-21,1
2024-01-20,3,5,Area-22,1
2024-01-20,3,5,Area-24,2
2024-01-20,3,5,Area-25,3
2024-01-20,3,5,Area-27,3
2024-01-20,3,5,Area-29,1
2024-01-20,3,5,Area-3,1
2024-01-20,3,5,Area-30,2
2024-01-20,3,5,Area-31,1
2024-01-20,3,5,Area-33,1
2024-01-20,3,5,Area-35,1
2024-01-20,3,5,Area-36,3
2024-01-20,3,5,Area-37,2
2024-01-20,3,5,Area-38,3
2024-01-20,3,5,Area-39,2
2024-01-20,3,5,Area-4,2
2024-01-20,3,5,Area-40,2
2024-01-20,3,5,Area-41,1
2024-01-20,3,5,Area-42,2
2024-01-20,3,5,Area-44,2
2024-01-20,3,5,Area-46,1
2024-01-20,3,5,Area-47,2
2024-01-20,3,5,Area-48,2
2024-01-20,3,5,Area-49,3
2024-01-20,3,5,Area-5,1
2024-01-20,3,5,Area-50,2
2024-01-20,3,5,Area-8,2
2024-01-20,3,5,Area-9,5
2024-01-20,4,5,Area-1,1
2024-01-20,4,5,Area-10,2
2024-01-20,4,5,Area-12,1
2024-01-20,4,5,Area-13,1
2024-01-20,4,5,Area-15,1
2024-01-20,4,5,Area-16,2
2024-01-20,4,5,Area-18,4
2024-01-20,4,5,Area-19,2
2024-01-20,4,5,Area-2,3
2024-01-20,4,5,Area-21,1
2024-01-20,4,5,Area-22,1
2024-01-20,4,5,Area-23,2
2024-01-20,4,5,Area-24,1
2024-01-20,4,5,Area-27,1
2024-01-20,4,5,Area-29,2
2024-01-20,4,5,Area-3,1
2024-01-20,4,5,Area-31,1
2024-01-20,4,5,Area-33,4
2024-01-20,4,5,Area-34,1
2024-01-20,4,5,Area-36,1
2024-01-20,4,5,Area-38,2
2024-01-20,4,5,Area-4,1
2024-01-20,4,5,Area-42,2
2024-01-20,4,5,Area-43,3
2024-01-20,4,5,Area-44,3
2024-01-20,4,5,Area-45,1
2024-01-20,4,5,Area-46,4
2024-01-20,4,5,Area-47,3
2024-01-20,4,5,Area-48,1
2024-01-20,4,5,Area-49,1
2024-01-20,4,5,Area-5,2
2024-01-20,4,5,Area-50,1
2024-01-20,4,5,Area-6,2
2024-01-20,4,5,Area-7,2
2024-01-20,4,5,Area-8,1
2024-01-20,4,5,Area-9,2
2024-01-20,5,5,Area-10,1
2024-01-20,5,5,Area-11,1
2024-01-20,5,5,Area-12,1
2024-01-20,5,5,Area-13,1
2024-01-20,5,5,Area-14,2
2024-01-20,5,5,Area-16,1
2024-01-20,5,5,Area-17,3
2024-01-20,5,5,Area-18,1
2024-01-20,5,5,Area-19,2
2024-01-20,5,5,Area-20,2
2024-01-20,5,5,Area-21,2
2024-01-20,5,5,Area-22,2
2024-01-20,5,5,Area-23,1
2024-01-20,5,5,Area-26,1
2024-01-20,5,5,Area-27,1
2024-01-20,5,5,Area-28,1
2024-01-20,5,5,Area-29,4
2024-01-20,5,5,Area-30,1
2024-01-20,5,5,Area-33,3
2024-01-20,5,5,Area-35,1
2024-01-20,5,5,Area-38,3
2024-01-20,5,5,Area-39,1
2024-01-20,5,5,Area-40,1
2024-01-20,5,5,Area-42,1
2024-01-20,5,5,Area-43,1
2024-01-20,5,5,Area-44,1
2024-01-20,5,5,Area-45,4
2024-01-20,5,5,Area-47,2
2024-01-20,5,5,Area-48,1
2024-01-20,5,5,Area-5,3
2024-01-20,5,5,Area-6,1
2024-01-20,5,5,Area-7,2
2024-01-20,5,5,Area-9,2
2024-01-20,6,5,Area-1,1
2024-01-20,6,5,Area-10,1
2024-01-20,6,5,Area-11,2
2024-01-20,6,5,Area-12,2
2024-01-20,6,5,Area-13,1
2024-01-20,6,5,Area-14,1
2024-01-20,6,5,Area-15,4
2024-01-20,6,5,Area-16,1
2024-01-20,6,5,Area-18,3
2024-01-20,6,5,Area-19,4
2024-01-20,6,5,Area-20,1
2024-01-20,6,5,Area-21,1
2024-01-20,6,5,Area-22,3
2024-01-20,6,5,Area-25,4
2024-01-20,6,5,Area-27,3
2024-01-20,6,5,Area-3,2
2024-01-20,6,5,Area-30,1
2024-01-20,6,5,Area-31,1
2024-01-20,6,5,Area-32,2
2024-01-20,6,5,Area-33,4
2024-01-20,6,5,Area-34,2
2024-01-20,6,5,Area-35,3
2024-01-20,6,5,Area-36,2
2024-01-20,6,5,Area-38,1
2024-01-20,6,5,Area-4,3
2024-01-20,6,5,Area-40,1
2024-01-20,6,5,Area-41,3
2024-01-20,6,5,Area-42,1
2024-01-20,6,5,Area-43,3
2024-01-20,6,5,Area-44,1
2024-01-20,6,5,Area-45,1
2024-01-20,6,5,Area-47,1
2024-01-20,6,5,Area-48,1
2024-01-20,6,5,Area-49,3
2024-01-20,6,5,Area-50,1
2024-01-20,6,5,Area-6,2
2024-01-20,6,5,Area-8,2
2024-01-20,6,5,Area-9,1
2024-01-20,7,5,Area-10,2
2024-01-20,7,5,Area-12,2
2024-01-20,7,5,Area-13,3
2024-01-20,7,5,Area-15,3
2024-01-20,7,5,Area-16,2
2024-01-20,7,5,Area-17,2
2024-01-20,7,5,Area-18,2
2024-01-20,7,5,Area-2,1
2024-01-20,7,5,Area-20,2
2024-01-20,7,5,Area-21,2
2024-01-20,7,5,Area-22,3
2024-01-20,7,5,Area-23,2
2024-01-20,7,5,Area-24,1
2024-01-20,7,5,Area-25,2
2024-01-20,7,5,Area-26,3
2024-01-20,7,5,Area-29,2
2024-01-20,7,5,Area-3,2
2024-01-20,7,5,Area-30,1
2024-01-20,7,5,Area-31,3
2024-01-20,7,5,Area-32,2
2024-01-20,7,5,Area-33,1
2024-01-20,7,5,Area-35,1
2024-01-20,7,5,Area-36,2
2024-01-20,7,5,Area-37,2
2024-01-20,7,5,Area-39,1
2024-01-20,7,5,Area-4,1
2024-01-20,7,5,Area-40,3
2024-01-20,7,5,Area-42,2
2024-01-20,7,5,Area-44,1
2024-01-20,7,5,Area-45,2
2024-01-20,7,5,Area-46,1
2024-01-20,7,5,Area-47,2
2024-01-20,7,5,Area-48,1
2024-01-20,7,5,Area-49,1
2024-01-20,7,5,Area-5,4
2024-01-20,7,5,Area-50,1
2024-01-20,7,5,Area-6,2
2024-01-20,7,5,Area-8,2
2024-01-20,7,5,Area-9,1
2024-01-20,8,5,Area-1,1
2024-01-20,8,5,Area-12,2
2024-01-20,8,5,Area-13,2
2024-01-20,8,5,Area-14,2
2024-01-20,8,5,Area-15,1
2024-01-20,8,5,Area-20,2
2024-01-20,8,5,Area-21,1
2024-01-20,8,5,Area-22,2
2024-01-20,8,5,Area-23,3
2024-01-20,8,5,Area-24,2
2024-01-20,8,5,Area-25,2
2024-01-20,8,5,Area-26,2
2024-01-20,8,5,Area-27,1
2024-01-20,8,5,Area-3,2
2024-01-20,8,5,Area-30,1
2024-01-20,8,5,Area-31,1
2024-01-20,8,5,Area-32,1
2024-01-20,8,5,Area-33,1
2024-01-20,8,5,Area-34,1
2024-01-20,8,5,Area-37,1
2024-01-20,8,5,Area-38,1
2024-01-20,8,5,Area-39,1
2024-01-20,8,5,Area-4,1
2024-01-20,8,5,Area-40,2
2024-01-20,8,5,Area-42,2
2024-01-20,8,5,Area-43,1
2024-01-20,8,5,Area-44,1
2024-01-20,8,5,Area-45,3
2024-01-20,8,5,Area-46,1
2024-01-20,8,5,Area-47,1
2024-01-20,8,5,Area-48,1
2024-01-20,8,5,Area-50,1
2024-01-20,8,5,Area-6,3
2024-01-20,8,5,Area-8,1
2024-01-20,8,5,Area-9,1
2024-01-20,9,5,Area-1,1
2024-01-20,9,5,Area-11,5
2024-01-20,9,5,Area-12,2
2024-01-20,9,5,Area-13,3
2024-01-20,9,5,Area-16,1
2024-01-20,9,5,Area-17,1
2024-01-20,9,5,Area-18,2
2024-01-20,9,5,Area-19,2
2024-01-20,9,5,Area-2,2
2024-01-20,9,5,Area-20,1
2024-01-20,9,5,Area-22,1
2024-01-20,9,5,Area-23,1
2024-01-20,9,5,Area-26,2
2024-01-20,9,5,Area-28,2
2024-01-20,9,5,Area-3,2
2024-01-20,9,5,Area-30,1
2024-01-20,9,5,Area-34,2
2024-01-20,9,5,Area-35,2
2024-01-20,9,5,Area-36,3
2024-01-20,9,5,Area-39,4
2024-01-20,9,5,Area-4,2
2024-01-20,9,5,Area-40,4
2024-01-20,9,5,Area-42,2
2024-01-20,9,5,Area-44,2
2024-01-20,9,5,Area-45,2
2024-01-20,9,5,Area-46,1
2024-01-20,9,5,Area-47,1
2024-01-20,9,5,Area-48,1
2024-01-20,9,5,Area-49,2
2024-01-20,9,5,Area-5,5
2024-01-20,9,5,Area-50,1
2024-01-20,9,5,Area-6,1
2024-01-20,9,5,Area-7,2
2024-01-20,9,5,Area-8,2
2024-01-20,9,5,Area-9,2
2024-01-20,10,5,Area-1,3
2024-01-20,10,5,Area-11,2
2024-01-20,10,5,Area-12,2
2024-01-20,10,5,Area-13,2
2024-01-20,10,5,Area-14,1
2024-01-20,10,5,Area-15,2
2024-01-20,10,5,Area-18,1
2024-01-20,10,5,Area-19,2
2024-01-20,10,5,Area-2,1
2024-01-20,10,5,Area-20,4
2024-01-20,10,5,Area-21,1
2024-01-20,10,5,Area-22,1
2024-01-20,10,5,Area-23,2
2024-01-20,10,5,Area-25,2
2024-01-20,10,5,Area-26,1
2024-01-20,10,5,Area-27,1
2024-01-20,10,5,Area-28,1
2024-01-20,10,5,Area-29,1
2024-01-20,10,5,Area-30,3
2024-01-20,10,5,Area-31,1
2024-01-20,10,5,Area-32,1
2024-01-20,10,5,Area-34,2
2024-01-20,10,5,Area-35,1
2024-01-20,10,5,Area-36,3
2024-01-20,10,5,Area-37,3
2024-01-20,10,5,Area-38,1
2024-01-20,10,5,Area-39,1
2024-01-20,10,5,Area-4,1
2024-01-20,10,5,Area-40,1
2024-01-20,10,5,Area-41,4
2024-01-20,10,5,Area-42,2
2024-01-20,10,5,Area-44,1
2024-01-20,10,5,Area-46,1
2024-01-20,10,5,Area-47,1
2024-01-20,10,5,Area-48,2
2024-01-20,10,5,Area-49,1
2024-01-20,10,5,Area-5,2
2024-01-20,10,5,Area-50,1
2024-01-20,10,5,Area-6,3
2024-01-20,10,5,Area-7,1
2024-01-20,10,5,Area-9,3
2024-01-20,11,5,Area-13,2
2024-01-20,11,5,Area-16,1
2024-01-20,11,5,Area-17,1
2024-01-20,11,5,Area-18,1
2024-01-20,11,5,Area-19,1
2024-01-20,11,5,Area-20,1
2024-01-20,11,5,Area-22,3
2024-01-20,11,5,Area-24,1
2024-01-20,11,5,Area-26,1
2024-01-20,11,5,Area-27,1
2024-01-20,11,5,Area-3,1
2024-01-20,11,5,Area-30,2
2024-01-20,11,5,Area-31,3
2024-01-20,11,5,Area-32,3
2024-01-20,11,5,Area-33,1
2024-01-20,11,5,Area-34,1
2024-01-20,11,5,Area-36,1
2024-01-20,11,5,Area-37,2
2024-01-20,11,5,Area-39,1
2024-01-20,11,5,Area-4,2
2024-01-20,11,5,Area-40,2
2024-01-20,11,5,Area-42,1
2024-01-20,11,5,Area-43,1
2024-01-20,11,5,Area-44,2
2024-01-20,11,5,Area-46,1
2024-01-20,11,5,Area-47,2
2024-01-20,11,5,Area-48,1
2024-01-20,11,5,Area-49,1
2024-01-20,11,5,Area-5,2
2024-01-20,11,5,Area-50,1
2024-01-20,11,5,Area-7,1
2024-01-20,11,5,Area-8,4
2024-01-20,11,5,Area-9,1
2024-01-20,12,5,Area-1,1
2024-01-20,12,5,Area-10,3
2024-01-20,12,5,Area-11,1
2024-01-20,12,5,Area-12,5
2024-01-20,12,5,Area-13,1
2024-01-20,12,5,Area-14,1
2024-01-20,12,5,Area-15,3
2024-01-20,12,5,Area-16,3
2024-01-20,12,5,Area-17,1
2024-01-20,12,5,Area-18,1
2024-01-20,12,5,Area-2,2
2024-01-20,12,5,Area-20,2
2024-01-20,12,5,Area-23,1
2024-01-20,12,5,Area-24,3
2024-01-20,12,5,Area-25,1
2024-01-20,12,5,Area-27,1
2024-01-20,12,5,Area-28,2
2024-01-20,12,5,Area-29,4
2024-01-20,12,5,Area-3,4
2024-01-20,12,5,Area-32,1
2024-01-20,12,5,Area-35,5
2024-01-20,12,5,Area-36,2
2024-01-20,12,5,Area-37,1
2024-01-20,12,5,Area-38,1
2024-01-20,12,5,Area-39,1
2024-01-20,12,5,Area-4,1
2024-01-20,12,5,Area-40,2
2024-01-20,12,5,Area-41,1
2024-01-20,12,5,Area-42,1
2024-01-20,12,5,Area-44,3
2024-01-20,12,5,Area-46,4
2024-01-20,12,5,Area-47,1
2024-01-20,12,5,Area-48,2
2024-01-20,12,5,Area-49,1
2024-01-20,12,5,Area-5,5
2024-01-20,12,5,Area-50,2
2024-01-20,12,5,Area-6,2
2024-01-20,12,5,Area-8,2
2024-01-20,13,5,Area-1,2
2024-01-20,13,5,Area-11,3
2024-01-20,13,5,Area-12,1
2024-01-20,13,5,Area-13,3
2024-01-20,13,5,Area-14,1
2024-01-20,13,5,Area-15,1
2024-01-20,13,5,Area-16,2
2024-01-20,13,5,Area-17,1
2024-01-20,13,5,Area-18,2
2024-01-20,13,5,Area-19,1
2024-01-20,13,5,Area-2,2
2024-01-20,13,5,Area-20,1
2024-01-20,13,5,Area-22,2
2024-01-20,13,5,Area-23,4
2024-01-20,13,5,Area-24,1
2024-01-20,13,5,Area-25,1
2024-01-20,13,5,Area-26,3
2024-01-20,13,5,Area-27,1
2024-01-20,13,5,Area-28,2
2024-01-20,13,5,Area-29,3
2024-01-20,13,5,Area-3,1
2024-01-20,13,5,Area-30,3
2024-01-20,13,5,Area-31,1
2024-01-20,13,5,Area-34,2
2024-01-20,13,5,Area-35,1
2024-01-20,13,5,Area-36,1
2024-01-20,13,5,Area-37,5
2024-01-20,13,5,Area-39,4
2024-01-20,13,5,Area-4,3
2024-01-20,13,5,Area-40,1
2024-01-20,13,5,Area-41,1
2024-01-20,13,5,Area-42,4
2024-01-20,13,5,Area-43,1
2024-01-20,13,5,Area-44,1
2024-01-20,13,5,Area-46,1
2024-01-20,13,5,Area-47,2
2024-01-20,13,5,Area-48,1
2024-01-20,13,5,Area-49,2
2024-01-20,13,5,Area-5,2
2024-01-20,13,5,Area-50,2
2024-01-20,13,5,Area-6,1
2024-01-20,13,5,Area-7,1
2024-01-20,13,5,Area-8,2
2024-01-20,13,5,Area-9,2
2024-01-20,14,5,Area-12,3
2024-01-20,14,5,Area-13,1
2024-01-20,14,5,Area-14,1
2024-01-20,14,5,Area-15,3
2024-01-20,14,5,Area-17,2
2024-01-20,14,5,Area-2,1
2024-01-20,14,5,Area-21,1
2024-01-20,14,5,Area-22,3
2024-01-20,14,5,Area-23,3
2024-01-20,14,5,Area-24,1
2024-01-20,14,5,Area-25,2
2024-01-20,14,5,Area-26,1
2024-01-20,14,5,Area-28,1
2024-01-20,14,5,Area-3,4
2024-01-20,14,5,Area-30,2
2024-01-20,14,5,Area-32,2
2024-01-20,14,5,Area-33,2
2024-01-20,14,5,Area-35,2
2024-01-20,14,5,Area-36,3
2024-01-20,14,5,Area-37,2
2024-01-20,14,5,Area-39,2
2024-01-20,14,5,Area-4,7
2024-01-20,14,5,Area-40,1
2024-01-20,14,5,Area-41,2
2024-01-20,14,5,Area-42,3
2024-01-20,14,5,Area-43,1
2024-01-20,14,5,Area-44,1
2024-01-20,14,5,Area-45,1
2024-01-20,14,5,Area-48,5
2024-01-20,14,5,Area-49,1
2024-01-20,14,5,Area-5,3
2024-01-20,14,5,Area-50,3
2024-01-20,14,5,Area-6,2
2024-01-20,14,5,Area-7,5
2024-01-20,14,5,Area-8,1
2024-01-20,14,5,Area-9,1
2024-01-20,15,5,Area-1,2
2024-01-20,15,5,Area-10,4
2024-01-20,15,5,Area-11,2
2024-01-20,15,5,Area-13,1
2024-01-20,15,5,Area-14,2
2024-01-20,15,5,Area-15,1
2024-01-20,15,5,Area-17,1
2024-01-20,15,5,Area-18,2
2024-01-20,15,5,Area-19,1
2024-01-20,15,5,Area-20,2
2024-01-20,15,5,Area-21,2
2024-01-20,15,5,Area-23,2
2024-01-20,15,5,Area-24,2
2024-01-20,15,5,Area-25,3
2024-01-20,15,5,Area-26,1
2024-01-20,15,5,Area-27,2
2024-01-20,15,5,Area-28,1
2024-01-20,15,5,Area-29,1
2024-01-20,15,5,Area-3,2
2024-01-20,15,5,Area-31,2
2024-01-20,15,5,Area-32,3
2024-01-20,15,5,Area-33,1
2024-01-20,15,5,Area-34,1
2024-01-20,15,5,Area-36,3
2024-01-20,15,5,Area-38,1
2024-01-20,15,5,Area-39,1
2024-01-20,15,5,Area-4,1
2024-01-20,15,5,Area-40,2
2024-01-20,15,5,Area-44,3
2024-01-20,15,5,Area-45,1
2024-01-20,15,5,Area-47,3
2024-01-20,15,5,Area-48,2
2024-01-20,15,5,Area-49,2
2024-01-20,15,5,Area-50,1
2024-01-20,15,5,Area-6,2
2024-01-20,15,5,Area-7,2
2024-01-20,15,5,Area-9,2
2024-01-20,16,5,Area-1,1
2024-01-20,16,5,Area-10,1
2024-01-20,16,5,Area-11,2
2024-01-20,16,5,Area-12,1
2024-01-20,16,5,Area-13,2
2024-01-20,16,5,Area-14,1
2024-01-20,16,5,Area-15,3
2024-01-20,16,5,Area-16,1
2024-01-20,16,5,Area-17,2
2024-01-20,16,5,Area-18,4
2024-01-20,16,5,Area-19,1
2024-01-20,16,5,Area-2,1
2024-01-20,16,5,Area-20,1
2024-01-20,16,5,Area-21,2
2024-01-20,16,5,Area-22,1
2024-01-20,16,5,Area-23,1
2024-01-20,16,5,Area-24,3
2024-01-20,16,5,Area-25,1
2024-01-20,16,5,Area-26,1
2024-01-20,16,5,Area-27,1
2024-01-20,16,5,Area-28,1
2024-01-20,16,5,Area-29,3
2024-01-20,16,5,Area-30,1
2024-01-20,16,5,Area-31,2
2024-01-20,16,5,Area-33,1
2024-01-20,16,5,Area-35,1
2024-01-20,16,5,Area-36,1
2024-01-20,16,5,Area-37,1
2024-01-20,16,5,Area-38,1
2024-01-20,16,5,Area-39,2
2024-01-20,16,5,Area-4,3
2024-01-20,16,5,Area-40,2
2024-01-20,16,5,Area-43,1
2024-01-20,16,5,Area-44,2
2024-01-20,16,5,Area-45,1
2024-01-20,16,5,Area-46,2
2024-01-20,16,5,Area-47,3
2024-01-20,16,5,Area-48,2
2024-01-20,16,5,Area-49,2
2024-01-20,16,5,Area-5,2
2024-01-20,16,5,Area-50,1
2024-01-20,16,5,Area-7,2
2024-01-20,16,5,Area-9,1
2024-01-20,17,5,Area-1,1
2024-01-20,17,5,Area-10,3
2024-01-20,17,5,Area-11,1
2024-01-20,17,5,Area-12,2
2024-01-20,17,5,Area-13,1
2024-01-20,17,5,Area-14,2
2024-01-20,17,5,Area-16,2
2024-01-20,17,5,Area-17,1
2024-01-20,17,5,Area-18,1
2024-01-20,17,5,Area-2,1
2024-01-20,17,5,Area-20,2
2024-01-20,17,5,Area-22,2
2024-01-20,17,5,Area-23,1
2024-01-20,17,5,Area-24,2
2024-01-20,17,5,Area-26,2
2024-01-20,17,5,Area-27,5
2024-01-20,17,5,Area-28,2
2024-01-20,17,5,Area-3,1
2024-01-20,17,5,Area-31,1
2024-01-20,17,5,Area-34,5
2024-01-20,17,5,Area-35,1
2024-01-20,17,5,Area-36,1
2024-01-20,17,5,Area-37,2
2024-01-20,17,5,Area-39,1
2024-01-20,17,5,Area-4,1
2024-01-20,17,5,Area-40,2
2024-01-20,17,5,Area-41,1
2024-01-20,17,5,Area-42,1
2024-01-20,17,5,Area-43,3
2024-01-20,17,5,Area-44,1
2024-01-20,17,5,Area-45,1
2024-01-20,17,5,Area-46,3
2024-01-20,17,5,Area-48,3
2024-01-20,17,5,Area-49,1
2024-01-20,17,5,Area-50,3
2024-01-20,17,5,Area-7,5
2024-01-20,17,5,Area-9,2
2024-01-20,18,5,Area-1,1
2024-01-20,18,5,Area-10,4
2024-01-20,18,5,Area-11,3
2024-01-20,18,5,Area-12,1
2024-01-20,18,5,Area-13,1
2024-01-20,18,5,Area-15,1
2024-01-20,18,5,Area-16,2
2024-01-20,18,5,Area-17,2
2024-01-20,18,5,Area-18,2
2024-01-20,18,5,Area-19,3
2024-01-20,18,5,Area-20,1
2024-01-20,18,5,Area-21,1
2024-01-20,18,5,Area-22,2
2024-01-20,18,5,Area-23,3
2024-01-20,18,5,Area-24,3
2024-01-20,18,5,Area-25,2
2024-01-20,18,5,Area-26,2
2024-01-20,18,5,Area-27,1
2024-01-20,18,5,Area-29,1
2024-01-20,18,5,Area-3,1
2024-01-20,18,5,Area-30,3
2024-01-20,18,5,Area-32,1
2024-01-20,18,5,Area-33,2
2024-01-20,18,5,Area-35,2
2024-01-20,18,5,Area-36,2
2024-01-20,18,5,Area-38,2
2024-01-20,18,5,Area-39,1
2024-01-20,18,5,Area-40,1
2024-01-20,18,5,Area-41,1
2024-01-20,18,5,Area-43,2
2024-01-20,18,5,Area-45,2
2024-01-20,18,5,Area-46,1
2024-01-20,18,5,Area-47,5
2024-01-20,18,5,Area-49,1
2024-01-20,18,5,Area-50,2
2024-01-20,18,5,Area-7,1
2024-01-20,18,5,Area-8,1
2024-01-20,18,5,Area-9,2
2024-01-20,19,5,Area-1,1
2024-01-20,19,5,Area-10,2
2024-01-20,19,5,Area-11,2
2024-01-20,19,5,Area-12,3
2024-01-20,19,5,Area-13,3
2024-01-20,19,5,Area-17,1
2024-01-20,19,5,Area-18,5
2024-01-20,19,5,Area-19,3
2024-01-20,19,5,Area-2,2
2024-01-20,19,5,Area-20,1
2024-01-20,19,5,Area-23,1
2024-01-20,19,5,Area-26,1
2024-01-20,19,5,Area-27,1
2024-01-20,19,5,Area-28,1
2024-01-20,19,5,Area-29,3
2024-01-20,19,5,Area-3,2
2024-01-20,19,5,Area-31,1
2024-01-20,19,5,Area-32,1
2024-01-20,19,5,Area-33,4
2024-01-20,19,5,Area-35,1
2024-01-20,19,5,Area-36,2
2024-01-20,19,5,Area-37,5
2024-01-20,19,5,Area-38,3
2024-01-20,19,5,Area-39,2
2024-01-20,19,5,Area-4,2
2024-01-20,19,5,Area-41,3
2024-01-20,19,5,Area-42,2
2024-01-20,19,5,Area-44,2
2024-01-20,19,5,Area-46,1
2024-01-20,19,5,Area-47,4
2024-01-20,19,5,Area-49,2
2024-01-20,19,5,Area-5,3
2024-01-20,19,5,Area-50,2
2024-01-20,19,5,Area-6,1
2024-01-20,19,5,Area-7,1
2024-01-20,19,5,Area-9,3
2024-01-20,20,5,Area-1,1
2024-01-20,20,5,Area-10,2
2024-01-20,20,5,Area-11,2
2024-01-20,20,5,Area-12,2
2024-01-20,20,5,Area-14,1
2024-01-20,20,5,Area-15,1
2024-01-20,20,5,Area-16,3
2024-01-20,20,5,Area-17,3
2024-01-20,20,5,Area-18,1
2024-01-20,20,5,Area-19,1
2024-01-20,20,5,Area-20,1
2024-01-20,20,5,Area-21,1
2024-01-20,20,5,Area-22,2
2024-01-20,20,5,Area-24,2
2024-01-20,20,5,Area-25,1
2024-01-20,20,5,Area-27,2
2024-01-20,20,5,Area-28,1
2024-01-20,20,5,Area-29,1
2024-01-20,20,5,Area-3,1
2024-01-20,20,5,Area-30,2
2024-01-20,20,5,Area-31,1
2024-01-20,20,5,Area-33,1
2024-01-20,20,5,Area-34,2
2024-01-20,20,5,Area-35,2
2024-01-20,20,5,Area-36,2
2024-01-20,20,5,Area-37,2
2024-01-20,20,5,Area-41,2
2024-01-20,20,5,Area-43,3
2024-01-20,20,5,Area-44,2
2024-01-20,20,5,Area-45,2
2024-01-20,20,5,Area-46,2
2024-01-20,20,5,Area-48,3
2024-01-20,20,5,Area-49,2
2024-01-20,20,5,Area-5,1
2024-01-20,20,5,Area-50,4
2024-01-20,20,5,Area-6,1
2024-01-20,20,5,Area-8,2
2024-01-20,20,5,Area-9,1
2024-01-20,21,5,Area-1,1
2024-01-20,21,5,Area-10,1
2024-01-20,21,5,Area-11,2
2024-01-20,21,5,Area-13,4
2024-01-20,21,5,Area-14,1
2024-01-20,21,5,Area-16,1
2024-01-20,21,5,Area-17,3
2024-01-20,21,5,Area-19,2
2024-01-20,21,5,Area-2,2
2024-01-20,21,5,Area-22,1
2024-01-20,21,5,Area-23,1
2024-01-20,21,5,Area-24,1
2024-01-20,21,5,Area-26,1
2024-01-20,21,5,Area-28,2
2024-01-20,21,5,Area-29,1
2024-01-20,21,5,Area-3,1
2024-01-20,21,5,Area-30,3
2024-01-20,21,5,Area-31,3
2024-01-20,21,5,Area-32,2
2024-01-20,21,5,Area-33,1
2024-01-20,21,5,Area-37,2
2024-01-20,21,5,Area-38,3
2024-01-20,21,5,Area-39,2
2024-01-20,21,5,Area-40,1
2024-01-20,21,5,Area-41,2
2024-01-20,21,5,Area-42,1
2024-01-20,21,5,Area-43,1
2024-01-20,21,5,Area-44,1
2024-01-20,21,5,Area-45,1
2024-01-20,21,5,Area-46,2
2024-01-20,21,5,Area-48,1
2024-01-20,21,5,Area-49,1
2024-01-20,21,5,Area-5,2
2024-01-20,21,5,Area-50,1
2024-01-20,21,5,Area-7,2
2024-01-20,22,5,Area-10,3
2024-01-20,22,5,Area-11,1
2024-01-20,22,5,Area-12,1
2024-01-20,22,5,Area-13,2
2024-01-20,22,5,Area-14,3
2024-01-20,22,5,Area-15,1
2024-01-20,22,5,Area-16,1
2024-01-20,22,5,Area-17,1
2024-01-20,22,5,Area-19,5
2024-01-20,22,5,Area-2,1
2024-01-20,22,5,Area-21,1
2024-01-20,22,5,Area-22,2
2024-01-20,22,5,Area-23,2
2024-01-20,22,5,Area-24,4
2024-01-20,22,5,Area-25,1
2024-01-20,22,5,Area-26,2
2024-01-20,22,5,Area-27,2
2024-01-20,22,5,Area-29,3
2024-01-20,22,5,Area-3,5
2024-01-20,22,5,Area-30,1
2024-01-20,22,5,Area-31,2
2024-01-20,22,5,Area-33,2
2024-01-20,22,5,Area-35,2
2024-01-20,22,5,Area-36,1
2024-01-20,22,5,Area-37,1
2024-01-20,22,5,Area-38,3
2024-01-20,22,5,Area-39,1
2024-01-20,22,5,Area-40,1
2024-01-20,22,5,Area-41,1
2024-01-20,22,5,Area-42,3
2024-01-20,22,5,Area-43,3
2024-01-20,22,5,Area-44,2
2024-01-20,22,5,Area-45,1
2024-01-20,22,5,Area-49,2
2024-01-20,22,5,Area-5,2
2024-01-20,22,5,Area-50,1
2024-01-20,22,5,Area-6,1
2024-01-20,22,5,Area-7,1
2024-01-20,22,5,Area-8,2
2024-01-20,22,5,Area-9,4
2024-01-20,23,5,Area-11,3
2024-01-20,23,5,Area-12,2
2024-01-20,23,5,Area-13,2
2024-01-20,23,5,Area-15,1
2024-01-20,23,5,Area-16,2
2024-01-20,23,5,Area-17,2
2024-01-20,23,5,Area-18,2
2024-01-20,23,5,Area-19,1
2024-01-20,23,5,Area-2,1
2024-01-20,23,5,Area-20,2
2024-01-20,23,5,Area-21,2
2024-01-20,23,5,Area-22,3
2024-01-20,23,5,Area-23,1
2024-01-20,23,5,Area-26,3
2024-01-20,23,5,Area-27,1
2024-01-20,23,5,Area-3,1
2024-01-20,23,5,Area-30,2
2024-01-20,23,5,Area-31,3
2024-01-20,23,5,Area-32,3
2024-01-20,23,5,Area-33,1
2024-01-20,23,5,Area-34,5
2024-01-20,23,5,Area-35,1
2024-01-20,23,5,Area-36,1
2024-01-20,23,5,Area-37,1
2024-01-20,23,5,Area-38,6
2024-01-20,23,5,Area-39,2
2024-01-20,23,5,Area-40,2
2024-01-20,23,5,Area-41,2
2024-01-20,23,5,Area-43,1
2024-01-20,23,5,Area-44,1
2024-01-20,23,5,Area-45,1
2024-01-20,23,5,Area-46,1
2024-01-20,23,5,Area-47,1
2024-01-20,23,5,Area-49,2
2024-01-20,23,5,Area-50,1
2024-01-20,23,5,Area-6,1
2024-01-20,23,5,Area-7,1
2024-01-20,23,5,Area-8,1
2024-01-20,23,5,Area-9,1
2024-01-21,0,6,Area-1,1
2024-01-21,0,6,Area-11,1
2024-01-21,0,6,Area-12,3
2024-01-21,0,6,Area-13,1
2024-01-21,0,6,Area-14,3
2024-01-21,0,6,Area-16,1
2024-01-21,0,6,Area-17,2
2024-01-21,0,6,Area-18,2
2024-01-21,0,6,Area-19,6
2024-01-21,0,6,Area-2,1
2024-01-21,0,6,Area-20,1
2024-01-21,0,6,Area-21,2
2024-01-21,0,6,Area-22,1
2024-01-21,0,6,Area-23,1
2024-01-21,0,6,Area-24,3
2024-01-21,0,6,Area-26,1
2024-01-21,0,6,Area-28,1
2024-01-21,0,6,Area-29,1
2024-01-21,0,6,Area-30,3
2024-01-21,0,6,Area-31,3
2024-01-21,0,6,Area-35,3
2024-01-21,0,6,Area-36,2
2024-01-21,0,6,Area-37,1
2024-01-21,0,6,Area-39,1
2024-01-21,0,6,Area-4,1
2024-01-21,0,6,Area-42,2
2024-01-21,0,6,Area-43,1
2024-01-21,0,6,Area-44,2
2024-01-21,0,6,Area-45,2
2024-01-21,0,6,Area-46,3
2024-01-21,0,6,Area-47,1
2024-01-21,0,6,Area-48,1
2024-01-21,0,6,Area-49,2
2024-01-21,0,6,Area-5,2
2024-01-21,0,6,Area-50,2
2024-01-21,0,6,Area-6,1
2024-01-21,0,6,Area-7,1
2024-01-21,0,6,Area-8,1
2024-01-21,0,6,Area-9,2
2024-01-21,1,6,Area-1,1
2024-01-21,1,6,Area-10,1
2024-01-21,1,6,Area-11,1
2024-01-21,1,6,Area-13,3
2024-01-21,1,6,Area-15,1
2024-01-21,1,6,Area-16,4
2024-01-21,1,6,Area-17,2
2024-01-21,1,6,Area-2,2
2024-01-21,1,6,Area-20,1
2024-01-21,1,6,Area-21,1
2024-01-21,1,6,Area-22,1
2024-01-21,1,6,Area-23,1
2024-01-21,1,6,Area-24,1
2024-01-21,1,6,Area-25,4
2024-01-21,1,6,Area-26,2
2024-01-21,1,6,Area-27,1
2024-01-21,1,6,Area-28,3
2024-01-21,1,6,Area-29,1
2024-01-21,1,6,Area-3,3
2024-01-21,1,6,Area-30,3
2024-01-21,1,6,Area-31,1
2024-01-21,1,6,Area-32,1
2024-01-21,1,6,Area-34,2
2024-01-21,1,6,Area-35,6
2024-01-21,1,6,Area-37,2
2024-01-21,1,6,Area-38,1
2024-01-21,1,6,Area-39,3
2024-01-21,1,6,Area-4,2
2024-01-21,1,6,Area-42,2
2024-01-21,1,6,Area-43,3
2024-01-21,1,6,Area-44,2
2024-01-21,1,6,Area-45,3
2024-01-21,1,6,Area-47,3
2024-01-21,1,6,Area-5,2
2024-01-21,1,6,Area-50,3
2024-01-21,1,6,Area-7,2
2024-01-21,1,6,Area-9,2
2024-01-21,2,6,Area-10,3
2024-01-21,2,6,Area-11,1
2024-01-21,2,6,Area-12,2
2024-01-21,2,6,Area-14,1
2024-01-21,2,6,Area-15,4
2024-01-21,2,6,Area-16,1
2024-01-21,2,6,Area-17,3
2024-01-21,2,6,Area-18,1
2024-01-21,2,6,Area-2,3
2024-01-21,2,6,Area-20,2
2024-01-21,2,6,Area-22,2
2024-01-21,2,6,Area-23,1
2024-01-21,2,6,Area-24,1
2024-01-21,2,6,Area-26,4
2024-01-21,2,6,Area-27,1
2024-01-21,2,6,Area-30,2
2024-01-21,2,6,Area-31,1
2024-01-21,2,6,Area-32,2
2024-01-21,2,6,Area-33,2
2024-01-21,2,6,Area-34,1
2024-01-21,2,6,Area-35,1
2024-01-21,2,6,Area-36,1
2024-01-21,2,6,Area-37,3
2024-01-21,2,6,Area-38,2
2024-01-21,2,6,Area-4,1
2024-01-21,2,6,Area-40,1
2024-01-21,2,6,Area-41,2
2024-01-21,2,6,Area-43,3
2024-01-21,2,6,Area-44,3
2024-01-21,2,6,Area-45,1
2024-01-21,2,6,Area-46,1
2024-01-21,2,6,Area-47,4
2024-01-21,2,6,Area-48,4
2024-01-21,2,6,Area-49,3
2024-01-21,2,6,Area-50,1
2024-01-21,2,6,Area-6,2
2024-01-21,2,6,Area-7,2
2024-01-21,2,6,Area-9,1
2024-01-21,3,6,Area-1,2
2024-01-21,3,6,Area-10,2
2024-01-21,3,6,Area-11,1
2024-01-21,3,6,Area-12,1
2024-01-21,3,6,Area-13,1
2024-01-21,3,6,Area-14,1
2024-01-21,3,6,Area-16,1
2024-01-21,3,6,Area-17,1
2024-01-21,3,6,Area-2,1
2024-01-21,3,6,Area-20,3
2024-01-21,3,6,Area-22,4
2024-01-21,3,6,Area-23,2
2024-01-21,3,6,Area-24,1
2024-01-21,3,6,Area-26,2
2024-01-21,3,6,Area-27,2
2024-01-21,3,6,Area-28,1
2024-01-21,3,6,Area-29,2
2024-01-21,3,6,Area-31,2
2024-01-21,3,6,Area-33,4
2024-01-21,3,6,Area-34,1
2024-01-21,3,6,Area-36,2
2024-01-21,3,6,Area-38,3
2024-01-21,3,6,Area-39,2
2024-01-21,3,6,Area-4,3
2024-01-21,3,6,Area-40,1
2024-01-21,3,6,Area-42,4
2024-01-21,3,6,Area-43,1
2024-01-21,3,6,Area-44,4
2024-01-21,3,6,Area-45,1
2024-01-21,3,6,Area-47,2
2024-01-21,3,6,Area-48,1
2024-01-21,3,6,Area-49,2
2024-01-21,3,6,Area-5,2
2024-01-21,3,6,Area-50,1
2024-01-21,3,6,Area-7,3
2024-01-21,3,6,Area-9,2
2024-01-21,4,6,Area-1,1
2024-01-21,4,6,Area-11,2
2024-01-21,4,6,Area-13,2
2024-01-21,4,6,Area-14,5
2024-01-21,4,6,Area-16,1
2024-01-21,4,6,Area-17,3
2024-01-21,4,6,Area-18,1
2024-01-21,4,6,Area-19,2
2024-01-21,4,6,Area-20,1
2024-01-21,4,6,Area-21,2
2024-01-21,4,6,Area-22,3
2024-01-21,4,6,Area-23,3
2024-01-21,4,6,Area-24,2
2024-01-21,4,6,Area-26,3
2024-01-21,4,6,Area-27,3
2024-01-21,4,6,Area-28,3
2024-01-21,4,6,Area-29,2
2024-01-21,4,6,Area-3,1
2024-01-21,4,6,Area-31,1
2024-01-21,4,6,Area-32,3
2024-01-21,4,6,Area-36,1
2024-01-21,4,6,Area-37,4
2024-01-21,4,6,Area-38,1
2024-01-21,4,6,Area-39,2
2024-01-21,4,6,Area-4,2
2024-01-21,4,6,Area-40,1
2024-01-21,4,6,Area-41,1
2024-01-21,4,6,Area-42,3
2024-01-21,4,6,Area-44,2
2024-01-21,4,6,Area-48,3
2024-01-21,4,6,Area-50,2
2024-01-21,4,6,Area-6,2
2024-01-21,4,6,Area-7,1
2024-01-21,4,6,Area-8,2
2024-01-21,4,6,Area-9,1
2024-01-21,5,6,Area-1,2
2024-01-21,5,6,Area-10,2
2024-01-21,5,6,Area-11,2
2024-01-21,5,6,Area-12,2
2024-01-21,5,6,Area-13,2
2024-01-21,5,6,Area-14,1
2024-01-21,5,6,Area-15,3
2024-01-21,5,6,Area-18,1
2024-01-21,5,6,Area-19,1
2024-01-21,5,6,Area-2,2
2024-01-21,5,6,Area-20,2
2024-01-21,5,6,Area-21,1
2024-01-21,5,6,Area-22,2
2024-01-21,5,6,Area-23,1
2024-01-21,5,6,Area-24,3
2024-01-21,5,6,Area-26,1
2024-01-21,5,6,Area-28,1
2024-01-21,5,6,Area-29,1
2024-01-21,5,6,Area-30,1
2024-01-21,5,6,Area-31,3
2024-01-21,5,6,Area-32,1
2024-01-21,5,6,Area-33,2
2024-01-21,5,6,Area-34,2
2024-01-21,5,6,Area-35,1
2024-01-21,5,6,Area-38,1
2024-01-21,5,6,Area-4,3
2024-01-21,5,6,Area-40,2
2024-01-21,5,6,Area-41,3
2024-01-21,5,6,Area-43,1
2024-01-21,5,6,Area-44,1
2024-01-21,5,6,Area-47,1
2024-01-21,5,6,Area-48,1
2024-01-21,5,6,Area-49,2
2024-01-21,5,6,Area-5,1
2024-01-21,5,6,Area-50,2
2024-01-21,5,6,Area-6,3
2024-01-21,5,6,Area-8,2
2024-01-21,5,6,Area-9,3
2024-01-21,6,6,Area-1,1
2024-01-21,6,6,Area-11,3
2024-01-21,6,6,Area-12,1
2024-01-21,6,6,Area-13,1
2024-01-21,6,6,Area-14,1
2024-01-21,6,6,Area-15,1
2024-01-21,6,6,Area-16,1
2024-01-21,6,6,Area-17,3
2024-01-21,6,6,Area-19,4
2024-01-21,6,6,Area-20,2
2024-01-21,6,6,Area-24,2
2024-01-21,6,6,Area-25,5
2024-01-21,6,6,Area-28,1
2024-01-21,6,6,Area-29,1
2024-01-21,6,6,Area-30,3
2024-01-21,6,6,Area-31,1
2024-01-21,6,6,Area-32,1
2024-01-21,6,6,Area-33,2
2024-01-21,6,6,Area-35,2
2024-01-21,6,6,Area-36,1
2024-01-21,6,6,Area-38,3
2024-01-21,6,6,Area-39,2
2024-01-21,6,6,Area-42,2
2024-01-21,6,6,Area-43,1
2024-01-21,6,6,Area-44,1
2024-01-21,6,6,Area-47,2
2024-01-21,6,6,Area-5,1
2024-01-21,6,6,Area-50,2
2024-01-21,6,6,Area-6,1
2024-01-21,6,6,Area-7,1
2024-01-21,6,6,Area-8,2
2024-01-21,6,6,Area-9,2
2024-01-21,7,6,Area-10,2
2024-01-21,7,6,Area-11,2
2024-01-21,7,6,Area-12,1
2024-01-21,7,6,Area-16,1
2024-01-21,7,6,Area-17,2
2024-01-21,7,6,Area-18,2
2024-01-21,7,6,Area-19,3
2024-01-21,7,6,Area-2,1
2024-01-21,7,6,Area-20,2
2024-01-21,7,6,Area-21,1
2024-01-21,7,6,Area-22,1
2024-01-21,7,6,Area-25,2
2024-01-21,7,6,Area-28,1
2024-01-21,7,6,Area-29,1
2024-01-21,7,6,Area-3,3
2024-01-21,7,6,Area-30,1
2024-01-21,7,6,Area-31,1
2024-01-21,7,6,Area-32,1
2024-01-21,7,6,Area-33,1
2024-01-21,7,6,Area-34,3
2024-01-21,7,6,Area-35,3
2024-01-21,7,6,Area-36,1
2024-01-21,7,6,Area-37,1
2024-01-21,7,6,Area-38,1
2024-01-21,7,6,Area-39,1
2024-01-21,7,6,Area-4,1
2024-01-21,7,6,Area-40,2
2024-01-21,7,6,Area-41,2
2024-01-21,7,6,Area-42,2
2024-01-21,7,6,Area-44,1
2024-01-21,7,6,Area-45,1
2024-01-21,7,6,Area-46,1
2024-01-21,7,6,Area-48,1
2024-01-21,7,6,Area-49,2
2024-01-21,7,6,Area-5,2
2024-01-21,7,6,Area-50,2
2024-01-21,7,6,Area-6,1
2024-01-21,7,6,Area-9,1
2024-01-21,8,6,Area-11,2
2024-01-21,8,6,Area-12,2
2024-01-21,8,6,Area-13,2
2024-01-21,8,6,Area-14,1
2024-01-21,8,6,Area-16,2
2024-01-21,8,6,Area-19,1
2024-01-21,8,6,Area-2,1
2024-01-21,8,6,Area-20,1
2024-01-21,8,6,Area-21,1
2024-01-21,8,6,Area-22,2
2024-01-21,8,6,Area-23,1
2024-01-21,8,6,Area-24,3
2024-01-21,8,6,Area-25,1
2024-01-21,8,6,Area-26,2
2024-01-21,8,6,Area-27,1
2024-01-21,8,6,Area-29,1
2024-01-21,8,6,Area-30,2
2024-01-21,8,6,Area-31,2
2024-01-21,8,6,Area-32,2
2024-01-21,8,6,Area-33,2
2024-01-21,8,6,Area-34,2
2024-01-21,8,6,Area-35,1
2024-01-21,8,6,Area-36,2
2024-01-21,8,6,Area-37,1
2024-01-21,8,6,Area-38,1
2024-01-21,8,6,Area-39,3
2024-01-21,8,6,Area-40,1
2024-01-21,8,6,Area-41,3
2024-01-21,8,6,Area-42,4
2024-01-21,8,6,Area-43,1
2024-01-21,8,6,Area-44,1
2024-01-21,8,6,Area-45,2
2024-01-21,8,6,Area-46,3
2024-01-21,8,6,Area-47,1
2024-01-21,8,6,Area-49,1
2024-01-21,8,6,Area-5,3
2024-01-21,8,6,Area-7,2
2024-01-21,8,6,Area-8,2
2024-01-21,8,6,Area-9,3
2024-01-21,9,6,Area-1,2
2024-01-21,9,6,Area-10,2
2024-01-21,9,6,Area-11,3
2024-01-21,9,6,Area-12,2
2024-01-21,9,6,Area-13,3
2024-01-21,9,6,Area-14,3
2024-01-21,9,6,Area-15,2
2024-01-21,9,6,Area-16,1
2024-01-21,9,6,Area-19,1
2024-01-21,9,6,Area-2,1
2024-01-21,9,6,Area-20,2
2024-01-21,9,6,Area-21,1
2024-01-21,9,6,Area-23,1
2024-01-21,9,6,Area-27,1
2024-01-21,9,6,Area-28,1
2024-01-21,9,6,Area-29,2
2024-01-21,9,6,Area-3,1
2024-01-21,9,6,Area-30,3
2024-01-21,9,6,Area-31,1
2024-01-21,9,6,Area-33,3
2024-01-21,9,6,Area-34,3
2024-01-21,9,6,Area-36,1
2024-01-21,9,6,Area-37,1
2024-01-21,9,6,Area-39,1
2024-01-21,9,6,Area-4,1
2024-01-21,9,6,Area-40,2
2024-01-21,9,6,Area-41,1
2024-01-21,9,6,Area-42,1
2024-01-21,9,6,Area-43,1
2024-01-21,9,6,Area-44,3
2024-01-21,9,6,Area-45,4
2024-01-21,9,6,Area-47,2
2024-01-21,9,6,Area-48,4
2024-01-21,9,6,Area-49,1
2024-01-21,9,6,Area-50,1
2024-01-21,9,6,Area-8,2
2024-01-21,9,6,Area-9,1
2024-01-21,10,6,Area-1,3
2024-01-21,10,6,Area-13,2
2024-01-21,10,6,Area-14,1
2024-01-21,10,6,Area-15,3
2024-01-21,10,6,Area-16,2
2024-01-21,10,6,Area-17,1
2024-01-21,10,6,Area-18,3
2024-01-21,10,6,Area-2,1
2024-01-21,10,6,Area-20,2
2024-01-21,10,6,Area-21,1
2024-01-21,10,6,Area-22,2
2024-01-21,10,6,Area-23,3
2024-01-21,10,6,Area-25,1
2024-01-21,10,6,Area-26,1
2024-01-21,10,6,Area-27,1
2024-01-21,10,6,Area-29,4
2024-01-21,10,6,Area-3,2
2024-01-21,10,6,Area-30,1
2024-01-21,10,6,Area-31,1
2024-01-21,10,6,Area-34,3
2024-01-21,10,6,Area-35,1
2024-01-21,10,6,Area-36,2
2024-01-21,10,6,Area-37,1
2024-01-21,10,6,Area-38,5
2024-01-21,10,6,Area-39,1
2024-01-21,10,6,Area-40,2
2024-01-21,10,6,Area-43,1
2024-01-21,10,6,Area-44,2
2024-01-21,10,6,Area-45,2
2024-01-21,10,6,Area-47,1
2024-01-21,10,6,Area-49,2
2024-01-21,10,6,Area-5,2
2024-01-21,10,6,Area-50,1
2024-01-21,10,6,Area-6,1
2024-01-21,10,6,Area-7,1
2024-01-21,10,6,Area-8,3
2024-01-21,10,6,Area-9,2
2024-01-21,11,6,Area-1,2
2024-01-21,11,6,Area-11,2
2024-01-21,11,6,Area-12,4
2024-01-21,11,6,Area-13,2
2024-01-21,11,6,Area-14,1
2024-01-21,11,6,Area-19,2
2024-01-21,11,6,Area-2,3
2024-01-21,11,6,Area-20,2
2024-01-21,11,6,Area-21,1
2024-01-21,11,6,Area-22,3
2024-01-21,11,6,Area-23,2
2024-01-21,11,6,Area-25,4
2024-01-21,11,6,Area-26,3
2024-01-21,11,6,Area-27,1
2024-01-21,11,6,Area-28,1
2024-01-21,11,6,Area-29,4
2024-01-21,11,6,Area-3,3
2024-01-21,11,6,Area-30,2
2024-01-21,11,6,Area-32,2
2024-01-21,11,6,Area-33,1
2024-01-21,11,6,Area-34,5
2024-01-21,11,6,Area-35,1
2024-01-21,11,6,Area-36,2
2024-01-21,11,6,Area-38,1
2024-01-21,11,6,Area-39,1
2024-01-21,11,6,Area-4,2
2024-01-21,11,6,Area-40,2
2024-01-21,11,6,Area-41,1
2024-01-21,11,6,Area-42,2
2024-01-21,11,6,Area-43,1
2024-01-21,11,6,Area-45,2
2024-01-21,11,6,Area-46,2
2024-01-21,11,6,Area-48,1
2024-01-21,11,6,Area-49,2
2024-01-21,11,6,Area-5,1
2024-01-21,11,6,Area-7,3
2024-01-21,11,6,Area-8,1
2024-01-21,11,6,Area-9,2
2024-01-21,12,6,Area-1,4
2024-01-21,12,6,Area-10,2
2024-01-21,12,6,Area-11,1
2024-01-21,12,6,Area-12,3
2024-01-21,12,6,Area-13,2
2024-01-21,12,6,Area-15,2
2024-01-21,12,6,Area-18,2
2024-01-21,12,6,Area-19,3
2024-01-21,12,6,Area-2,4
2024-01-21,12,6,Area-20,3
2024-01-21,12,6,Area-21,3
2024-01-21,12,6,Area-23,2
2024-01-21,12,6,Area-24,2
2024-01-21,12,6,Area-25,2
2024-01-21,12,6,Area-27,2
2024-01-21,12,6,Area-3,1
2024-01-21,12,6,Area-30,2
2024-01-21,12,6,Area-32,2
2024-01-21,12,6,Area-33,2
2024-01-21,12,6,Area-34,1
2024-01-21,12,6,Area-35,2
2024-01-21,12,6,Area-36,1
2024-01-21,12,6,Area-37,1
2024-01-21,12,6,Area-38,1
2024-01-21,12,6,Area-39,3
2024-01-21,12,6,Area-40,3
2024-01-21,12,6,Area-41,6
2024-01-21,12,6,Area-42,2
2024-01-21,12,6,Area-43,1
2024-01-21,12,6,Area-44,2
2024-01-21,12,6,Area-45,1
2024-01-21,12,6,Area-46,2
2024-01-21,12,6,Area-47,1
2024-01-21,12,6,Area-48,1
2024-01-21,12,6,Area-5,3
2024-01-21,12,6,Area-50,1
2024-01-21,12,6,Area-6,2
2024-01-21,12,6,Area-7,1
2024-01-21,12,6,Area-8,1
2024-01-21,12,6,Area-9,4
2024-01-21,13,6,Area-1,1
2024-01-21,13,6,Area-13,2
2024-01-21,13,6,Area-14,2
2024-01-21,13,6,Area-16,2
2024-01-21,13,6,Area-17,1
2024-01-21,13,6,Area-19,3
2024-01-21,13,6,Area-2,2
2024-01-21,13,6,Area-21,2
2024-01-21,13,6,Area-22,2
2024-01-21,13,6,Area-23,3
2024-01-21,13,6,Area-24,2
2024-01-21,13,6,Area-25,3
2024-01-21,13,6,Area-26,1
2024-01-21,13,6,Area-27,1
2024-01-21,13,6,Area-29,1
2024-01-21,13,6,Area-30,2
2024-01-21,13,6,Area-31,1
2024-01-21,13,6,Area-32,1
2024-01-21,13,6,Area-34,3
2024-01-21,13,6,Area-36,2
2024-01-21,13,6,Area-37,2
2024-01-21,13,6,Area-38,1
2024-01-21,13,6,Area-39,3
2024-01-21,13,6,Area-41,2
2024-01-21,13,6,Area-42,1
2024-01-21,13,6,Area-43,3
2024-01-21,13,6,Area-45,1
2024-01-21,13,6,Area-46,1
2024-01-21,13,6,Area-47,2
2024-01-21,13,6,Area-48,2
2024-01-21,13,6,Area-49,1
2024-01-21,13,6,Area-50,3
2024-01-21,13,6,Area-6,1
2024-01-21,13,6,Area-7,1
2024-01-21,13,6,Area-9,1
2024-01-21,14,6,Area-1,2
2024-01-21,14,6,Area-11,4
2024-01-21,14,6,Area-13,1
2024-01-21,14,6,Area-14,1
2024-01-21,14,6,Area-15,1
2024-01-21,14,6,Area-16,1
2024-01-21,14,6,Area-17,3
2024-01-21,14,6,Area-19,2
2024-01-21,14,6,Area-2,1
2024-01-21,14,6,Area-21,2
2024-01-21,14,6,Area-22,1
2024-01-21,14,6,Area-23,1
2024-01-21,14,6,Area-24,1
2024-01-21,14,6,Area-25,1
2024-01-21,14,6,Area-26,1
2024-01-21,14,6,Area-27,1
2024-01-21,14,6,Area-28,1
2024-01-21,14,6,Area-3,2
2024-01-21,14,6,Area-30,3
2024-01-21,14,6,Area-31,2
2024-01-21,14,6,Area-32,1
2024-01-21,14,6,Area-33,2
2024-01-21,14,6,Area-34,4
2024-01-21,14,6,Area-35,1
2024-01-21,14,6,Area-36,3
2024-01-21,14,6,Area-37,3
2024-01-21,14,6,Area-38,3
2024-01-21,14,6,Area-39,2
2024-01-21,14,6,Area-4,1
2024-01-21,14,6,Area-41,1
2024-01-21,14,6,Area-42,1
2024-01-21,14,6,Area-43,1
2024-01-21,14,6,Area-44,2
2024-01-21,14,6,Area-45,1
2024-01-21,14,6,Area-47,1
2024-01-21,14,6,Area-48,1
2024-01-21,14,6,Area-5,2
2024-01-21,14,6,Area-50,2
2024-01-21,14,6,Area-6,1
2024-01-21,14,6,Area-7,1
2024-01-21,15,6,Area-1,1
2024-01-21,15,6,Area-10,1
2024-01-21,15,6,Area-11,2
2024-01-21,15,6,Area-12,1
2024-01-21,15,6,Area-13,1
2024-01-21,15,6,Area-14,2
2024-01-21,15,6,Area-16,2
2024-01-21,15,6,Area-17,2
2024-01-21,15,6,Area-18,2
2024-01-21,15,6,Area-19,1
2024-01-21,15,6,Area-2,1
2024-01-21,15,6,Area-20,1
2024-01-21,15,6,Area-21,1
2024-01-21,15,6,Area-22,1
2024-01-21,15,6,Area-25,1
2024-01-21,15,6,Area-26,2
2024-01-21,15,6,Area-28,1
2024-01-21,15,6,Area-29,1
2024-01-21,15,6,Area-3,3
2024-01-21,15,6,Area-32,2
2024-01-21,15,6,Area-34,3
2024-01-21,15,6,Area-36,3
2024-01-21,15,6,Area-38,1
2024-01-21,15,6,Area-39,2
2024-01-21,15,6,Area-4,1
2024-01-21,15,6,Area-42,3
2024-01-21,15,6,Area-44,2
2024-01-21,15,6,Area-45,2
2024-01-21,15,6,Area-46,3
2024-01-21,15,6,Area-48,3
2024-01-21,15,6,Area-49,1
2024-01-21,15,6,Area-5,1
2024-01-21,15,6,Area-50,4
2024-01-21,15,6,Area-8,2
2024-01-21,15,6,Area-9,1
2024-01-21,16,6,Area-10,2
2024-01-21,16,6,Area-12,1
2024-01-21,16,6,Area-13,2
2024-01-21,16,6,Area-15,2
2024-01-21,16,6,Area-16,2
2024-01-21,16,6,Area-17,1
2024-01-21,16,6,Area-19,2
2024-01-21,16,6,Area-2,2
2024-01-21,16,6,Area-20,2
2024-01-21,16,6,Area-21,2
2024-01-21,16,6,Area-22,4
2024-01-21,16,6,Area-25,1
2024-01-21,16,6,Area-28,3
2024-01-21,16,6,Area-29,4
2024-01-21,16,6,Area-30,3
2024-01-21,16,6,Area-31,1
2024-01-21,16,6,Area-33,2
2024-01-21,16,6,Area-35,2
2024-01-21,16,6,Area-36,2
2024-01-21,16,6,Area-38,3
2024-01-21,16,6,Area-4,1
2024-01-21,16,6,Area-41,1
2024-01-21,16,6,Area-42,1
2024-01-21,16,6,Area-43,2
2024-01-21,16,6,Area-44,1
2024-01-21,16,6,Area-45,2
2024-01-21,16,6,Area-48,2
2024-01-21,16,6,Area-5,2
2024-01-21,16,6,Area-50,1
2024-01-21,16,6,Area-6,3
2024-01-21,16,6,Area-8,5
2024-01-21,16,6,Area-9,2
2024-01-21,17,6,Area-1,4
2024-01-21,17,6,Area-10,1
2024-01-21,17,6,Area-11,1
2024-01-21,17,6,Area-12,1
2024-01-21,17,6,Area-14,1
2024-01-21,17,6,Area-15,1
2024-01-21,17,6,Area-16,1
2024-01-21,17,6,Area-17,2
2024-01-21,17,6,Area-18,4
2024-01-21,17,6,Area-19,1
2024-01-21,17,6,Area-2,2
2024-01-21,17,6,Area-20,2
2024-01-21,17,6,Area-21,1
2024-01-21,17,6,Area-22,2
2024-01-21,17,6,Area-23,4
2024-01-21,17,6,Area-27,2
2024-01-21,17,6,Area-28,2
2024-01-21,17,6,Area-29,2
2024-01-21,17,6,Area-30,1
2024-01-21,17,6,Area-34,1
2024-01-21,17,6,Area-36,1
2024-01-21,17,6,Area-37,1
2024-01-21,17,6,Area-38,1
2024-01-21,17,6,Area-39,1
2024-01-21,17,6,Area-4,1
2024-01-21,17,6,Area-40,2
2024-01-21,17,6,Area-41,1
2024-01-21,17,6,Area-42,1
2024-01-21,17,6,Area-43,2
2024-01-21,17,6,Area-44,2
2024-01-21,17,6,Area-45,1
2024-01-21,17,6,Area-46,1
2024-01-21,17,6,Area-47,1
2024-01-21,17,6,Area-49,1
2024-01-21,17,6,Area-7,3
2024-01-21,17,6,Area-8,3
2024-01-21,17,6,Area-9,4
2024-01-21,18,6,Area-11,1
2024-01-21,18,6,Area-12,2
2024-01-21,18,6,Area-15,1
2024-01-21,18,6,Area-16,1
2024-01-21,18,6,Area-18,1
2024-01-21,18,6,Area-19,1
2024-01-21,18,6,Area-2,3
2024-01-21,18,6,Area-21,1
2024-01-21,18,6,Area-22,2
2024-01-21,18,6,Area-23,2
2024-01-21,18,6,Area-26,2
2024-01-21,18,6,Area-27,1
2024-01-21,18,6,Area-28,3
2024-01-21,18,6,Area-29,1
2024-01-21,18,6,Area-3,1
2024-01-21,18,6,Area-31,1
2024-01-21,18,6,Area-32,1
2024-01-21,18,6,Area-33,1
2024-01-21,18,6,Area-34,2
2024-01-21,18,6,Area-36,2
2024-01-21,18,6,Area-37,1
2024-01-21,18,6,Area-38,4
2024-01-21,18,6,Area-39,1
2024-01-21,18,6,Area-4,4
2024-01-21,18,6,Area-42,1
2024-01-21,18,6,Area-43,2
2024-01-21,18,6,Area-44,1
2024-01-21,18,6,Area-45,3
2024-01-21,18,6,Area-46,1
2024-01-21,18,6,Area-47,1
2024-01-21,18,6,Area-49,2
2024-01-21,18,6,Area-6,1
2024-01-21,18,6,Area-7,2
2024-01-21,18,6,Area-8,2
2024-01-21,18,6,Area-9,3
2024-01-21,19,6,Area-1,2
2024-01-21,19,6,Area-12,2
2024-01-21,19,6,Area-13,1
2024-01-21,19,6,Area-14,2
2024-01-21,19,6,Area-15,1
2024-01-21,19,6,Area-16,2
2024-01-21,19,6,Area-17,1
2024-01-21,19,6,Area-18,1
2024-01-21,19,6,Area-19,1
2024-01-21,19,6,Area-2,5
2024-01-21,19,6,Area-20,2
2024-01-21,19,6,Area-21,1
2024-01-21,19,6,Area-23,3
2024-01-21,19,6,Area-24,2
2024-01-21,19,6,Area-25,2
2024-01-21,19,6,Area-26,4
2024-01-21,19,6,Area-27,3
2024-01-21,19,6,Area-28,2
2024-01-21,19,6,Area-29,4
2024-01-21,19,6,Area-3,1
2024-01-21,19,6,Area-30,2
2024-01-21,19,6,Area-31,1
2024-01-21,19,6,Area-32,3
2024-01-21,19,6,Area-33,1
2024-01-21,19,6,Area-34,5
2024-01-21,19,6,Area-35,1
2024-01-21,19,6,Area-37,1
2024-01-21,19,6,Area-38,2
2024-01-21,19,6,Area-39,3
2024-01-21,19,6,Area-40,1
2024-01-21,19,6,Area-42,2
2024-01-21,19,6,Area-43,1
2024-01-21,19,6,Area-46,1
2024-01-21,19,6,Area-47,1
2024-01-21,19,6,Area-48,1
2024-01-21,19,6,Area-49,1
2024-01-21,19,6,Area-5,2
2024-01-21,19,6,Area-50,1
2024-01-21,19,6,Area-6,4
2024-01-21,19,6,Area-7,2
2024-01-21,19,6,Area-8,2
2024-01-21,19,6,Area-9,1
2024-01-21,20,6,Area-11,2
2024-01-21,20,6,Area-12,2
2024-01-21,20,6,Area-14,3
2024-01-21,20,6,Area-15,3
2024-01-21,20,6,Area-17,2
2024-01-21,20,6,Area-18,3
2024-01-21,20,6,Area-19,2
2024-01-21,20,6,Area-2,2
2024-01-21,20,6,Area-20,2
2024-01-21,20,6,Area-21,1
2024-01-21,20,6,Area-22,1
2024-01-21,20,6,Area-23,2
2024-01-21,20,6,Area-24,3
2024-01-21,20,6,Area-25,1
2024-01-21,20,6,Area-26,1
2024-01-21,20,6,Area-27,2
2024-01-21,20,6,Area-29,4
2024-01-21,20,6,Area-30,2
2024-01-21,20,6,Area-31,1
2024-01-21,20,6,Area-32,2
2024-01-21,20,6,Area-33,2
2024-01-21,20,6,Area-35,4
2024-01-21,20,6,Area-36,1
2024-01-21,20,6,Area-37,1
2024-01-21,20,6,Area-38,2
2024-01-21,20,6,Area-4,2
2024-01-21,20,6,Area-40,2
2024-01-21,20,6,Area-41,1
2024-01-21,20,6,Area-42,5
2024-01-21,20,6,Area-44,2
2024-01-21,20,6,Area-45,1
2024-01-21,20,6,Area-46,2
2024-01-21,20,6,Area-47,2
2024-01-21,20,6,Area-48,1
2024-01-21,20,6,Area-49,2
2024-01-21,20,6,Area-5,2
2024-01-21,20,6,Area-6,1
2024-01-21,20,6,Area-7,1
2024-01-21,20,6,Area-8,1
2024-01-21,21,6,Area-1,2
2024-01-21,21,6,Area-10,3
2024-01-21,21,6,Area-12,1
2024-01-21,21,6,Area-13,2
2024-01-21,21,6,Area-14,1
2024-01-21,21,6,Area-15,4
2024-01-21,21,6,Area-16,1
2024-01-21,21,6,Area-19,1
2024-01-21,21,6,Area-2,2
2024-01-21,21,6,Area-20,4
2024-01-21,21,6,Area-22,1
2024-01-21,21,6,Area-25,1
2024-01-21,21,6,Area-26,2
2024-01-21,21,6,Area-27,2
2024-01-21,21,6,Area-29,2
2024-01-21,21,6,Area-3,1
2024-01-21,21,6,Area-30,1
2024-01-21,21,6,Area-31,2
2024-01-21,21,6,Area-32,3
2024-01-21,21,6,Area-33,1
2024-01-21,21,6,Area-35,1
2024-01-21,21,6,Area-36,1
2024-01-21,21,6,Area-37,1
2024-01-21,21,6,Area-38,1
2024-01-21,21,6,Area-39,1
2024-01-21,21,6,Area-40,3
2024-01-21,21,6,Area-41,1
2024-01-21,21,6,Area-44,1
2024-01-21,21,6,Area-45,1
2024-01-21,21,6,Area-47,1
2024-01-21,21,6,Area-48,1
2024-01-21,21,6,Area-49,1
2024-01-21,21,6,Area-5,2
2024-01-21,21,6,Area-50,3
2024-01-21,21,6,Area-6,1
2024-01-21,21,6,Area-7,1
2024-01-21,21,6,Area-8,5
2024-01-21,21,6,Area-9,1
2024-01-21,22,6,Area-1,2
2024-01-21,22,6,Area-10,3
2024-01-21,22,6,Area-11,5
2024-01-21,22,6,Area-13,3
2024-01-21,22,6,Area-14,1
2024-01-21,22,6,Area-15,1
2024-01-21,22,6,Area-16,1
2024-01-21,22,6,Area-17,1
2024-01-21,22,6,Area-19,1
2024-01-21,22,6,Area-2,1
2024-01-21,22,6,Area-22,2
2024-01-21,22,6,Area-23,1
2024-01-21,22,6,Area-26,4
2024-01-21,22,6,Area-27,1
2024-01-21,22,6,Area-28,3
2024-01-21,22,6,Area-3,3
2024-01-21,22,6,Area-30,1
2024-01-21,22,6,Area-31,1
2024-01-21,22,6,Area-33,2
2024-01-21,22,6,Area-34,1
2024-01-21,22,6,Area-35,1
2024-01-21,22,6,Area-36,3
2024-01-21,22,6,Area-39,2
2024-01-21,22,6,Area-4,1
2024-01-21,22,6,Area-40,2
2024-01-21,22,6,Area-41,1
2024-01-21,22,6,Area-43,3
2024-01-21,22,6,Area-44,3
2024-01-21,22,6,Area-46,1
2024-01-21,22,6,Area-47,2
2024-01-21,22,6,Area-48,2
2024-01-21,22,6,Area-49,2
2024-01-21,22,6,Area-5,3
2024-01-21,22,6,Area-50,5
2024-01-21,22,6,Area-7,2
2024-01-21,22,6,Area-8,3
2024-01-21,22,6,Area-9,2
2024-01-21,23,6,Area-1,4
2024-01-21,23,6,Area-10,4
2024-01-21,23,6,Area-12,1
2024-01-21,23,6,Area-13,1
2024-01-21,23,6,Area-15,1
2024-01-21,23,6,Area-16,1
2024-01-21,23,6,Area-17,2
2024-01-21,23,6,Area-18,1
2024-01-21,23,6,Area-19,1
2024-01-21,23,6,Area-20,3
2024-01-21,23,6,Area-21,1
2024-01-21,23,6,Area-23,1
2024-01-21,23,6,Area-26,3
2024-01-21,23,6,Area-27,2
2024-01-21,23,6,Area-28,1
2024-01-21,23,6,Area-29,1
2024-01-21,23,6,Area-3,1
2024-01-21,23,6,Area-30,3
2024-01-21,23,6,Area-31,3
2024-01-21,23,6,Area-32,1
2024-01-21,23,6,Area-33,1
2024-01-21,23,6,Area-34,2
2024-01-21,23,6,Area-36,2
2024-01-21,23,6,Area-39,2
2024-01-21,23,6,Area-4,1
2024-01-21,23,6,Area-40,2
2024-01-21,23,6,Area-41,1
2024-01-21,23,6,Area-42,2
2024-01-21,23,6,Area-43,2
2024-01-21,23,6,Area-44,1
2024-01-21,23,6,Area-45,2
2024-01-21,23,6,Area-47,2
2024-01-21,23,6,Area-48,1
2024-01-21,23,6,Area-49,1
2024-01-21,23,6,Area-5,1
2024-01-21,23,6,Area-50,4
2024-01-21,23,6,Area-6,1
2024-01-21,23,6,Area-7,2
2024-01-21,23,6,Area-8,2
2024-01-22,0,0,Area-11,1
2024-01-22,0,0,Area-12,1
2024-01-22,0,0,Area-14,2
2024-01-22,0,0,Area-16,6
2024-01-22,0,0,Area-18,4
2024-01-22,0,0,Area-19,1
2024-01-22,0,0,Area-2,2
2024-01-22,0,0,Area-21,1
2024-01-22,0,0,Area-22,2
2024-01-22,0,0,Area-24,1
2024-01-22,0,0,Area-25,2
2024-01-22,0,0,Area-28,1
2024-01-22,0,0,Area-3,2
2024-01-22,0,0,Area-30,1
2024-01-22,0,0,Area-32,1
2024-01-22,0,0,Area-33,1
2024-01-22,0,0,Area-34,2
2024-01-22,0,0,Area-36,1
2024-01-22,0,0,Area-37,1
2024-01-22,0,0,Area-38,1
2024-01-22,0,0,Area-39,1
2024-01-22,0,0,Area-4,1
2024-01-22,0,0,Area-40,1
2024-01-22,0,0,Area-41,2
2024-01-22,0,0,Area-43,4
2024-01-22,0,0,Area-45,2
2024-01-22,0,0,Area-46,3
2024-01-22,0,0,Area-47,2
2024-01-22,0,0,Area-49,3
2024-01-22,0,0,Area-5,1
2024-01-22,0,0,Area-50,4
2024-01-22,0,0,Area-6,4
2024-01-22,0,0,Area-7,2
2024-01-22,0,0,Area-8,1
2024-01-22,0,0,Area-9,2
2024-01-22,1,0,Area-1,3
2024-01-22,1,0,Area-10,3
2024-01-22,1,0,Area-12,1
2024-01-22,1,0,Area-14,1
2024-01-22,1,0,Area-15,2
2024-01-22,1,0,Area-16,2
2024-01-22,1,0,Area-17,1
2024-01-22,1,0,Area-18,2
2024-01-22,1,0,Area-19,1
2024-01-22,1,0,Area-2,1
2024-01-22,1,0,Area-20,1
2024-01-22,1,0,Area-21,1
2024-01-22,1,0,Area-22,1
2024-01-22,1,0,Area-25,2
2024-01-22,1,0,Area-27,1
2024-01-22,1,0,Area-29,1
2024-01-22,1,0,Area-3,2
2024-01-22,1,0,Area-30,2
2024-01-22,1,0,Area-33,4
2024-01-22,1,0,Area-35,2
2024-01-22,1,0,Area-36,3
2024-01-22,1,0,Area-38,2
2024-01-22,1,0,Area-39,2
2024-01-22,1,0,Area-4,1
2024-01-22,1,0,Area-40,2
2024-01-22,1,0,Area-42,1
2024-01-22,1,0,Area-43,1
2024-01-22,1,0,Area-44,3
2024-01-22,1,0,Area-45,1
2024-01-22,1,0,Area-46,4
2024-01-22,1,0,Area-48,1
2024-01-22,1,0,Area-49,3
2024-01-22,1,0,Area-5,4
2024-01-22,1,0,Area-50,1
2024-01-22,1,0,Area-7,2
2024-01-22,1,0,Area-8,3
2024-01-22,1,0,Area-9,4
2024-01-22,2,0,Area-1,1
2024-01-22,2,0,Area-10,1
2024-01-22,2,0,Area-12,2
2024-01-22,2,0,Area-13,3
2024-01-22,2,0,Area-14,1
2024-01-22,2,0,Area-15,1
2024-01-22,2,0,Area-16,1
2024-01-22,2,0,Area-17,2
2024-01-22,2,0,Area-19,2
2024-01-22,2,0,Area-2,1
2024-01-22,2,0,Area-22,2
2024-01-22,2,0,Area-23,1
2024-01-22,2,0,Area-24,1
2024-01-22,2,0,Area-25,1
2024-01-22,2,0,Area-27,2
2024-01-22,2,0,Area-28,2
2024-01-22,2,0,Area-30,1
2024-01-22,2,0,Area-31,1
2024-01-22,2,0,Area-32,2
2024-01-22,2,0,Area-34,1
2024-01-22,2,0,Area-35,2
2024-01-22,2,0,Area-36,1
2024-01-22,2,0,Area-37,3
2024-01-22,2,0,Area-38,2
2024-01-22,2,0,Area-39,3
2024-01-22,2,0,Area-4,2
2024-01-22,2,0,Area-40,1
2024-01-22,2,0,Area-41,1
2024-01-22,2,0,Area-42,2
2024-01-22,2,0,Area-43,1
2024-01-22,2,0,Area-45,2
2024-01-22,2,0,Area-46,1
2024-01-22,2,0,Area-47,1
2024-01-22,2,0,Area-48,2
2024-01-22,2,0,Area-49,1
2024-01-22,2,0,Area-50,4
2024-01-22,2,0,Area-7,1
2024-01-22,2,0,Area-8,2
2024-01-22,2,0,Area-9,4
2024-01-22,3,0,Area-1,5
2024-01-22,3,0,Area-11,2
2024-01-22,3,0,Area-12,2
2024-01-22,3,0,Area-13,3
2024-01-22,3,0,Area-14,4
2024-01-22,3,0,Area-15,2
2024-01-22,3,0,Area-16,2
2024-01-22,3,0,Area-17,2
2024-01-22,3,0,Area-18,1
2024-01-22,3,0,Area-19,1
2024-01-22,3,0,Area-2,3
2024-01-22,3,0,Area-20,1
2024-01-22,3,0,Area-21,1
2024-01-22,3,0,Area-22,1
2024-01-22,3,0,Area-24,1
2024-01-22,3,0,Area-25,2
2024-01-22,3,0,Area-26,2
2024-01-22,3,0,Area-27,3
2024-01-22,3,0,Area-29,2
2024-01-22,3,0,Area-3,1
2024-01-22,3,0,Area-31,3
2024-01-22,3,0,Area-32,3
2024-01-22,3,0,Area-33,4
2024-01-22,3,0,Area-35,1
2024-01-22,3,0,Area-36,4
2024-01-22,3,0,Area-37,4
2024-01-22,3,0,Area-38,1
2024-01-22,3,0,Area-39,2
2024-01-22,3,0,Area-4,4
2024-01-22,3,0,Area-40,1
2024-01-22,3,0,Area-41,2
2024-01-22,3,0,Area-44,1
2024-01-22,3,0,Area-46,1
2024-01-22,3,0,Area-47,1
2024-01-22,3,0,Area-48,1
2024-01-22,3,0,Area-49,1
2024-01-22,3,0,Area-5,1
2024-01-22,3,0,Area-50,1
2024-01-22,3,0,Area-6,2
2024-01-22,3,0,Area-8,2
2024-01-22,3,0,Area-9,1
2024-01-22,4,0,Area-10,2
2024-01-22,4,0,Area-12,2
2024-01-22,4,0,Area-13,1
2024-01-22,4,0,Area-15,1
2024-01-22,4,0,Area-17,1
2024-01-22,4,0,Area-18,2
2024-01-22,4,0,Area-19,2
2024-01-22,4,0,Area-2,2
2024-01-22,4,0,Area-20,4
2024-01-22,4,0,Area-22,4
2024-01-22,4,0,Area-23,2
2024-01-22,4,0,Area-25,1
2024-01-22,4,0,Area-26,1
2024-01-22,4,0,Area-27,1
2024-01-22,4,0,Area-29,4
2024-01-22,4,0,Area-31,1
2024-01-22,4,0,Area-32,3
2024-01-22,4,0,Area-33,1
2024-01-22,4,0,Area-35,2
2024-01-22,4,0,Area-36,2
2024-01-22,4,0,Area-39,2
2024-01-22,4,0,Area-4,2
2024-01-22,4,0,Area-44,1
2024-01-22,4,0,Area-45,3
2024-01-22,4,0,Area-47,2
2024-01-22,4,0,Area-48,1
2024-01-22,4,0,Area-49,1
2024-01-22,4,0,Area-5,1
2024-01-22,4,0,Area-50,3
2024-01-22,4,0,Area-7,2
2024-01-22,4,0,Area-9,3
2024-01-22,5,0,Area-10,1
2024-01-22,5,0,Area-11,4
2024-01-22,5,0,Area-12,2
2024-01-22,5,0,Area-13,1
2024-01-22,5,0,Area-15,3
2024-01-22,5,0,Area-16,3
2024-01-22,5,0,Area-17,2
2024-01-22,5,0,Area-18,2
2024-01-22,5,0,Area-19,4
2024-01-22,5,0,Area-20,2
2024-01-22,5,0,Area-21,3
2024-01-22,5,0,Area-22,2
2024-01-22,5,0,Area-23,1
2024-01-22,5,0,Area-24,5
2024-01-22,5,0,Area-26,2
2024-01-22,5,0,Area-27,2
2024-01-22,5,0,Area-29,1
2024-01-22,5,0,Area-30,1
2024-01-22,5,0,Area-31,3
2024-01-22,5,0,Area-32,1
2024-01-22,5,0,Area-35,1
2024-01-22,5,0,Area-36,2
2024-01-22,5,0,Area-37,2
2024-01-22,5,0,Area-38,4
2024-01-22,5,0,Area-39,1
2024-01-22,5,0,Area-4,2
2024-01-22,5,0,Area-40,2
2024-01-22,5,0,Area-41,1
2024-01-22,5,0,Area-42,2
2024-01-22,5,0,Area-43,1
2024-01-22,5,0,Area-44,2
2024-01-22,5,0,Area-45,2
2024-01-22,5,0,Area-46,1
2024-01-22,5,0,Area-47,1
2024-01-22,5,0,Area-49,1
2024-01-22,5,0,Area-50,1
2024-01-22,5,0,Area-7,1
2024-01-22,5,0,Area-8,1
2024-01-22,5,0,Area-9,3
2024-01-22,6,0,Area-1,2
2024-01-22,6,0,Area-10,5
2024-01-22,6,0,Area-11,1
2024-01-22,6,0,Area-12,1
2024-01-22,6,0,Area-13,2
2024-01-22,6,0,Area-16,3
2024-01-22,6,0,Area-17,4
2024-01-22,6,0,Area-18,1
2024-01-22,6,0,Area-19,3
2024-01-22,6,0,Area-20,2
2024-01-22,6,0,Area-22,1
2024-01-22,6,0,Area-23,2
2024-01-22,6,0,Area-24,1
2024-01-22,6,0,Area-25,2
2024-01-22,6,0,Area-26,1
2024-01-22,6,0,Area-28,3
2024-01-22,6,0,Area-29,2
2024-01-22,6,0,Area-30,2
2024-01-22,6,0,Area-31,2
2024-01-22,6,0,Area-32,3
2024-01-22,6,0,Area-33,3
2024-01-22,6,0,Area-34,3
2024-01-22,6,0,Area-36,1
2024-01-22,6,0,Area-38,1
2024-01-22,6,0,Area-39,3
2024-01-22,6,0,Area-4,1
2024-01-22,6,0,Area-40,2
2024-01-22,6,0,Area-41,4
2024-01-22,6,0,Area-42,3
2024-01-22,6,0,Area-43,1
2024-01-22,6,0,Area-45,2
2024-01-22,6,0,Area-46,1
2024-01-22,6,0,Area-47,2
2024-01-22,6,0,Area-48,3
2024-01-22,6,0,Area-49,1
2024-01-22,6,0,Area-50,3
2024-01-22,6,0,Area-6,1
2024-01-22,6,0,Area-7,2
2024-01-22,6,0,Area-8,1
2024-01-22,6,0,Area-9,2
2024-01-22,7,0,Area-1,1
2024-01-22,7,0,Area-10,2
2024-01-22,7,0,Area-11,3
2024-01-22,7,0,Area-12,2
2024-01-22,7,0,Area-14,1
2024-01-22,7,0,Area-15,1
2024-01-22,7,0,Area-16,2
2024-01-22,7,0,Area-17,1
2024-01-22,7,0,Area-18,3
2024-01-22,7,0,Area-19,3
2024-01-22,7,0,Area-2,2
2024-01-22,7,0,Area-20,4
2024-01-22,7,0,Area-21,2
2024-01-22,7,0,Area-22,1
2024-01-22,7,0,Area-23,1
2024-01-22,7,0,Area-25,3
2024-01-22,7,0,Area-27,1
2024-01-22,7,0,Area-29,1
2024-01-22,7,0,Area-3,1
2024-01-22,7,0,Area-30,1
2024-01-22,7,0,Area-31,1
2024-01-22,7,0,Area-33,1
2024-01-22,7,0,Area-34,2
2024-01-22,7,0,Area-36,1
2024-01-22,7,0,Area-37,1
2024-01-22,7,0,Area-38,2
2024-01-22,7,0,Area-39,2
2024-01-22,7,0,Area-4,3
2024-01-22,7,0,Area-40,2
2024-01-22,7,0,Area-41,3
2024-01-22,7,0,Area-42,1
2024-01-22,7,0,Area-43,2
2024-01-22,7,0,Area-44,1
2024-01-22,7,0,Area-45,2
2024-01-22,7,0,Area-47,2
2024-01-22,7,0,Area-49,3
2024-01-22,7,0,Area-5,2
2024-01-22,7,0,Area-7,1
2024-01-22,7,0,Area-8,2
2024-01-22,7,0,Area-9,2
2024-01-22,8,0,Area-1,4
2024-01-22,8,0,Area-10,1
2024-01-22,8,0,Area-11,1
2024-01-22,8,0,Area-13,1
2024-01-22,8,0,Area-15,1
2024-01-22,8,0,Area-17,2
2024-01-22,8,0,Area-18,2
2024-01-22,8,0,Area-2,3
2024-01-22,8,0,Area-21,1
2024-01-22,8,0,Area-22,2
2024-01-22,8,0,Area-24,1
2024-01-22,8,0,Area-25,1
2024-01-22,8,0,Area-27,2
2024-01-22,8,0,Area-29,3
2024-01-22,8,0,Area-3,1
2024-01-22,8,0,Area-31,2
2024-01-22,8,0,Area-33,2
2024-01-22,8,0,Area-37,2
2024-01-22,8,0,Area-38,2
2024-01-22,8,0,Area-39,2
2024-01-22,8,0,Area-4,2
2024-01-22,8,0,Area-41,3
2024-01-22,8,0,Area-42,2
2024-01-22,8,0,Area-43,3
2024-01-22,8,0,Area-45,2
2024-01-22,8,0,Area-46,1
2024-01-22,8,0,Area-48,1
2024-01-22,8,0,Area-5,2
2024-01-22,8,0,Area-6,2
2024-01-22,8,0,Area-7,1
2024-01-22,8,0,Area-8,2
2024-01-22,9,0,Area-10,1
2024-01-22,9,0,Area-11,3
2024-01-22,9,0,Area-13,2
2024-01-22,9,0,Area-14,1
2024-01-22,9,0,Area-16,1
2024-01-22,9,0,Area-17,3
2024-01-22,9,0,Area-18,3
2024-01-22,9,0,Area-19,1
2024-01-22,9,0,Area-2,2
2024-01-22,9,0,Area-20,1
2024-01-22,9,0,Area-21,3
2024-01-22,9,0,Area-22,3
2024-01-22,9,0,Area-23,1
2024-01-22,9,0,Area-24,1
2024-01-22,9,0,Area-25,1
2024-01-22,9,0,Area-26,1
2024-01-22,9,0,Area-28,1
2024-01-22,9,0,Area-29,2
2024-01-22,9,0,Area-3,1
2024-01-22,9,0,Area-31,1
2024-01-22,9,0,Area-32,2
2024-01-22,9,0,Area-33,1
2024-01-22,9,0,Area-34,1
2024-01-22,9,0,Area-35,2
2024-01-22,9,0,Area-36,2
2024-01-22,9,0,Area-37,3
2024-01-22,9,0,Area-38,4
2024-01-22,9,0,Area-39,2
2024-01-22,9,0,Area-4,5
2024-01-22,9,0,Area-40,2
2024-01-22,9,0,Area-43,2
2024-01-22,9,0,Area-45,3
2024-01-22,9,0,Area-46,1
2024-01-22,9,0,Area-47,3
2024-01-22,9,0,Area-48,1
2024-01-22,9,0,Area-49,1
2024-01-22,9,0,Area-5,2
2024-01-22,9,0,Area-6,2
2024-01-22,9,0,Area-7,2
2024-01-22,9,0,Area-8,4
2024-01-22,10,0,Area-10,1
2024-01-22,10,0,Area-11,5
2024-01-22,10,0,Area-12,5
2024-01-22,10,0,Area-13,2
2024-01-22,10,0,Area-14,1
2024-01-22,10,0,Area-15,2
2024-01-22,10,0,Area-16,3
2024-01-22,10,0,Area-17,2
2024-01-22,10,0,Area-19,2
2024-01-22,10,0,Area-20,1
2024-01-22,10,0,Area-23,1
2024-01-22,10,0,Area-25,1
2024-01-22,10,0,Area-26,1
2024-01-22,10,0,Area-27,4
2024-01-22,10,0,Area-31,1
2024-01-22,10,0,Area-32,2
2024-01-22,10,0,Area-33,1
2024-01-22,10,0,Area-34,5
2024-01-22,10,0,Area-35,2
2024-01-22,10,0,Area-37,2
2024-01-22,10,0,Area-38,2
2024-01-22,10,0,Area-39,1
2024-01-22,10,0,Area-4,2
2024-01-22,10,0,Area-40,1
2024-01-22,10,0,Area-42,3
2024-01-22,10,0,Area-43,1
2024-01-22,10,0,Area-45,1
2024-01-22,10,0,Area-46,1
2024-01-22,10,0,Area-48,3
2024-01-22,10,0,Area-49,3
2024-01-22,10,0,Area-5,1
2024-01-22,10,0,Area-50,1
2024-01-22,10,0,Area-6,2
2024-01-22,10,0,Area-7,2
2024-01-22,10,0,Area-8,3
2024-01-22,10,0,Area-9,1
2024-01-22,11,0,Area-1,1
2024-01-22,11,0,Area-10,1
2024-01-22,11,0,Area-13,2
2024-01-22,11,0,Area-14,2
2024-01-22,11,0,Area-16,2
2024-01-22,11,0,Area-18,4
2024-01-22,11,0,Area-2,3
2024-01-22,11,0,Area-21,2
2024-01-22,11,0,Area-23,1
2024-01-22,11,0,Area-25,1
2024-01-22,11,0,Area-28,1
2024-01-22,11,0,Area-29,1
2024-01-22,11,0,Area-30,1
2024-01-22,11,0,Area-31,1
2024-01-22,11,0,Area-33,2
2024-01-22,11,0,Area-34,3
2024-01-22,11,0,Area-35,2
2024-01-22,11,0,Area-36,2
2024-01-22,11,0,Area-37,3
2024-01-22,11,0,Area-39,2
2024-01-22,11,0,Area-40,1
2024-01-22,11,0,Area-41,1
2024-01-22,11,0,Area-43,3
2024-01-22,11,0,Area-44,2
2024-01-22,11,0,Area-45,2
2024-01-22,11,0,Area-46,1
2024-01-22,11,0,Area-47,2
2024-01-22,11,0,Area-48,1
2024-01-22,11,0,Area-49,2
2024-01-22,11,0,Area-5,3
2024-01-22,11,0,Area-6,2
2024-01-22,11,0,Area-7,3
2024-01-22,11,0,Area-8,4
2024-01-22,11,0,Area-9,2
2024-01-22,12,0,Area-1,2
2024-01-22,12,0,Area-12,1
2024-01-22,12,0,Area-13,2
2024-01-22,12,0,Area-14,3
2024-01-22,12,0,Area-15,3
2024-01-22,12,0,Area-16,4
2024-01-22,12,0,Area-19,1
2024-01-22,12,0,Area-2,2
2024-01-22,12,0,Area-20,4
2024-01-22,12,0,Area-22,1
2024-01-22,12,0,Area-23,1
2024-01-22,12,0,Area-24,2
2024-01-22,12,0,Area-25,2
2024-01-22,12,0,Area-26,2
2024-01-22,12,0,Area-28,1
2024-01-22,12,0,Area-3,3
2024-01-22,12,0,Area-30,1
2024-01-22,12,0,Area-31,1
2024-01-22,12,0,Area-33,2
2024-01-22,12,0,Area-34,1
2024-01-22,12,0,Area-35,2
2024-01-22,12,0,Area-36,3
2024-01-22,12,0,Area-37,2
2024-01-22,12,0,Area-39,3
2024-01-22,12,0,Area-4,2
2024-01-22,12,0,Area-43,4
2024-01-22,12,0,Area-44,4
2024-01-22,12,0,Area-46,6
2024-01-22,12,0,Area-5,2
2024-01-22,12,0,Area-6,3
2024-01-22,12,0,Area-9,3
2024-01-22,13,0,Area-1,1
2024-01-22,13,0,Area-10,1
2024-01-22,13,0,Area-11,1
2024-01-22,13,0,Area-14,1
2024-01-22,13,0,Area-15,1
2024-01-22,13,0,Area-16,4
2024-01-22,13,0,Area-17,1
2024-01-22,13,0,Area-18,1
2024-01-22,13,0,Area-19,1
2024-01-22,13,0,Area-2,2
2024-01-22,13,0,Area-20,2
2024-01-22,13,0,Area-23,1
2024-01-22,13,0,Area-24,3
2024-01-22,13,0,Area-25,1
2024-01-22,13,0,Area-27,1
2024-01-22,13,0,Area-3,2
2024-01-22,13,0,Area-30,3
2024-01-22,13,0,Area-32,1
2024-01-22,13,0,Area-33,1
2024-01-22,13,0,Area-34,3
2024-01-22,13,0,Area-35,3
2024-01-22,13,0,Area-36,1
2024-01-22,13,0,Area-4,1
2024-01-22,13,0,Area-43,1
2024-01-22,13,0,Area-44,1
2024-01-22,13,0,Area-46,2
2024-01-22,13,0,Area-47,2
2024-01-22,13,0,Area-48,3
2024-01-22,13,0,Area-49,1
2024-01-22,13,0,Area-5,1
2024-01-22,13,0,Area-50,4
2024-01-22,13,0,Area-6,3
2024-01-22,13,0,Area-8,4
2024-01-22,13,0,Area-9,2
2024-01-22,14,0,Area-1,1
2024-01-22,14,0,Area-10,2
2024-01-22,14,0,Area-12,1
2024-01-22,14,0,Area-16,4
2024-01-22,14,0,Area-18,3
2024-01-22,14,0,Area-19,1
2024-01-22,14,0,Area-2,2
2024-01-22,14,0,Area-20,2
2024-01-22,14,0,Area-21,2
2024-01-22,14,0,Area-22,2
2024-01-22,14,0,Area-23,1
2024-01-22,14,0,Area-24,2
2024-01-22,14,0,Area-25,1
2024-01-22,14,0,Area-26,2
2024-01-22,14,0,Area-27,2
2024-01-22,14,0,Area-28,2
2024-01-22,14,0,Area-29,1
2024-01-22,14,0,Area-3,1
2024-01-22,14,0,Area-31,1
2024-01-22,14,0,Area-33,2
2024-01-22,14,0,Area-34,3
2024-01-22,14,0,Area-35,1
2024-01-22,14,0,Area-36,3
2024-01-22,14,0,Area-37,1
2024-01-22,14,0,Area-38,1
2024-01-22,14,0,Area-39,1
2024-01-22,14,0,Area-4,1
2024-01-22,14,0,Area-40,3
2024-01-22,14,0,Area-41,1
2024-01-22,14,0,Area-42,1
2024-01-22,14,0,Area-43,3
2024-01-22,14,0,Area-45,1
2024-01-22,14,0,Area-46,1
2024-01-22,14,0,Area-47,4
2024-01-22,14,0,Area-5,2
2024-01-22,14,0,Area-50,1
2024-01-22,14,0,Area-7,1
2024-01-22,14,0,Area-8,1
2024-01-22,14,0,Area-9,2
2024-01-22,15,0,Area-1,2
2024-01-22,15,0,Area-10,1
2024-01-22,15,0,Area-11,3
2024-01-22,15,0,Area-12,3
2024-01-22,15,0,Area-14,5
2024-01-22,15,0,Area-15,3
2024-01-22,15,0,Area-16,1
2024-01-22,15,0,Area-17,2
2024-01-22,15,0,Area-18,1
2024-01-22,15,0,Area-19,1
2024-01-22,15,0,Area-2,1
2024-01-22,15,0,Area-20,3
2024-01-22,15,0,Area-21,1
2024-01-22,15,0,Area-22,1
2024-01-22,15,0,Area-23,2
2024-01-22,15,0,Area-24,1
2024-01-22,15,0,Area-25,1
2024-01-22,15,0,Area-27,2
2024-01-22,15,0,Area-28,1
2024-01-22,15,0,Area-29,4
2024-01-22,15,0,Area-3,3
2024-01-22,15,0,Area-31,1
2024-01-22,15,0,Area-32,3
2024-01-22,15,0,Area-34,4
2024-01-22,15,0,Area-35,2
2024-01-22,15,0,Area-36,1
2024-01-22,15,0,Area-37,2
2024-01-22,15,0,Area-38,2
2024-01-22,15,0,Area-39,3
2024-01-22,15,0,Area-4,3
2024-01-22,15,0,Area-40,4
2024-01-22,15,0,Area-41,2
2024-01-22,15,0,Area-42,4
2024-01-22,15,0,Area-43,2
2024-01-22,15,0,Area-44,1
2024-01-22,15,0,Area-45,1
2024-01-22,15,0,Area-46,1
2024-01-22,15,0,Area-47,2
2024-01-22,15,0,Area-49,1
2024-01-22,15,0,Area-5,3
2024-01-22,15,0,Area-50,2
2024-01-22,15,0,Area-6,1
2024-01-22,15,0,Area-7,1
2024-01-22,15,0,Area-8,1
2024-01-22,16,0,Area-1,1
2024-01-22,16,0,Area-10,3
2024-01-22,16,0,Area-12,4
2024-01-22,16,0,Area-13,3
2024-01-22,16,0,Area-14,3
2024-01-22,16,0,Area-15,4
2024-01-22,16,0,Area-16,2
2024-01-22,16,0,Area-17,5
2024-01-22,16,0,Area-18,1
2024-01-22,16,0,Area-20,3
2024-01-22,16,0,Area-23,2
2024-01-22,16,0,Area-25,1
2024-01-22,16,0,Area-26,3
2024-01-22,16,0,Area-27,1
2024-01-22,16,0,Area-28,3
2024-01-22,16,0,Area-29,1
2024-01-22,16,0,Area-3,1
2024-01-22,16,0,Area-30,2
2024-01-22,16,0,Area-31,5
2024-01-22,16,0,Area-32,3
2024-01-22,16,0,Area-33,1
2024-01-22,16,0,Area-34,3
2024-01-22,16,0,Area-35,1
2024-01-22,16,0,Area-36,1
2024-01-22,16,0,Area-38,2
2024-01-22,16,0,Area-39,1
2024-01-22,16,0,Area-4,2
2024-01-22,16,0,Area-40,1
2024-01-22,16,0,Area-41,3
2024-01-22,16,0,Area-44,1
2024-01-22,16,0,Area-45,2
2024-01-22,16,0,Area-47,2
2024-01-22,16,0,Area-48,3
2024-01-22,16,0,Area-49,1
2024-01-22,16,0,Area-5,3
2024-01-22,16,0,Area-50,1
2024-01-22,16,0,Area-6,4
2024-01-22,16,0,Area-7,2
2024-01-22,16,0,Area-8,1
2024-01-22,17,0,Area-1,3
2024-01-22,17,0,Area-11,1
2024-01-22,17,0,Area-12,2
2024-01-22,17,0,Area-13,2
2024-01-22,17,0,Area-14,1
2024-01-22,17,0,Area-15,2
2024-01-22,17,0,Area-16,1
2024-01-22,17,0,Area-17,2
2024-01-22,17,0,Area-18,2
2024-01-22,17,0,Area-19,1
2024-01-22,17,0,Area-2,1
2024-01-22,17,0,Area-20,2
2024-01-22,17,0,Area-22,1
2024-01-22,17,0,Area-23,2
2024-01-22,17,0,Area-24,1
2024-01-22,17,0,Area-25,5
2024-01-22,17,0,Area-26,2
2024-01-22,17,0,Area-27,2
2024-01-22,17,0,Area-28,5
2024-01-22,17,0,Area-29,1
2024-01-22,17,0,Area-32,1
2024-01-22,17,0,Area-33,3
2024-01-22,17,0,Area-34,3
2024-01-22,17,0,Area-36,1
2024-01-22,17,0,Area-37,2
2024-01-22,17,0,Area-39,2
2024-01-22,17,0,Area-4,2
2024-01-22,17,0,Area-40,3
2024-01-22,17,0,Area-41,1
2024-01-22,17,0,Area-42,2
2024-01-22,17,0,Area-43,3
2024-01-22,17,0,Area-44,4
2024-01-22,17,0,Area-46,1
2024-01-22,17,0,Area-48,2
2024-01-22,17,0,Area-49,1
2024-01-22,17,0,Area-5,1
2024-01-22,17,0,Area-50,3
2024-01-22,17,0,Area-6,3
2024-01-22,17,0,Area-8,4
2024-01-22,17,0,Area-9,1
2024-01-22,18,0,Area-1,1
2024-01-22,18,0,Area-10,5
2024-01-22,18,0,Area-11,2
2024-01-22,18,0,Area-12,2
2024-01-22,18,0,Area-13,2
2024-01-22,18,0,Area-14,3
2024-01-22,18,0,Area-15,1
2024-01-22,18,0,Area-16,1
2024-01-22,18,0,Area-17,3
2024-01-22,18,0,Area-18,2
2024-01-22,18,0,Area-20,1
2024-01-22,18,0,Area-21,1
2024-01-22,18,0,Area-22,1
2024-01-22,18,0,Area-23,3
2024-01-22,18,0,Area-24,1
2024-01-22,18,0,Area-25,1
2024-01-22,18,0,Area-26,4
2024-01-22,18,0,Area-27,2
2024-01-22,18,0,Area-28,2
2024-01-22,18,0,Area-33,1
2024-01-22,18,0,Area-34,1
2024-01-22,18,0,Area-35,1
2024-01-22,18,0,Area-36,1
2024-01-22,18,0,Area-37,1
2024-01-22,18,0,Area-39,2
2024-01-22,18,0,Area-4,1
2024-01-22,18,0,Area-40,3
2024-01-22,18,0,Area-41,1
2024-01-22,18,0,Area-42,3
2024-01-22,18,0,Area-43,1
2024-01-22,18,0,Area-44,2
2024-01-22,18,0,Area-45,2
2024-01-22,18,0,Area-46,2
2024-01-22,18,0,Area-47,1
2024-01-22,18,0,Area-48,4
2024-01-22,18,0,Area-5,2
2024-01-22,18,0,Area-50,3
2024-01-22,18,0,Area-6,2
2024-01-22,18,0,Area-7,1
2024-01-22,18,0,Area-8,4
2024-01-22,18,0,Area-9,2
2024-01-22,19,0,Area-1,2
2024-01-22,19,0,Area-10,2
2024-01-22,19,0,Area-12,2
2024-01-22,19,0,Area-13,3
2024-01-22,19,0,Area-14,2
2024-01-22,19,0,Area-15,1
2024-01-22,19,0,Area-16,1
2024-01-22,19,0,Area-17,1
2024-01-22,19,0,Area-18,1
2024-01-22,19,0,Area-19,1
2024-01-22,19,0,Area-2,1
2024-01-22,19,0,Area-20,1
2024-01-22,19,0,Area-21,1
2024-01-22,19,0,Area-22,2
2024-01-22,19,0,Area-24,2
2024-01-22,19,0,Area-25,1
2024-01-22,19,0,Area-26,1
2024-01-22,19,0,Area-27,1
2024-01-22,19,0,Area-28,1
2024-01-22,19,0,Area-3,3
2024-01-22,19,0,Area-31,1
2024-01-22,19,0,Area-32,3
2024-01-22,19,0,Area-33,2
2024-01-22,19,0,Area-34,2
2024-01-22,19,0,Area-35,1
2024-01-22,19,0,Area-39,1
2024-01-22,19,0,Area-4,2
2024-01-22,19,0,Area-41,3
2024-01-22,19,0,Area-42,6
2024-01-22,19,0,Area-45,6
2024-01-22,19,0,Area-47,1
2024-01-22,19,0,Area-48,3
2024-01-22,19,0,Area-49,1
2024-01-22,19,0,Area-5,3
2024-01-22,19,0,Area-6,2
2024-01-22,19,0,Area-8,1
2024-01-22,19,0,Area-9,1
2024-01-22,20,0,Area-1,2
2024-01-22,20,0,Area-11,1
2024-01-22,20,0,Area-12,2
2024-01-22,20,0,Area-14,4
2024-01-22,20,0,Area-15,1
2024-01-22,20,0,Area-16,1
2024-01-22,20,0,Area-17,2
2024-01-22,20,0,Area-18,3
2024-01-22,20,0,Area-2,1
2024-01-22,20,0,Area-20,2
2024-01-22,20,0,Area-21,2
2024-01-22,20,0,Area-23,2
2024-01-22,20,0,Area-24,2
2024-01-22,20,0,Area-25,1
2024-01-22,20,0,Area-26,3
2024-01-22,20,0,Area-27,1
2024-01-22,20,0,Area-28,1
2024-01-22,20,0,Area-29,1
2024-01-22,20,0,Area-3,2
2024-01-22,20,0,Area-30,5
2024-01-22,20,0,Area-31,3
2024-01-22,20,0,Area-32,2
2024-01-22,20,0,Area-35,2
2024-01-22,20,0,Area-36,1
2024-01-22,20,0,Area-37,1
2024-01-22,20,0,Area-38,1
2024-01-22,20,0,Area-39,2
2024-01-22,20,0,Area-4,1
2024-01-22,20,0,Area-40,2
2024-01-22,20,0,Area-41,1
2024-01-22,20,0,Area-42,1
2024-01-22,20,0,Area-43,1
2024-01-22,20,0,Area-46,3
2024-01-22,20,0,Area-47,1
2024-01-22,20,0,Area-48,1
2024-01-22,20,0,Area-5,1
2024-01-22,20,0,Area-50,1
2024-01-22,20,0,Area-6,2
2024-01-22,20,0,Area-7,2
2024-01-22,20,0,Area-8,3
2024-01-22,20,0,Area-9,4
2024-01-22,21,0,Area-1,1
2024-01-22,21,0,Area-10,1
2024-01-22,21,0,Area-12,1
2024-01-22,21,0,Area-13,1
2024-01-22,21,0,Area-14,3
2024-01-22,21,0,Area-15,2
2024-01-22,21,0,Area-17,3
2024-01-22,21,0,Area-18,1
2024-01-22,21,0,Area-19,1
2024-01-22,21,0,Area-2,2
2024-01-22,21,0,Area-20,2
2024-01-22,21,0,Area-22,1
2024-01-22,21,0,Area-23,1
2024-01-22,21,0,Area-24,2
2024-01-22,21,0,Area-26,1
2024-01-22,21,0,Area-27,1
2024-01-22,21,0,Area-28,1
2024-01-22,21,0,Area-29,2
2024-01-22,21,0,Area-3,3
2024-01-22,21,0,Area-30,2
2024-01-22,21,0,Area-31,3
2024-01-22,21,0,Area-34,1
2024-01-22,21,0,Area-37,1
2024-01-22,21,0,Area-38,1
2024-01-22,21,0,Area-39,4
2024-01-22,21,0,Area-4,1
2024-01-22,21,0,Area-41,3
2024-01-22,21,0,Area-42,4
2024-01-22,21,0,Area-43,2
2024-01-22,21,0,Area-44,1
2024-01-22,21,0,Area-45,1
2024-01-22,21,0,Area-46,1
2024-01-22,21,0,Area-47,3
2024-01-22,21,0,Area-48,1
2024-01-22,21,0,Area-49,2
2024-01-22,21,0,Area-5,4
2024-01-22,21,0,Area-6,1
2024-01-22,21,0,Area-7,1
2024-01-22,21,0,Area-8,1
2024-01-22,22,0,Area-1,2
2024-01-22,22,0,Area-10,1
2024-01-22,22,0,Area-11,1
2024-01-22,22,0,Area-12,1
2024-01-22,22,0,Area-13,1
2024-01-22,22,0,Area-17,2
2024-01-22,22,0,Area-18,1
2024-01-22,22,0,Area-2,3
2024-01-22,22,0,Area-20,2
2024-01-22,22,0,Area-21,5
2024-01-22,22,0,Area-22,1
2024-01-22,22,0,Area-23,3
2024-01-22,22,0,Area-25,1
2024-01-22,22,0,Area-26,1
2024-01-22,22,0,Area-28,2
2024-01-22,22,0,Area-29,2
2024-01-22,22,0,Area-3,1
2024-01-22,22,0,Area-30,3
2024-01-22,22,0,Area-33,2
2024-01-22,22,0,Area-34,2
2024-01-22,22,0,Area-35,1
2024-01-22,22,0,Area-36,1
2024-01-22,22,0,Area-38,1
2024-01-22,22,0,Area-41,2
2024-01-22,22,0,Area-42,1
2024-01-22,22,0,Area-43,1
2024-01-22,22,0,Area-44,1
2024-01-22,22,0,Area-45,1
2024-01-22,22,0,Area-46,2
2024-01-22,22,0,Area-49,1
2024-01-22,22,0,Area-5,1
2024-01-22,22,0,Area-50,2
2024-01-22,22,0,Area-6,4
2024-01-22,22,0,Area-7,2
2024-01-22,22,0,Area-8,1
2024-01-22,23,0,Area-10,2
2024-01-22,23,0,Area-13,1
2024-01-22,23,0,Area-14,2
2024-01-22,23,0,Area-15,1
2024-01-22,23,0,Area-16,3
2024-01-22,23,0,Area-17,4
2024-01-22,23,0,Area-18,2
2024-01-22,23,0,Area-19,1
2024-01-22,23,0,Area-20,2
2024-01-22,23,0,Area-23,1
2024-01-22,23,0,Area-24,1
2024-01-22,23,0,Area-25,2
2024-01-22,23,0,Area-26,2
2024-01-22,23,0,Area-27,1
2024-01-22,23,0,Area-28,1
2024-01-22,23,0,Area-3,4
2024-01-22,23,0,Area-31,4
2024-01-22,23,0,Area-32,2
2024-01-22,23,0,Area-33,2
2024-01-22,23,0,Area-34,2
2024-01-22,23,0,Area-35,1
2024-01-22,23,0,Area-36,1
2024-01-22,23,0,Area-39,2
2024-01-22,23,0,Area-4,2
2024-01-22,23,0,Area-40,2
2024-01-22,23,0,Area-41,2
2024-01-22,23,0,Area-42,3
2024-01-22,23,0,Area-45,2
2024-01-22,23,0,Area-46,1
2024-01-22,23,0,Area-47,3
2024-01-22,23,0,Area-5,4
2024-01-22,23,0,Area-50,1
2024-01-22,23,0,Area-6,1
2024-01-22,23,0,Area-7,1
2024-01-22,23,0,Area-8,2
2024-01-22,23,0,Area-9,2
2024-01-23,0,1,Area-1,4
2024-01-23,0,1,Area-10,1
2024-01-23,0,1,Area-11,2
2024-01-23,0,1,Area-13,2
2024-01-23,0,1,Area-14,2
2024-01-23,0,1,Area-15,2
2024-01-23,0,1,Area-16,2
2024-01-23,0,1,Area-17,2
2024-01-23,0,1,Area-18,2
2024-01-23,0,1,Area-19,3
2024-01-23,0,1,Area-2,2
2024-01-23,0,1,Area-20,1
2024-01-23,0,1,Area-21,4
2024-01-23,0,1,Area-22,3
2024-01-23,0,1,Area-23,5
2024-01-23,0,1,Area-25,3
2024-01-23,0,1,Area-26,1
2024-01-23,0,1,Area-27,2
2024-01-23,0,1,Area-28,2
2024-01-23,0,1,Area-29,1
2024-01-23,0,1,Area-3,1
2024-01-23,0,1,Area-31,3
2024-01-23,0,1,Area-32,1
2024-01-23,0,1,Area-33,1
2024-01-23,0,1,Area-34,3
2024-01-23,0,1,Area-35,2
2024-01-23,0,1,Area-37,3
2024-01-23,0,1,Area-4,2
2024-01-23,0,1,Area-40,1
2024-01-23,0,1,Area-43,1
2024-01-23,0,1,Area-46,2
2024-01-23,0,1,Area-47,3
2024-01-23,0,1,Area-49,2
2024-01-23,0,1,Area-5,2
2024-01-23,0,1,Area-50,1
2024-01-23,0,1,Area-6,1
2024-01-23,0,1,Area-7,1
2024-01-23,0,1,Area-8,1
2024-01-23,0,1,Area-9,1
2024-01-23,1,1,Area-1,1
2024-01-23,1,1,Area-12,6
2024-01-23,1,1,Area-14,1
2024-01-23,1,1,Area-15,2
2024-01-23,1,1,Area-16,1
2024-01-23,1,1,Area-18,2
2024-01-23,1,1,Area-19,4
2024-01-23,1,1,Area-22,1
2024-01-23,1,1,Area-23,3
2024-01-23,1,1,Area-24,2
2024-01-23,1,1,Area-25,1
2024-01-23,1,1,Area-27,3
2024-01-23,1,1,Area-29,2
2024-01-23,1,1,Area-3,1
2024-01-23,1,1,Area-30,1
2024-01-23,1,1,Area-31,1
2024-01-23,1,1,Area-33,3
2024-01-23,1,1,Area-34,1
2024-01-23,1,1,Area-35,1
2024-01-23,1,1,Area-36,1
2024-01-23,1,1,Area-38,2
2024-01-23,1,1,Area-39,3
2024-01-23,1,1,Area-4,1
2024-01-23,1,1,Area-40,5
2024-01-23,1,1,Area-41,2
2024-01-23,1,1,Area-44,2
2024-01-23,1,1,Area-46,1
2024-01-23,1,1,Area-47,1
2024-01-23,1,1,Area-48,4
2024-01-23,1,1,Area-49,1
2024-01-23,1,1,Area-5,1
2024-01-23,1,1,Area-50,1
2024-01-23,1,1,Area-7,1
2024-01-23,1,1,Area-8,1
2024-01-23,1,1,Area-9,1
2024-01-23,2,1,Area-1,3
2024-01-23,2,1,Area-11,1
2024-01-23,2,1,Area-12,2
2024-01-23,2,1,Area-13,1
2024-01-23,2,1,Area-14,1
2024-01-23,2,1,Area-15,1
2024-01-23,2,1,Area-16,1
2024-01-23,2,1,Area-17,2
2024-01-23,2,1,Area-19,2
2024-01-23,2,1,Area-2,2
2024-01-23,2,1,Area-21,2
2024-01-23,2,1,Area-23,3
2024-01-23,2,1,Area-24,1
2024-01-23,2,1,Area-25,1
2024-01-23,2,1,Area-26,1
2024-01-23,2,1,Area-27,3
2024-01-23,2,1,Area-30,2
2024-01-23,2,1,Area-31,1
2024-01-23,2,1,Area-32,2
2024-01-23,2,1,Area-33,1
2024-01-23,2,1,Area-34,1
2024-01-23,2,1,Area-35,1
2024-01-23,2,1,Area-36,3
2024-01-23,2,1,Area-37,1
2024-01-23,2,1,Area-38,4
2024-01-23,2,1,Area-4,1
2024-01-23,2,1,Area-41,1
2024-01-23,2,1,Area-42,2
2024-01-23,2,1,Area-43,3
2024-01-23,2,1,Area-45,3
2024-01-23,2,1,Area-46,1
2024-01-23,2,1,Area-47,3
2024-01-23,2,1,Area-49,4
2024-01-23,2,1,Area-5,1
2024-01-23,2,1,Area-50,1
2024-01-23,2,1,Area-6,1
2024-01-23,2,1,Area-7,1
2024-01-23,2,1,Area-8,2
2024-01-23,2,1,Area-9,1
2024-01-23,3,1,Area-1,1
2024-01-23,3,1,Area-10,1
2024-01-23,3,1,Area-11,2
2024-01-23,3,1,Area-12,1
2024-01-23,3,1,Area-13,2
2024-01-23,3,1,Area-15,4
2024-01-23,3,1,Area-16,1
2024-01-23,3,1,Area-17,1
2024-01-23,3,1,Area-18,1
2024-01-23,3,1,Area-20,2
2024-01-23,3,1,Area-22,2
2024-01-23,3,1,Area-23,1
2024-01-23,3,1,Area-24,1
2024-01-23,3,1,Area-25,3
2024-01-23,3,1,Area-27,1
2024-01-23,3,1,Area-28,1
2024-01-23,3,1,Area-29,1
2024-01-23,3,1,Area-30,1
2024-01-23,3,1,Area-31,1
2024-01-23,3,1,Area-32,1
2024-01-23,3,1,Area-33,1
2024-01-23,3,1,Area-34,2
2024-01-23,3,1,Area-35,1
2024-01-23,3,1,Area-36,1
2024-01-23,3,1,Area-37,2
2024-01-23,3,1,Area-38,3
2024-01-23,3,1,Area-39,3
2024-01-23,3,1,Area-4,1
2024-01-23,3,1,Area-40,1
2024-01-23,3,1,Area-41,1
2024-01-23,3,1,Area-42,1
2024-01-23,3,1,Area-44,2
2024-01-23,3,1,Area-46,1
2024-01-23,3,1,Area-47,2
2024-01-23,3,1,Area-48,1
2024-01-23,3,1,Area-49,1
2024-01-23,3,1,Area-5,1
2024-01-23,3,1,Area-50,1
2024-01-23,3,1,Area-7,2
2024-01-23,3,1,Area-8,2
2024-01-23,3,1,Area-9,1
2024-01-23,4,1,Area-1,2
2024-01-23,4,1,Area-12,3
2024-01-23,4,1,Area-13,1
2024-01-23,4,1,Area-14,1
2024-01-23,4,1,Area-15,2
2024-01-23,4,1,Area-16,6
2024-01-23,4,1,Area-17,2
2024-01-23,4,1,Area-19,2
2024-01-23,4,1,Area-20,2
2024-01-23,4,1,Area-21,2
2024-01-23,4,1,Area-24,2
2024-01-23,4,1,Area-25,1
2024-01-23,4,1,Area-26,4
2024-01-23,4,1,Area-27,2
2024-01-23,4,1,Area-28,3
2024-01-23,4,1,Area-3,2
2024-01-23,4,1,Area-31,1
2024-01-23,4,1,Area-33,2
2024-01-23,4,1,Area-34,2
2024-01-23,4,1,Area-35,2
2024-01-23,4,1,Area-36,2
2024-01-23,4,1,Area-37,1
2024-01-23,4,1,Area-38,1
2024-01-23,4,1,Area-4,2
2024-01-23,4,1,Area-40,1
2024-01-23,4,1,Area-41,3
2024-01-23,4,1,Area-42,2
2024-01-23,4,1,Area-43,1
2024-01-23,4,1,Area-46,2
2024-01-23,4,1,Area-47,2
2024-01-23,4,1,Area-48,2
2024-01-23,4,1,Area-49,1
2024-01-23,4,1,Area-5,3
2024-01-23,4,1,Area-6,1
2024-01-23,4,1,Area-7,1
2024-01-23,4,1,Area-9,2
2024-01-23,5,1,Area-1,2
2024-01-23,5,1,Area-10,2
2024-01-23,5,1,Area-11,1
2024-01-23,5,1,Area-12,1
2024-01-23,5,1,Area-14,1
2024-01-23,5,1,Area-15,1
2024-01-23,5,1,Area-16,1
2024-01-23,5,1,Area-17,2
2024-01-23,5,1,Area-19,2
2024-01-23,5,1,Area-2,1
2024-01-23,5,1,Area-20,3
2024-01-23,5,1,Area-21,2
2024-01-23,5,1,Area-23,1
2024-01-23,5,1,Area-27,2
2024-01-23,5,1,Area-29,4
2024-01-23,5,1,Area-3,1
2024-01-23,5,1,Area-30,1
2024-01-23,5,1,Area-31,4
2024-01-23,5,1,Area-34,2
2024-01-23,5,1,Area-35,1
2024-01-23,5,1,Area-37,1
2024-01-23,5,1,Area-38,1
2024-01-23,5,1,Area-39,1
2024-01-23,5,1,Area-4,2
2024-01-23,5,1,Area-40,1
2024-01-23,5,1,Area-41,2
2024-01-23,5,1,Area-42,2
2024-01-23,5,1,Area-46,1
2024-01-23,5,1,Area-48,2
2024-01-23,5,1,Area-5,1
2024-01-23,5,1,Area-50,1
2024-01-23,5,1,Area-6,1
2024-01-23,5,1,Area-7,1
2024-01-23,5,1,Area-8,1
2024-01-23,6,1,Area-10,1
2024-01-23,6,1,Area-11,1
2024-01-23,6,1,Area-12,2
2024-01-23,6,1,Area-13,3
2024-01-23,6,1,Area-14,5
2024-01-23,6,1,Area-15,1
2024-01-23,6,1,Area-16,2
2024-01-23,6,1,Area-17,2
2024-01-23,6,1,Area-18,1
2024-01-23,6,1,Area-19,1
2024-01-23,6,1,Area-2,3
2024-01-23,6,1,Area-20,3
2024-01-23,6,1,Area-21,2
2024-01-23,6,1,Area-23,1
2024-01-23,6,1,Area-24,1
2024-01-23,6,1,Area-26,3
2024-01-23,6,1,Area-27,4
2024-01-23,6,1,Area-28,1
2024-01-23,6,1,Area-29,1
2024-01-23,6,1,Area-3,1
2024-01-23,6,1,Area-30,3
2024-01-23,6,1,Area-31,2
2024-01-23,6,1,Area-32,1
2024-01-23,6,1,Area-33,3
2024-01-23,6,1,Area-34,3
2024-01-23,6,1,Area-35,1
2024-01-23,6,1,Area-36,2
2024-01-23,6,1,Area-39,1
2024-01-23,6,1,Area-4,1
2024-01-23,6,1,Area-40,2
2024-01-23,6,1,Area-41,1
2024-01-23,6,1,Area-42,1
2024-01-23,6,1,Area-43,1
2024-01-23,6,1,Area-45,2
2024-01-23,6,1,Area-46,2
2024-01-23,6,1,Area-47,1
2024-01-23,6,1,Area-48,2
2024-01-23,6,1,Area-49,1
2024-01-23,6,1,Area-5,2
2024-01-23,6,1,Area-50,3
2024-01-23,6,1,Area-7,2
2024-01-23,6,1,Area-8,1
2024-01-23,6,1,Area-9,1
2024-01-23,7,1,Area-10,5
2024-01-23,7,1,Area-11,1
2024-01-23,7,1,Area-12,4
2024-01-23,7,1,Area-13,2
2024-01-23,7,1,Area-14,3
2024-01-23,7,1,Area-15,1
2024-01-23,7,1,Area-16,2
2024-01-23,7,1,Area-17,2
2024-01-23,7,1,Area-18,1
2024-01-23,7,1,Area-19,1
2024-01-23,7,1,Area-20,2
2024-01-23,7,1,Area-21,1
2024-01-23,7,1,Area-22,2
2024-01-23,7,1,Area-23,2
2024-01-23,7,1,Area-24,1
2024-01-23,7,1,Area-25,1
2024-01-23,7,1,Area-26,4
2024-01-23,7,1,Area-27,1
2024-01-23,7,1,Area-28,1
2024-01-23,7,1,Area-29,2
2024-01-23,7,1,Area-3,1
2024-01-23,7,1,Area-31,2
2024-01-23,7,1,Area-32,2
2024-01-23,7,1,Area-35,2
2024-01-23,7,1,Area-36,1
2024-01-23,7,1,Area-38,1
2024-01-23,7,1,Area-39,1
2024-01-23,7,1,Area-4,1
2024-01-23,7,1,Area-40,1
2024-01-23,7,1,Area-41,1
2024-01-23,7,1,Area-44,3
2024-01-23,7,1,Area-45,4
2024-01-23,7,1,Area-46,2
2024-01-23,7,1,Area-47,1
2024-01-23,7,1,Area-50,3
2024-01-23,7,1,Area-6,2
2024-01-23,7,1,Area-8,2
2024-01-23,7,1,Area-9,1
2024-01-23,8,1,Area-1,3
2024-01-23,8,1,Area-10,2
2024-01-23,8,1,Area-11,1
2024-01-23,8,1,Area-12,2
2024-01-23,8,1,Area-14,1
2024-01-23,8,1,Area-15,2
2024-01-23,8,1,Area-17,4
2024-01-23,8,1,Area-18,1
2024-01-23,8,1,Area-19,3
2024-01-23,8,1,Area-2,2
2024-01-23,8,1,Area-20,1
2024-01-23,8,1,Area-21,4
2024-01-23,8,1,Area-22,2
2024-01-23,8,1,Area-23,3
2024-01-23,8,1,Area-24,1
2024-01-23,8,1,Area-25,1
2024-01-23,8,1,Area-26,1
2024-01-23,8,1,Area-28,4
2024-01-23,8,1,Area-29,2
2024-01-23,8,1,Area-3,2
2024-01-23,8,1,Area-31,2
2024-01-23,8,1,Area-32,2
2024-01-23,8,1,Area-33,3
2024-01-23,8,1,Area-34,5
2024-01-23,8,1,Area-36,1
2024-01-23,8,1,Area-37,3
2024-01-23,8,1,Area-38,3
2024-01-23,8,1,Area-39,1
2024-01-23,8,1,Area-42,3
2024-01-23,8,1,Area-44,2
2024-01-23,8,1,Area-45,3
2024-01-23,8,1,Area-46,1
2024-01-23,8,1,Area-48,2
2024-01-23,8,1,Area-49,1
2024-01-23,8,1,Area-6,2
2024-01-23,8,1,Area-7,1
2024-01-23,8,1,Area-8,4
2024-01-23,8,1,Area-9,1
2024-01-23,9,1,Area-1,2
2024-01-23,9,1,Area-10,2
2024-01-23,9,1,Area-11,2
2024-01-23,9,1,Area-12,3
2024-01-23,9,1,Area-13,3
2024-01-23,9,1,Area-14,3
2024-01-23,9,1,Area-15,1
2024-01-23,9,1,Area-18,3
2024-01-23,9,1,Area-19,1
2024-01-23,9,1,Area-2,1
2024-01-23,9,1,Area-21,3
2024-01-23,9,1,Area-22,3
2024-01-23,9,1,Area-24,1
2024-01-23,9,1,Area-26,1
2024-01-23,9,1,Area-27,1
2024-01-23,9,1,Area-28,1
2024-01-23,9,1,Area-29,2
2024-01-23,9,1,Area-30,2
2024-01-23,9,1,Area-31,4
2024-01-23,9,1,Area-32,2
2024-01-23,9,1,Area-33,2
2024-01-23,9,1,Area-34,1
2024-01-23,9,1,Area-36,3
2024-01-23,9,1,Area-38,2
2024-01-23,9,1,Area-39,1
2024-01-23,9,1,Area-4,1
2024-01-23,9,1,Area-40,2
2024-01-23,9,1,Area-41,1
2024-01-23,9,1,Area-43,2
2024-01-23,9,1,Area-44,1
2024-01-23,9,1,Area-45,1
2024-01-23,9,1,Area-47,2
2024-01-23,9,1,Area-48,1
2024-01-23,9,1,Area-5,1
2024-01-23,9,1,Area-50,2
2024-01-23,9,1,Area-7,2
2024-01-23,9,1,Area-8,1
2024-01-23,9,1,Area-9,2
2024-01-23,10,1,Area-1,2
2024-01-23,10,1,Area-10,2
2024-01-23,10,1,Area-11,2
2024-01-23,10,1,Area-12,5
2024-01-23,10,1,Area-13,1
2024-01-23,10,1,Area-14,1
2024-01-23,10,1,Area-16,1
2024-01-23,10,1,Area-17,2
2024-01-23,10,1,Area-18,2
2024-01-23,10,1,Area-2,2
2024-01-23,10,1,Area-21,1
2024-01-23,10,1,Area-22,1
2024-01-23,10,1,Area-23,1
2024-01-23,10,1,Area-25,2
2024-01-23,10,1,Area-26,3
2024-01-23,10,1,Area-28,1
2024-01-23,10,1,Area-29,1
2024-01-23,10,1,Area-30,2
2024-01-23,10,1,Area-31,2
2024-01-23,10,1,Area-32,4
2024-01-23,10,1,Area-33,1
2024-01-23,10,1,Area-34,1
2024-01-23,10,1,Area-35,2
2024-01-23,10,1,Area-36,2
2024-01-23,10,1,Area-37,1
2024-01-23,10,1,Area-38,1
2024-01-23,10,1,Area-4,1
2024-01-23,10,1,Area-40,1
2024-01-23,10,1,Area-42,2
2024-01-23,10,1,Area-43,3
2024-01-23,10,1,Area-45,1
2024-01-23,10,1,Area-46,1
2024-01-23,10,1,Area-47,2
2024-01-23,10,1,Area-49,2
2024-01-23,10,1,Area-5,2
2024-01-23,10,1,Area-50,2
2024-01-23,10,1,Area-8,2
2024-01-23,10,1,Area-9,2
2024-01-23,11,1,Area-1,2
2024-01-23,11,1,Area-10,1
2024-01-23,11,1,Area-13,1
2024-01-23,11,1,Area-14,2
2024-01-23,11,1,Area-17,1
2024-01-23,11,1,Area-18,3
2024-01-23,11,1,Area-19,2
2024-01-23,11,1,Area-2,2
2024-01-23,11,1,Area-20,1
2024-01-23,11,1,Area-21,1
2024-01-23,11,1,Area-22,2
2024-01-23,11,1,Area-23,2
2024-01-23,11,1,Area-24,1
2024-01-23,11,1,Area-25,1
2024-01-23,11,1,Area-28,3
2024-01-23,11,1,Area-29,2
2024-01-23,11,1,Area-3,2
2024-01-23,11,1,Area-31,3
2024-01-23,11,1,Area-33,1
2024-01-23,11,1,Area-34,1
2024-01-23,11,1,Area-35,3
2024-01-23,11,1,Area-36,4
2024-01-23,11,1,Area-37,3
2024-01-23,11,1,Area-38,1
2024-01-23,11,1,Area-39,4
2024-01-23,11,1,Area-4,1
2024-01-23,11,1,Area-40,1
2024-01-23,11,1,Area-41,2
2024-01-23,11,1,Area-42,1
2024-01-23,11,1,Area-43,1
2024-01-23,11,1,Area-44,2
2024-01-23,11,1,Area-45,3
2024-01-23,11,1,Area-47,1
2024-01-23,11,1,Area-49,2
2024-01-23,11,1,Area-5,1
2024-01-23,11,1,Area-50,3
2024-01-23,11,1,Area-6,2
2024-01-23,12,1,Area-1,2
2024-01-23,12,1,Area-10,2
2024-01-23,12,1,Area-11,3
2024-01-23,12,1,Area-15,3
2024-01-23,12,1,Area-16,3
2024-01-23,12,1,Area-17,2
2024-01-23,12,1,Area-18,4
2024-01-23,12,1,Area-19,1
2024-01-23,12,1,Area-21,2
2024-01-23,12,1,Area-22,1
2024-01-23,12,1,Area-23,2
2024-01-23,12,1,Area-24,3
2024-01-23,12,1,Area-25,5
2024-01-23,12,1,Area-26,2
2024-01-23,12,1,Area-27,1
2024-01-23,12,1,Area-28,1
2024-01-23,12,1,Area-29,2
2024-01-23,12,1,Area-3,1
2024-01-23,12,1,Area-31,4
2024-01-23,12,1,Area-32,1
2024-01-23,12,1,Area-33,1
2024-01-23,12,1,Area-34,3
2024-01-23,12,1,Area-36,3
2024-01-23,12,1,Area-38,1
2024-01-23,12,1,Area-4,2
2024-01-23,12,1,Area-40,3
2024-01-23,12,1,Area-41,2
2024-01-23,12,1,Area-42,3
2024-01-23,12,1,Area-43,2
2024-01-23,12,1,Area-44,1
2024-01-23,12,1,Area-45,1
2024-01-23,12,1,Area-47,3
2024-01-23,12,1,Area-48,2
2024-01-23,12,1,Area-49,1
2024-01-23,12,1,Area-5,3
2024-01-23,12,1,Area-50,1
2024-01-23,12,1,Area-6,2
2024-01-23,12,1,Area-7,3
2024-01-23,12,1,Area-8,2
2024-01-23,12,1,Area-9,1
2024-01-23,13,1,Area-1,1
2024-01-23,13,1,Area-10,2
2024-01-23,13,1,Area-11,3
2024-01-23,13,1,Area-13,4
2024-01-23,13,1,Area-14,2
2024-01-23,13,1,Area-15,1
2024-01-23,13,1,Area-17,1
2024-01-23,13,1,Area-18,1
2024-01-23,13,1,Area-19,2
2024-01-23,13,1,Area-2,1
2024-01-23,13,1,Area-20,3
2024-01-23,13,1,Area-24,5
2024-01-23,13,1,Area-25,3
2024-01-23,13,1,Area-26,2
2024-01-23,13,1,Area-27,2
2024-01-23,13,1,Area-29,1
2024-01-23,13,1,Area-3,1
2024-01-23,13,1,Area-30,1
2024-01-23,13,1,Area-31,1
2024-01-23,13,1,Area-32,1
2024-01-23,13,1,Area-33,1
2024-01-23,13,1,Area-34,1
2024-01-23,13,1,Area-36,2
2024-01-23,13,1,Area-37,3
2024-01-23,13,1,Area-38,4
2024-01-23,13,1,Area-39,1
2024-01-23,13,1,Area-4,2
2024-01-23,13,1,Area-41,1
2024-01-23,13,1,Area-42,1
2024-01-23,13,1,Area-43,1
2024-01-23,13,1,Area-44,1
2024-01-23,13,1,Area-45,3
2024-01-23,13,1,Area-46,1
2024-01-23,13,1,Area-47,1
2024-01-23,13,1,Area-48,3
2024-01-23,13,1,Area-49,3
2024-01-23,13,1,Area-50,3
2024-01-23,13,1,Area-6,1
2024-01-23,13,1,Area-8,1
2024-01-23,13,1,Area-9,1
2024-01-23,14,1,Area-10,1
2024-01-23,14,1,Area-11,1
2024-01-23,14,1,Area-12,4
2024-01-23,14,1,Area-14,1
2024-01-23,14,1,Area-15,1
2024-01-23,14,1,Area-17,2
2024-01-23,14,1,Area-18,2
2024-01-23,14,1,Area-19,4
2024-01-23,14,1,Area-2,1
2024-01-23,14,1,Area-20,2
2024-01-23,14,1,Area-22,2
2024-01-23,14,1,Area-23,1
2024-01-23,14,1,Area-24,1
2024-01-23,14,1,Area-25,1
2024-01-23,14,1,Area-26,2
2024-01-23,14,1,Area-27,1
2024-01-23,14,1,Area-28,5
2024-01-23,14,1,Area-29,3
2024-01-23,14,1,Area-3,1
2024-01-23,14,1,Area-30,1
2024-01-23,14,1,Area-31,1
2024-01-23,14,1,Area-32,3
2024-01-23,14,1,Area-34,1
2024-01-23,14,1,Area-35,1
2024-01-23,14,1,Area-36,2
2024-01-23,14,1,Area-38,1
2024-01-23,14,1,Area-39,1
2024-01-23,14,1,Area-41,5
2024-01-23,14,1,Area-42,2
2024-01-23,14,1,Area-43,2
2024-01-23,14,1,Area-44,1
2024-01-23,14,1,Area-47,3
2024-01-23,14,1,Area-48,1
2024-01-23,14,1,Area-49,3
2024-01-23,14,1,Area-5,3
2024-01-23,14,1,Area-50,2
2024-01-23,14,1,Area-6,3
2024-01-23,14,1,Area-7,2
2024-01-23,14,1,Area-8,3
2024-01-23,14,1,Area-9,1
2024-01-23,15,1,Area-1,5
2024-01-23,15,1,Area-10,2
2024-01-23,15,1,Area-11,5
2024-01-23,15,1,Area-12,2
2024-01-23,15,1,Area-13,3
2024-01-23,15,1,Area-15,2
2024-01-23,15,1,Area-16,2
2024-01-23,15,1,Area-18,2
2024-01-23,15,1,Area-19,2
2024-01-23,15,1,Area-2,1
2024-01-23,15,1,Area-20,1
2024-01-23,15,1,Area-21,1
2024-01-23,15,1,Area-22,1
2024-01-23,15,1,Area-23,1
2024-01-23,15,1,Area-24,2
2024-01-23,15,1,Area-25,3
2024-01-23,15,1,Area-26,1
2024-01-23,15,1,Area-27,2
2024-01-23,15,1,Area-28,2
2024-01-23,15,1,Area-29,2
2024-01-23,15,1,Area-3,3
2024-01-23,15,1,Area-30,1
2024-01-23,15,1,Area-33,1
2024-01-23,15,1,Area-34,2
2024-01-23,15,1,Area-35,1
2024-01-23,15,1,Area-36,3
2024-01-23,15,1,Area-37,1
2024-01-23,15,1,Area-39,1
2024-01-23,15,1,Area-4,1
2024-01-23,15,1,Area-40,1
2024-01-23,15,1,Area-41,2
2024-01-23,15,1,Area-43,2
2024-01-23,15,1,Area-44,3
2024-01-23,15,1,Area-45,2
2024-01-23,15,1,Area-47,3
2024-01-23,15,1,Area-48,3
2024-01-23,15,1,Area-49,2
2024-01-23,15,1,Area-5,2
2024-01-23,15,1,Area-50,2
2024-01-23,15,1,Area-6,3
2024-01-23,15,1,Area-7,2
2024-01-23,15,1,Area-8,3
2024-01-23,16,1,Area-1,1
2024-01-23,16,1,Area-10,1
2024-01-23,16,1,Area-11,1
2024-01-23,16,1,Area-13,1
2024-01-23,16,1,Area-15,2
2024-01-23,16,1,Area-16,1
2024-01-23,16,1,Area-17,2
2024-01-23,16,1,Area-18,2
2024-01-23,16,1,Area-19,2
2024-01-23,16,1,Area-2,1
2024-01-23,16,1,Area-20,4
2024-01-23,16,1,Area-21,1
2024-01-23,16,1,Area-23,2
2024-01-23,16,1,Area-24,2
2024-01-23,16,1,Area-25,2
2024-01-23,16,1,Area-28,1
2024-01-23,16,1,Area-29,2
2024-01-23,16,1,Area-30,1
2024-01-23,16,1,Area-31,6
2024-01-23,16,1,Area-32,2
2024-01-23,16,1,Area-33,1
2024-01-23,16,1,Area-34,1
2024-01-23,16,1,Area-35,3
2024-01-23,16,1,Area-36,4
2024-01-23,16,1,Area-37,3
2024-01-23,16,1,Area-4,1
2024-01-23,16,1,Area-40,3
2024-01-23,16,1,Area-42,5
2024-01-23,16,1,Area-44,3
2024-01-23,16,1,Area-47,1
2024-01-23,16,1,Area-48,2
2024-01-23,16,1,Area-49,3
2024-01-23,16,1,Area-5,1
2024-01-23,16,1,Area-6,1
2024-01-23,16,1,Area-7,1
2024-01-23,16,1,Area-8,2
2024-01-23,16,1,Area-9,2
2024-01-23,17,1,Area-1,2
2024-01-23,17,1,Area-10,2
2024-01-23,17,1,Area-11,2
2024-01-23,17,1,Area-12,4
2024-01-23,17,1,Area-14,2
2024-01-23,17,1,Area-15,1
2024-01-23,17,1,Area-16,2
2024-01-23,17,1,Area-17,3
2024-01-23,17,1,Area-18,1
2024-01-23,17,1,Area-21,3
2024-01-23,17,1,Area-22,2
2024-01-23,17,1,Area-23,2
2024-01-23,17,1,Area-24,1
2024-01-23,17,1,Area-25,1
2024-01-23,17,1,Area-26,2
2024-01-23,17,1,Area-27,1
2024-01-23,17,1,Area-29,1
2024-01-23,17,1,Area-3,2
2024-01-23,17,1,Area-30,1
2024-01-23,17,1,Area-31,1
2024-01-23,17,1,Area-33,4
2024-01-23,17,1,Area-35,2
2024-01-23,17,1,Area-36,2
2024-01-23,17,1,Area-37,2
2024-01-23,17,1,Area-38,3
2024-01-23,17,1,Area-4,1
2024-01-23,17,1,Area-41,2
2024-01-23,17,1,Area-43,1
2024-01-23,17,1,Area-44,1
2024-01-23,17,1,Area-47,2
2024-01-23,17,1,Area-48,2
2024-01-23,17,1,Area-49,1
2024-01-23,17,1,Area-50,1
2024-01-23,17,1,Area-6,3
2024-01-23,17,1,Area-8,2
2024-01-23,17,1,Area-9,2
2024-01-23,18,1,Area-1,1
2024-01-23,18,1,Area-12,1
2024-01-23,18,1,Area-14,3
2024-01-23,18,1,Area-15,2
2024-01-23,18,1,Area-16,1
2024-01-23,18,1,Area-17,2
2024-01-23,18,1,Area-18,2
2024-01-23,18,1,Area-19,1
2024-01-23,18,1,Area-2,2
2024-01-23,18,1,Area-20,2
2024-01-23,18,1,Area-21,2
2024-01-23,18,1,Area-23,1
2024-01-23,18,1,Area-24,5
2024-01-23,18,1,Area-26,1
2024-01-23,18,1,Area-28,2
2024-01-23,18,1,Area-29,1
2024-01-23,18,1,Area-3,2
2024-01-23,18,1,Area-30,1
2024-01-23,18,1,Area-32,2
2024-01-23,18,1,Area-33,1
2024-01-23,18,1,Area-34,2
2024-01-23,18,1,Area-36,1
2024-01-23,18,1,Area-38,3
2024-01-23,18,1,Area-39,1
2024-01-23,18,1,Area-40,1
2024-01-23,18,1,Area-41,1
2024-01-23,18,1,Area-42,1
2024-01-23,18,1,Area-43,5
2024-01-23,18,1,Area-45,2
2024-01-23,18,1,Area-47,1
2024-01-23,18,1,Area-6,2
2024-01-23,18,1,Area-7,1
2024-01-23,18,1,Area-9,4
2024-01-23,19,1,Area-1,1
2024-01-23,19,1,Area-10,1
2024-01-23,19,1,Area-11,1
2024-01-23,19,1,Area-13,2
2024-01-23,19,1,Area-16,1
2024-01-23,19,1,Area-18,3
2024-01-23,19,1,Area-19,3
2024-01-23,19,1,Area-2,2
2024-01-23,19,1,Area-20,3
2024-01-23,19,1,Area-21,1
2024-01-23,19,1,Area-22,4
2024-01-23,19,1,Area-23,1
2024-01-23,19,1,Area-24,3
2024-01-23,19,1,Area-25,2
2024-01-23,19,1,Area-28,1
2024-01-23,19,1,Area-29,1
2024-01-23,19,1,Area-3,2
2024-01-23,19,1,Area-31,3
2024-01-23,19,1,Area-32,2
2024-01-23,19,1,Area-33,1
2024-01-23,19,1,Area-35,2
2024-01-23,19,1,Area-36,1
2024-01-23,19,1,Area-37,1
2024-01-23,19,1,Area-38,3
2024-01-23,19,1,Area-40,1
2024-01-23,19,1,Area-41,1
2024-01-23,19,1,Area-42,2
2024-01-23,19,1,Area-43,2
2024-01-23,19,1,Area-47,3
2024-01-23,19,1,Area-50,4
2024-01-23,19,1,Area-6,1
2024-01-23,19,1,Area-8,3
2024-01-23,20,1,Area-11,2
2024-01-23,20,1,Area-13,4
2024-01-23,20,1,Area-14,1
2024-01-23,20,1,Area-15,2
2024-01-23,20,1,Area-16,1
2024-01-23,20,1,Area-17,1
2024-01-23,20,1,Area-18,1
2024-01-23,20,1,Area-19,2
2024-01-23,20,1,Area-2,3
2024-01-23,20,1,Area-20,2
2024-01-23,20,1,Area-22,1
2024-01-23,20,1,Area-23,2
2024-01-23,20,1,Area-24,1
2024-01-23,20,1,Area-26,1
2024-01-23,20,1,Area-27,2
2024-01-23,20,1,Area-30,1
2024-01-23,20,1,Area-32,1
2024-01-23,20,1,Area-33,1
2024-01-23,20,1,Area-35,1
2024-01-23,20,1,Area-36,3
2024-01-23,20,1,Area-38,1
2024-01-23,20,1,Area-39,2
2024-01-23,20,1,Area-4,2
2024-01-23,20,1,Area-40,2
2024-01-23,20,1,Area-41,3
2024-01-23,20,1,Area-42,1
2024-01-23,20,1,Area-43,1
2024-01-23,20,1,Area-44,3
2024-01-23,20,1,Area-45,1
2024-01-23,20,1,Area-46,1
2024-01-23,20,1,Area-47,3
2024-01-23,20,1,Area-49,3
2024-01-23,20,1,Area-5,2
2024-01-23,20,1,Area-50,2
2024-01-23,20,1,Area-7,2
2024-01-23,20,1,Area-8,2
2024-01-23,21,1,Area-1,1
2024-01-23,21,1,Area-10,2
2024-01-23,21,1,Area-12,2
2024-01-23,21,1,Area-13,1
2024-01-23,21,1,Area-14,3
2024-01-23,21,1,Area-15,3
2024-01-23,21,1,Area-17,2
2024-01-23,21,1,Area-18,3
2024-01-23,21,1,Area-19,1
2024-01-23,21,1,Area-20,1
2024-01-23,21,1,Area-21,2
2024-01-23,21,1,Area-22,1
2024-01-23,21,1,Area-23,1
2024-01-23,21,1,Area-25,2
2024-01-23,21,1,Area-27,1
2024-01-23,21,1,Area-28,2
2024-01-23,21,1,Area-29,3
2024-01-23,21,1,Area-30,2
2024-01-23,21,1,Area-32,2
2024-01-23,21,1,Area-34,2
2024-01-23,21,1,Area-35,2
2024-01-23,21,1,Area-36,2
2024-01-23,21,1,Area-37,2
2024-01-23,21,1,Area-38,2
2024-01-23,21,1,Area-39,2
2024-01-23,21,1,Area-4,5
2024-01-23,21,1,Area-40,2
2024-01-23,21,1,Area-42,2
2024-01-23,21,1,Area-44,1
2024-01-23,21,1,Area-45,1
2024-01-23,21,1,Area-46,2
2024-01-23,21,1,Area-48,1
2024-01-23,21,1,Area-5,2
2024-01-23,21,1,Area-6,1
2024-01-23,21,1,Area-7,1
2024-01-23,22,1,Area-10,1
2024-01-23,22,1,Area-11,2
2024-01-23,22,1,Area-12,1
2024-01-23,22,1,Area-13,3
2024-01-23,22,1,Area-14,1
2024-01-23,22,1,Area-16,1
2024-01-23,22,1,Area-17,1
2024-01-23,22,1,Area-18,3
2024-01-23,22,1,Area-19,3
2024-01-23,22,1,Area-20,2
2024-01-23,22,1,Area-21,1
2024-01-23,22,1,Area-22,2
2024-01-23,22,1,Area-23,2
2024-01-23,22,1,Area-27,2
2024-01-23,22,1,Area-28,1
2024-01-23,22,1,Area-29,1
2024-01-23,22,1,Area-3,1
2024-01-23,22,1,Area-30,2
2024-01-23,22,1,Area-31,2
2024-01-23,22,1,Area-32,4
2024-01-23,22,1,Area-33,1
2024-01-23,22,1,Area-35,2
2024-01-23,22,1,Area-36,4
2024-01-23,22,1,Area-37,2
2024-01-23,22,1,Area-39,2
2024-01-23,22,1,Area-42,3
2024-01-23,22,1,Area-44,4
2024-01-23,22,1,Area-45,2
2024-01-23,22,1,Area-46,3
2024-01-23,22,1,Area-47,1
2024-01-23,22,1,Area-48,3
2024-01-23,22,1,Area-49,2
2024-01-23,22,1,Area-5,1
2024-01-23,22,1,Area-50,2
2024-01-23,22,1,Area-7,2
2024-01-23,23,1,Area-1,3
2024-01-23,23,1,Area-10,2
2024-01-23,23,1,Area-11,1
2024-01-23,23,1,Area-13,1
2024-01-23,23,1,Area-14,2
2024-01-23,23,1,Area-15,2
2024-01-23,23,1,Area-18,1
2024-01-23,23,1,Area-2,1
2024-01-23,23,1,Area-20,1
2024-01-23,23,1,Area-21,2
2024-01-23,23,1,Area-23,2
2024-01-23,23,1,Area-24,1
2024-01-23,23,1,Area-26,2
2024-01-23,23,1,Area-27,3
2024-01-23,23,1,Area-28,4
2024-01-23,23,1,Area-29,1
2024-01-23,23,1,Area-3,3
2024-01-23,23,1,Area-31,1
2024-01-23,23,1,Area-33,1
2024-01-23,23,1,Area-34,4
2024-01-23,23,1,Area-35,4
2024-01-23,23,1,Area-36,2
2024-01-23,23,1,Area-37,1
2024-01-23,23,1,Area-38,1
2024-01-23,23,1,Area-39,1
2024-01-23,23,1,Area-4,1
2024-01-23,23,1,Area-41,3
2024-01-23,23,1,Area-42,1
2024-01-23,23,1,Area-44,3
2024-01-23,23,1,Area-46,5
2024-01-23,23,1,Area-48,4
2024-01-23,23,1,Area-5,2
2024-01-23,23,1,Area-6,1
2024-01-23,23,1,Area-7,3
2024-01-23,23,1,Area-8,1
2024-01-23,23,1,Area-9,1
2024-01-24,0,2,Area-1,1
2024-01-24,0,2,Area-10,1
2024-01-24,0,2,Area-12,1
2024-01-24,0,2,Area-13,1
2024-01-24,0,2,Area-14,2
2024-01-24,0,2,Area-17,4
2024-01-24,0,2,Area-18,2
2024-01-24,0,2,Area-19,1
2024-01-24,0,2,Area-2,1
2024-01-24,0,2,Area-20,1
2024-01-24,0,2,Area-21,1
2024-01-24,0,2,Area-22,1
2024-01-24,0,2,Area-23,1
2024-01-24,0,2,Area-24,1
2024-01-24,0,2,Area-26,1
2024-01-24,0,2,Area-28,2
2024-01-24,0,2,Area-30,2
2024-01-24,0,2,Area-32,2
2024-01-24,0,2,Area-33,3
2024-01-24,0,2,Area-34,2
2024-01-24,0,2,Area-35,2
2024-01-24,0,2,Area-36,3
2024-01-24,0,2,Area-37,3
2024-01-24,0,2,Area-39,3
2024-01-24,0,2,Area-4,1
2024-01-24,0,2,Area-40,1
2024-01-24,0,2,Area-41,1
2024-01-24,0,2,Area-42,1
2024-01-24,0,2,Area-43,3
2024-01-24,0,2,Area-44,2
2024-01-24,0,2,Area-45,1
2024-01-24,0,2,Area-46,2
2024-01-24,0,2,Area-47,1
2024-01-24,0,2,Area-48,1
2024-01-24,0,2,Area-5,1
2024-01-24,0,2,Area-50,1
2024-01-24,0,2,Area-6,1
2024-01-24,0,2,Area-7,1
2024-01-24,0,2,Area-8,2
2024-01-24,0,2,Area-9,2
2024-01-24,1,2,Area-1,3
2024-01-24,1,2,Area-10,1
2024-01-24,1,2,Area-11,2
2024-01-24,1,2,Area-12,4
2024-01-24,1,2,Area-13,1
2024-01-24,1,2,Area-14,1
2024-01-24,1,2,Area-15,3
2024-01-24,1,2,Area-16,4
2024-01-24,1,2,Area-2,2
2024-01-24,1,2,Area-21,1
2024-01-24,1,2,Area-22,2
2024-01-24,1,2,Area-25,3
2024-01-24,1,2,Area-26,3
2024-01-24,1,2,Area-28,1
2024-01-24,1,2,Area-29,3
2024-01-24,1,2,Area-3,1
2024-01-24,1,2,Area-34,1
2024-01-24,1,2,Area-35,1
2024-01-24,1,2,Area-36,1
2024-01-24,1,2,Area-37,1
2024-01-24,1,2,Area-38,2
2024-01-24,1,2,Area-39,1
2024-01-24,1,2,Area-4,2
2024-01-24,1,2,Area-40,2
2024-01-24,1,2,Area-42,2
2024-01-24,1,2,Area-43,4
2024-01-24,1,2,Area-44,2
2024-01-24,1,2,Area-45,1
2024-01-24,1,2,Area-46,2
2024-01-24,1,2,Area-47,2
2024-01-24,1,2,Area-48,2
2024-01-24,1,2,Area-49,3
2024-01-24,1,2,Area-5,4
2024-01-24,1,2,Area-50,2
2024-01-24,1,2,Area-6,2
2024-01-24,1,2,Area-7,3
2024-01-24,1,2,Area-8,2
2024-01-24,2,2,Area-1,2
2024-01-24,2,2,Area-10,1
2024-01-24,2,2,Area-11,3
2024-01-24,2,2,Area-13,1
2024-01-24,2,2,Area-15,2
2024-01-24,2,2,Area-18,3
2024-01-24,2,2,Area-19,2
2024-01-24,2,2,Area-2,3
2024-01-24,2,2,Area-20,1
2024-01-24,2,2,Area-21,4
2024-01-24,2,2,Area-22,2
2024-01-24,2,2,Area-23,1
2024-01-24,2,2,Area-24,1
2024-01-24,2,2,Area-25,2
2024-01-24,2,2,Area-26,1
2024-01-24,2,2,Area-27,2
2024-01-24,2,2,Area-28,4
2024-01-24,2,2,Area-3,3
2024-01-24,2,2,Area-31,1
2024-01-24,2,2,Area-33,2
2024-01-24,2,2,Area-34,1
2024-01-24,2,2,Area-37,1
2024-01-24,2,2,Area-39,3
2024-01-24,2,2,Area-4,1
2024-01-24,2,2,Area-40,2
2024-01-24,2,2,Area-41,1
2024-01-24,2,2,Area-43,2
2024-01-24,2,2,Area-44,1
2024-01-24,2,2,Area-45,5
2024-01-24,2,2,Area-46,2
2024-01-24,2,2,Area-47,2
2024-01-24,2,2,Area-49,3
2024-01-24,2,2,Area-6,1
2024-01-24,2,2,Area-7,4
2024-01-24,2,2,Area-8,1
2024-01-24,2,2,Area-9,3
2024-01-24,3,2,Area-1,1
2024-01-24,3,2,Area-10,2
2024-01-24,3,2,Area-11,1
2024-01-24,3,2,Area-12,2
2024-01-24,3,2,Area-13,3
2024-01-24,3,2,Area-15,2
2024-01-24,3,2,Area-17,1
2024-01-24,3,2,Area-18,1
2024-01-24,3,2,Area-19,1
2024-01-24,3,2,Area-2,1
2024-01-24,3,2,Area-20,3
2024-01-24,3,2,Area-21,2
2024-01-24,3,2,Area-22,2
2024-01-24,3,2,Area-23,2
2024-01-24,3,2,Area-24,4
2024-01-24,3,2,Area-25,1
2024-01-24,3,2,Area-26,1
2024-01-24,3,2,Area-27,2
2024-01-24,3,2,Area-28,2
2024-01-24,3,2,Area-29,1
2024-01-24,3,2,Area-3,2
2024-01-24,3,2,Area-30,2
2024-01-24,3,2,Area-31,1
2024-01-24,3,2,Area-32,1
2024-01-24,3,2,Area-33,3
2024-01-24,3,2,Area-34,2
2024-01-24,3,2,Area-35,2
2024-01-24,3,2,Area-37,1
2024-01-24,3,2,Area-38,1
2024-01-24,3,2,Area-39,2
2024-01-24,3,2,Area-4,1
2024-01-24,3,2,Area-41,1
2024-01-24,3,2,Area-42,1
2024-01-24,3,2,Area-43,3
2024-01-24,3,2,Area-44,3
2024-01-24,3,2,Area-45,2
2024-01-24,3,2,Area-46,2
2024-01-24,3,2,Area-47,2
2024-01-24,3,2,Area-48,1
2024-01-24,3,2,Area-49,1
2024-01-24,3,2,Area-5,4
2024-01-24,3,2,Area-50,2
2024-01-24,3,2,Area-6,2
2024-01-24,3,2,Area-8,3
2024-01-24,3,2,Area-9,1
2024-01-24,4,2,Area-1,1
2024-01-24,4,2,Area-10,1
2024-01-24,4,2,Area-11,1
2024-01-24,4,2,Area-12,1
2024-01-24,4,2,Area-13,1
2024-01-24,4,2,Area-15,2
2024-01-24,4,2,Area-16,1
2024-01-24,4,2,Area-17,1
2024-01-24,4,2,Area-18,2
2024-01-24,4,2,Area-19,2
2024-01-24,4,2,Area-20,1
2024-01-24,4,2,Area-21,3
2024-01-24,4,2,Area-22,1
2024-01-24,4,2,Area-23,1
2024-01-24,4,2,Area-24,2
2024-01-24,4,2,Area-26,2
2024-01-24,4,2,Area-27,4
2024-01-24,4,2,Area-28,1
2024-01-24,4,2,Area-30,1
2024-01-24,4,2,Area-31,2
2024-01-24,4,2,Area-32,2
2024-01-24,4,2,Area-34,2
2024-01-24,4,2,Area-35,1
2024-01-24,4,2,Area-37,1
2024-01-24,4,2,Area-38,4
2024-01-24,4,2,Area-39,1
2024-01-24,4,2,Area-42,2
2024-01-24,4,2,Area-43,7
2024-01-24,4,2,Area-44,1
2024-01-24,4,2,Area-46,2
2024-01-24,4,2,Area-5,1
2024-01-24,4,2,Area-50,1
2024-01-24,4,2,Area-6,3
2024-01-24,4,2,Area-8,2
2024-01-24,4,2,Area-9,3
2024-01-24,5,2,Area-10,3
2024-01-24,5,2,Area-11,3
2024-01-24,5,2,Area-12,1
2024-01-24,5,2,Area-13,1
2024-01-24,5,2,Area-14,1
2024-01-24,5,2,Area-15,1
2024-01-24,5,2,Area-16,1
2024-01-24,5,2,Area-17,1
2024-01-24,5,2,Area-18,2
2024-01-24,5,2,Area-19,1
2024-01-24,5,2,Area-21,1
2024-01-24,5,2,Area-22,1
2024-01-24,5,2,Area-23,2
2024-01-24,5,2,Area-24,1
2024-01-24,5,2,Area-25,1
2024-01-24,5,2,Area-28,1
2024-01-24,5,2,Area-3,2
2024-01-24,5,2,Area-32,4
2024-01-24,5,2,Area-34,1
2024-01-24,5,2,Area-35,1
2024-01-24,5,2,Area-36,1
2024-01-24,5,2,Area-41,3
2024-01-24,5,2,Area-42,1
2024-01-24,5,2,Area-43,2
2024-01-24,5,2,Area-44,1
2024-01-24,5,2,Area-45,3
2024-01-24,5,2,Area-46,1
2024-01-24,5,2,Area-47,2
2024-01-24,5,2,Area-49,1
2024-01-24,5,2,Area-5,2
2024-01-24,5,2,Area-50,2
2024-01-24,5,2,Area-6,1
2024-01-24,5,2,Area-7,2
2024-01-24,5,2,Area-8,2
2024-01-24,6,2,Area-1,1
2024-01-24,6,2,Area-10,1
2024-01-24,6,2,Area-11,1
2024-01-24,6,2,Area-12,1
2024-01-24,6,2,Area-13,1
2024-01-24,6,2,Area-14,1
2024-01-24,6,2,Area-15,3
2024-01-24,6,2,Area-17,1
2024-01-24,6,2,Area-18,1
2024-01-24,6,2,Area-19,2
2024-01-24,6,2,Area-20,1
2024-01-24,6,2,Area-21,2
2024-01-24,6,2,Area-23,4
2024-01-24,6,2,Area-24,2
2024-01-24,6,2,Area-25,3
2024-01-24,6,2,Area-26,3
2024-01-24,6,2,Area-27,1
2024-01-24,6,2,Area-29,1
2024-01-24,6,2,Area-3,1
2024-01-24,6,2,Area-30,2
2024-01-24,6,2,Area-31,1
2024-01-24,6,2,Area-32,1
2024-01-24,6,2,Area-33,5
2024-01-24,6,2,Area-35,2
2024-01-24,6,2,Area-37,2
2024-01-24,6,2,Area-38,1
2024-01-24,6,2,Area-39,2
2024-01-24,6,2,Area-40,1
2024-01-24,6,2,Area-41,1
2024-01-24,6,2,Area-42,1
2024-01-24,6,2,Area-44,1
2024-01-24,6,2,Area-45,3
2024-01-24,6,2,Area-46,1
2024-01-24,6,2,Area-48,2
2024-01-24,6,2,Area-50,2
2024-01-24,6,2,Area-6,1
2024-01-24,6,2,Area-7,3
2024-01-24,7,2,Area-10,2
2024-01-24,7,2,Area-11,1
2024-01-24,7,2,Area-12,2
2024-01-24,7,2,Area-15,1
2024-01-24,7,2,Area-16,2
2024-01-24,7,2,Area-17,1
2024-01-24,7,2,Area-18,1
2024-01-24,7,2,Area-2,2
2024-01-24,7,2,Area-21,2
2024-01-24,7,2,Area-22,1
2024-01-24,7,2,Area-25,1
2024-01-24,7,2,Area-27,3
2024-01-24,7,2,Area-28,3
2024-01-24,7,2,Area-29,3
2024-01-24,7,2,Area-3,1
2024-01-24,7,2,Area-30,2
2024-01-24,7,2,Area-31,1
2024-01-24,7,2,Area-33,4
2024-01-24,7,2,Area-35,1
2024-01-24,7,2,Area-36,2
2024-01-24,7,2,Area-39,2
2024-01-24,7,2,Area-4,4
2024-01-24,7,2,Area-40,1
2024-01-24,7,2,Area-41,1
2024-01-24,7,2,Area-42,3
2024-01-24,7,2,Area-44,2
2024-01-24,7,2,Area-45,3
2024-01-24,7,2,Area-47,2
2024-01-24,7,2,Area-48,2
2024-01-24,7,2,Area-49,2
2024-01-24,7,2,Area-5,1
2024-01-24,7,2,Area-50,1
2024-01-24,7,2,Area-6,2
2024-01-24,7,2,Area-7,2
2024-01-24,7,2,Area-8,1
2024-01-24,7,2,Area-9,4
2024-01-24,8,2,Area-1,5
2024-01-24,8,2,Area-13,2
2024-01-24,8,2,Area-16,1
2024-01-24,8,2,Area-17,1
2024-01-24,8,2,Area-18,2
2024-01-24,8,2,Area-2,3
2024-01-24,8,2,Area-20,3
2024-01-24,8,2,Area-21,2
2024-01-24,8,2,Area-23,1
2024-01-24,8,2,Area-24,1
2024-01-24,8,2,Area-26,3
2024-01-24,8,2,Area-27,1
2024-01-24,8,2,Area-28,2
2024-01-24,8,2,Area-3,3
2024-01-24,8,2,Area-30,1
2024-01-24,8,2,Area-31,2
2024-01-24,8,2,Area-32,3
2024-01-24,8,2,Area-35,2
2024-01-24,8,2,Area-37,1
2024-01-24,8,2,Area-38,2
2024-01-24,8,2,Area-4,2
2024-01-24,8,2,Area-40,1
2024-01-24,8,2,Area-41,2
2024-01-24,8,2,Area-42,1
2024-01-24,8,2,Area-43,2
2024-01-24,8,2,Area-44,1
2024-01-24,8,2,Area-45,1
2024-01-24,8,2,Area-46,1
2024-01-24,8,2,Area-47,1
2024-01-24,8,2,Area-48,4
2024-01-24,8,2,Area-49,2
2024-01-24,8,2,Area-5,2
2024-01-24,8,2,Area-50,1
2024-01-24,8,2,Area-6,1
2024-01-24,8,2,Area-7,1
2024-01-24,9,2,Area-1,3
2024-01-24,9,2,Area-10,1
2024-01-24,9,2,Area-11,1
2024-01-24,9,2,Area-12,2
2024-01-24,9,2,Area-13,3
2024-01-24,9,2,Area-14,1
2024-01-24,9,2,Area-15,3
2024-01-24,9,2,Area-16,2
2024-01-24,9,2,Area-17,1
2024-01-24,9,2,Area-2,1
2024-01-24,9,2,Area-20,3
2024-01-24,9,2,Area-21,1
2024-01-24,9,2,Area-22,1
2024-01-24,9,2,Area-24,3
2024-01-24,9,2,Area-25,2
2024-01-24,9,2,Area-26,3
2024-01-24,9,2,Area-27,3
2024-01-24,9,2,Area-28,1
2024-01-24,9,2,Area-29,2
2024-01-24,9,2,Area-3,1
2024-01-24,9,2,Area-30,3
2024-01-24,9,2,Area-31,4
2024-01-24,9,2,Area-32,1
2024-01-24,9,2,Area-33,1
2024-01-24,9,2,Area-35,1
2024-01-24,9,2,Area-37,1
2024-01-24,9,2,Area-38,1
2024-01-24,9,2,Area-39,2
2024-01-24,9,2,Area-4,1
2024-01-24,9,2,Area-40,3
2024-01-24,9,2,Area-41,1
2024-01-24,9,2,Area-42,2
2024-01-24,9,2,Area-46,1
2024-01-24,9,2,Area-47,2
2024-01-24,9,2,Area-48,1
2024-01-24,9,2,Area-49,2
2024-01-24,9,2,Area-5,1
2024-01-24,9,2,Area-50,1
2024-01-24,9,2,Area-6,1
2024-01-24,9,2,Area-8,3
2024-01-24,9,2,Area-9,5
2024-01-24,10,2,Area-1,2
2024-01-24,10,2,Area-10,3
2024-01-24,10,2,Area-11,4
2024-01-24,10,2,Area-12,1
2024-01-24,10,2,Area-14,2
2024-01-24,10,2,Area-15,1
2024-01-24,10,2,Area-16,1
2024-01-24,10,2,Area-17,2
2024-01-24,10,2,Area-18,1
2024-01-24,10,2,Area-19,2
2024-01-24,10,2,Area-20,2
2024-01-24,10,2,Area-21,3
2024-01-24,10,2,Area-23,2
2024-01-24,10,2,Area-24,1
2024-01-24,10,2,Area-25,1
2024-01-24,10,2,Area-26,3
2024-01-24,10,2,Area-27,1
2024-01-24,10,2,Area-29,1
2024-01-24,10,2,Area-3,1
2024-01-24,10,2,Area-30,1
2024-01-24,10,2,Area-31,1
2024-01-24,10,2,Area-32,3
2024-01-24,10,2,Area-33,1
2024-01-24,10,2,Area-34,2
2024-01-24,10,2,Area-35,3
2024-01-24,10,2,Area-36,2
2024-01-24,10,2,Area-37,2
2024-01-24,10,2,Area-39,2
2024-01-24,10,2,Area-4,2
2024-01-24,10,2,Area-43,1
2024-01-24,10,2,Area-44,2
2024-01-24,10,2,Area-45,1
2024-01-24,10,2,Area-46,2
2024-01-24,10,2,Area-5,2
2024-01-24,10,2,Area-6,1
2024-01-24,10,2,Area-7,1
2024-01-24,10,2,Area-9,1
2024-01-24,11,2,Area-1,1
2024-01-24,11,2,Area-11,1
2024-01-24,11,2,Area-13,1
2024-01-24,11,2,Area-14,3
2024-01-24,11,2,Area-16,4
2024-01-24,11,2,Area-17,2
2024-01-24,11,2,Area-19,1
2024-01-24,11,2,Area-2,4
2024-01-24,11,2,Area-20,1
2024-01-24,11,2,Area-21,1
2024-01-24,11,2,Area-22,3
2024-01-24,11,2,Area-23,1
2024-01-24,11,2,Area-24,2
2024-01-24,11,2,Area-25,2
2024-01-24,11,2,Area-26,1
2024-01-24,11,2,Area-27,2
2024-01-24,11,2,Area-29,2
2024-01-24,11,2,Area-3,2
2024-01-24,11,2,Area-30,4
2024-01-24,11,2,Area-32,1
2024-01-24,11,2,Area-37,2
2024-01-24,11,2,Area-38,2
2024-01-24,11,2,Area-39,1
2024-01-24,11,2,Area-4,1
2024-01-24,11,2,Area-40,1
2024-01-24,11,2,Area-41,5
2024-01-24,11,2,Area-43,1
2024-01-24,11,2,Area-44,2
2024-01-24,11,2,Area-45,2
2024-01-24,11,2,Area-46,4
2024-01-24,11,2,Area-47,1
2024-01-24,11,2,Area-5,2
2024-01-24,11,2,Area-50,1
2024-01-24,11,2,Area-6,1
2024-01-24,11,2,Area-8,2
2024-01-24,12,2,Area-10,2
2024-01-24,12,2,Area-11,2
2024-01-24,12,2,Area-16,1
2024-01-24,12,2,Area-19,2
2024-01-24,12,2,Area-2,2
2024-01-24,12,2,Area-20,1
2024-01-24,12,2,Area-21,2
2024-01-24,12,2,Area-22,2
2024-01-24,12,2,Area-24,4
2024-01-24,12,2,Area-26,3
2024-01-24,12,2,Area-27,1
2024-01-24,12,2,Area-29,4
2024-01-24,12,2,Area-3,2
2024-01-24,12,2,Area-30,1
2024-01-24,12,2,Area-31,2
2024-01-24,12,2,Area-32,1
2024-01-24,12,2,Area-33,2
2024-01-24,12,2,Area-34,1
2024-01-24,12,2,Area-35,1
2024-01-24,12,2,Area-36,2
2024-01-24,12,2,Area-37,2
2024-01-24,12,2,Area-38,1
2024-01-24,12,2,Area-39,3
2024-01-24,12,2,Area-4,2
2024-01-24,12,2,Area-40,2
2024-01-24,12,2,Area-41,1
2024-01-24,12,2,Area-43,1
2024-01-24,12,2,Area-44,3
2024-01-24,12,2,Area-46,2
2024-01-24,12,2,Area-47,2
2024-01-24,12,2,Area-48,2
2024-01-24,12,2,Area-49,2
2024-01-24,12,2,Area-5,2
2024-01-24,12,2,Area-50,1
2024-01-24,12,2,Area-6,1
2024-01-24,12,2,Area-7,2
2024-01-24,12,2,Area-8,1
2024-01-24,13,2,Area-1,1
2024-01-24,13,2,Area-10,1
2024-01-24,13,2,Area-11,2
2024-01-24,13,2,Area-12,1
2024-01-24,13,2,Area-13,3
2024-01-24,13,2,Area-14,2
2024-01-24,13,2,Area-15,3
2024-01-24,13,2,Area-16,1
2024-01-24,13,2,Area-18,2
2024-01-24,13,2,Area-19,1
2024-01-24,13,2,Area-23,2
2024-01-24,13,2,Area-24,2
2024-01-24,13,2,Area-25,2
2024-01-24,13,2,Area-27,1
2024-01-24,13,2,Area-3,2
2024-01-24,13,2,Area-30,3
2024-01-24,13,2,Area-31,1
2024-01-24,13,2,Area-32,3
2024-01-24,13,2,Area-33,3
2024-01-24,13,2,Area-34,1
2024-01-24,13,2,Area-35,4
2024-01-24,13,2,Area-36,1
2024-01-24,13,2,Area-37,1
2024-01-24,13,2,Area-39,1
2024-01-24,13,2,Area-4,1
2024-01-24,13,2,Area-42,1
2024-01-24,13,2,Area-43,3
2024-01-24,13,2,Area-44,3
2024-01-24,13,2,Area-45,2
2024-01-24,13,2,Area-46,3
2024-01-24,13,2,Area-47,3
2024-01-24,13,2,Area-48,3
2024-01-24,13,2,Area-5,1
2024-01-24,13,2,Area-7,1
2024-01-24,13,2,Area-9,2
2024-01-24,14,2,Area-10,1
2024-01-24,14,2,Area-11,2
2024-01-24,14,2,Area-12,2
2024-01-24,14,2,Area-15,3
2024-01-24,14,2,Area-16,3
2024-01-24,14,2,Area-17,1
2024-01-24,14,2,Area-18,3
2024-01-24,14,2,Area-19,3
2024-01-24,14,2,Area-20,4
2024-01-24,14,2,Area-21,2
2024-01-24,14,2,Area-23,1
2024-01-24,14,2,Area-25,2
2024-01-24,14,2,Area-26,1
2024-01-24,14,2,Area-27,1
2024-01-24,14,2,Area-28,3
2024-01-24,14,2,Area-29,1
2024-01-24,14,2,Area-3,1
2024-01-24,14,2,Area-32,2
2024-01-24,14,2,Area-33,2
2024-01-24,14,2,Area-34,1
2024-01-24,14,2,Area-35,3
2024-01-24,14,2,Area-37,5
2024-01-24,14,2,Area-42,1
2024-01-24,14,2,Area-43,1
2024-01-24,14,2,Area-46,1
2024-01-24,14,2,Area-47,2
2024-01-24,14,2,Area-48,2
2024-01-24,14,2,Area-49,2
2024-01-24,14,2,Area-5,3
2024-01-24,14,2,Area-6,4
2024-01-24,14,2,Area-8,2
2024-01-24,14,2,Area-9,1
2024-01-24,15,2,Area-1,1
2024-01-24,15,2,Area-10,2
2024-01-24,15,2,Area-11,1
2024-01-24,15,2,Area-12,2
2024-01-24,15,2,Area-13,1
2024-01-24,15,2,Area-14,1
2024-01-24,15,2,Area-15,2
2024-01-24,15,2,Area-16,2
2024-01-24,15,2,Area-17,3
2024-01-24,15,2,Area-19,2
2024-01-24,15,2,Area-2,2
2024-01-24,15,2,Area-20,1
2024-01-24,15,2,Area-22,1
2024-01-24,15,2,Area-23,1
2024-01-24,15,2,Area-24,1
2024-01-24,15,2,Area-26,1
2024-01-24,15,2,Area-27,4
2024-01-24,15,2,Area-3,2
2024-01-24,15,2,Area-31,3
2024-01-24,15,2,Area-32,1
2024-01-24,15,2,Area-33,4
2024-01-24,15,2,Area-35,2
2024-01-24,15,2,Area-36,1
2024-01-24,15,2,Area-37,1
2024-01-24,15,2,Area-38,1
2024-01-24,15,2,Area-39,2
2024-01-24,15,2,Area-4,2
2024-01-24,15,2,Area-41,1
2024-01-24,15,2,Area-42,2
2024-01-24,15,2,Area-43,1
2024-01-24,15,2,Area-44,1
2024-01-24,15,2,Area-46,1
2024-01-24,15,2,Area-47,1
2024-01-24,15,2,Area-48,2
2024-01-24,15,2,Area-5,1
2024-01-24,15,2,Area-50,3
2024-01-24,15,2,Area-6,3
2024-01-24,15,2,Area-8,1
2024-01-24,15,2,Area-9,2
2024-01-24,16,2,Area-1,1
2024-01-24,16,2,Area-10,1
2024-01-24,16,2,Area-11,1
2024-01-24,16,2,Area-12,1
2024-01-24,16,2,Area-15,2
2024-01-24,16,2,Area-16,1
2024-01-24,16,2,Area-17,3
2024-01-24,16,2,Area-18,2
2024-01-24,16,2,Area-2,3
2024-01-24,16,2,Area-20,3
2024-01-24,16,2,Area-22,4
2024-01-24,16,2,Area-23,1
2024-01-24,16,2,Area-24,1
2024-01-24,16,2,Area-25,3
2024-01-24,16,2,Area-26,1
2024-01-24,16,2,Area-27,1
2024-01-24,16,2,Area-28,2
2024-01-24,16,2,Area-29,3
2024-01-24,16,2,Area-3,1
2024-01-24,16,2,Area-30,1
2024-01-24,16,2,Area-31,1
2024-01-24,16,2,Area-34,2
2024-01-24,16,2,Area-35,2
2024-01-24,16,2,Area-36,4
2024-01-24,16,2,Area-38,3
2024-01-24,16,2,Area-39,1
2024-01-24,16,2,Area-4,3
2024-01-24,16,2,Area-41,1
2024-01-24,16,2,Area-42,1
2024-01-24,16,2,Area-43,2
2024-01-24,16,2,Area-45,2
2024-01-24,16,2,Area-46,1
2024-01-24,16,2,Area-47,1
2024-01-24,16,2,Area-49,1
2024-01-24,16,2,Area-5,1
2024-01-24,16,2,Area-50,1
2024-01-24,16,2,Area-6,3
2024-01-24,16,2,Area-7,1
2024-01-24,16,2,Area-8,5
2024-01-24,17,2,Area-1,2
2024-01-24,17,2,Area-10,1
2024-01-24,17,2,Area-11,2
2024-01-24,17,2,Area-12,1
2024-01-24,17,2,Area-13,2
2024-01-24,17,2,Area-14,3
2024-01-24,17,2,Area-15,1
2024-01-24,17,2,Area-16,3
2024-01-24,17,2,Area-18,1
2024-01-24,17,2,Area-2,1
2024-01-24,17,2,Area-20,2
2024-01-24,17,2,Area-21,3
2024-01-24,17,2,Area-24,1
2024-01-24,17,2,Area-25,1
2024-01-24,17,2,Area-26,1
2024-01-24,17,2,Area-27,1
2024-01-24,17,2,Area-28,3
2024-01-24,17,2,Area-29,2
2024-01-24,17,2,Area-30,2
2024-01-24,17,2,Area-31,2
2024-01-24,17,2,Area-32,1
2024-01-24,17,2,Area-34,5
2024-01-24,17,2,Area-36,1
2024-01-24,17,2,Area-39,1
2024-01-24,17,2,Area-4,1
2024-01-24,17,2,Area-41,2
2024-01-24,17,2,Area-42,1
2024-01-24,17,2,Area-43,3
2024-01-24,17,2,Area-44,4
2024-01-24,17,2,Area-45,2
2024-01-24,17,2,Area-49,2
2024-01-24,17,2,Area-5,2
2024-01-24,17,2,Area-50,2
2024-01-24,17,2,Area-6,1
2024-01-24,17,2,Area-8,1
2024-01-24,17,2,Area-9,3
2024-01-24,18,2,Area-1,2
2024-01-24,18,2,Area-10,1
2024-01-24,18,2,Area-11,1
2024-01-24,18,2,Area-12,2
2024-01-24,18,2,Area-13,2
2024-01-24,18,2,Area-14,3
2024-01-24,18,2,Area-16,3
2024-01-24,18,2,Area-17,1
2024-01-24,18,2,Area-19,2
2024-01-24,18,2,Area-2,1
2024-01-24,18,2,Area-20,2
2024-01-24,18,2,Area-21,1
2024-01-24,18,2,Area-22,3
2024-01-24,18,2,Area-23,3
2024-01-24,18,2,Area-24,4
2024-01-24,18,2,Area-25,2
2024-01-24,18,2,Area-26,2
2024-01-24,18,2,Area-27,2
2024-01-24,18,2,Area-28,1
2024-01-24,18,2,Area-29,1
2024-01-24,18,2,Area-3,2
2024-01-24,18,2,Area-30,2
2024-01-24,18,2,Area-31,2
2024-01-24,18,2,Area-33,1
2024-01-24,18,2,Area-34,4
2024-01-24,18,2,Area-38,4
2024-01-24,18,2,Area-39,1
2024-01-24,18,2,Area-4,1
2024-01-24,18,2,Area-40,2
2024-01-24,18,2,Area-41,1
2024-01-24,18,2,Area-42,2
2024-01-24,18,2,Area-44,2
2024-01-24,18,2,Area-45,2
2024-01-24,18,2,Area-46,2
2024-01-24,18,2,Area-48,2
2024-01-24,18,2,Area-49,4
2024-01-24,18,2,Area-5,4
2024-01-24,18,2,Area-50,2
2024-01-24,18,2,Area-6,1
2024-01-24,18,2,Area-7,1
2024-01-24,18,2,Area-8,2
2024-01-24,19,2,Area-10,2
2024-01-24,19,2,Area-12,2
2024-01-24,19,2,Area-13,1
2024-01-24,19,2,Area-14,1
2024-01-24,19,2,Area-15,2
2024-01-24,19,2,Area-17,3
2024-01-24,19,2,Area-18,1
2024-01-24,19,2,Area-2,1
2024-01-24,19,2,Area-21,2
2024-01-24,19,2,Area-22,1
2024-01-24,19,2,Area-23,1
2024-01-24,19,2,Area-25,4
2024-01-24,19,2,Area-26,2
2024-01-24,19,2,Area-27,1
2024-01-24,19,2,Area-28,2
2024-01-24,19,2,Area-29,1
2024-01-24,19,2,Area-3,1
2024-01-24,19,2,Area-30,1
2024-01-24,19,2,Area-33,3
2024-01-24,19,2,Area-36,2
2024-01-24,19,2,Area-37,1
2024-01-24,19,2,Area-38,3
2024-01-24,19,2,Area-39,1
2024-01-24,19,2,Area-42,1
2024-01-24,19,2,Area-43,1
2024-01-24,19,2,Area-45,2
2024-01-24,19,2,Area-47,4
2024-01-24,19,2,Area-49,2
2024-01-24,19,2,Area-50,1
2024-01-24,19,2,Area-6,2
2024-01-24,19,2,Area-7,1
2024-01-24,19,2,Area-8,2
2024-01-24,19,2,Area-9,2
2024-01-24,20,2,Area-1,2
2024-01-24,20,2,Area-10,1
2024-01-24,20,2,Area-11,2
2024-01-24,20,2,Area-12,2
2024-01-24,20,2,Area-13,2
2024-01-24,20,2,Area-14,2
2024-01-24,20,2,Area-15,1
2024-01-24,20,2,Area-2,1
2024-01-24,20,2,Area-20,1
2024-01-24,20,2,Area-21,1
2024-01-24,20,2,Area-22,3
2024-01-24,20,2,Area-23,4
2024-01-24,20,2,Area-24,1
2024-01-24,20,2,Area-25,2
2024-01-24,20,2,Area-26,1
2024-01-24,20,2,Area-27,2
2024-01-24,20,2,Area-28,1
2024-01-24,20,2,Area-29,1
2024-01-24,20,2,Area-31,4
2024-01-24,20,2,Area-32,1
2024-01-24,20,2,Area-33,2
2024-01-24,20,2,Area-35,2
2024-01-24,20,2,Area-37,1
2024-01-24,20,2,Area-38,1
2024-01-24,20,2,Area-39,4
2024-01-24,20,2,Area-4,2
2024-01-24,20,2,Area-41,1
2024-01-24,20,2,Area-42,1
2024-01-24,20,2,Area-43,1
2024-01-24,20,2,Area-44,3
2024-01-24,20,2,Area-46,3
2024-01-24,20,2,Area-47,1
2024-01-24,20,2,Area-48,2
2024-01-24,20,2,Area-5,2
2024-01-24,20,2,Area-50,2
2024-01-24,20,2,Area-6,1
2024-01-24,20,2,Area-7,2
2024-01-24,20,2,Area-8,2
2024-01-24,20,2,Area-9,2
2024-01-24,21,2,Area-1,2
2024-01-24,21,2,Area-10,1
2024-01-24,21,2,Area-12,1
2024-01-24,21,2,Area-13,3
2024-01-24,21,2,Area-14,3
2024-01-24,21,2,Area-15,1
2024-01-24,21,2,Area-16,2
2024-01-24,21,2,Area-17,1
2024-01-24,21,2,Area-18,1
2024-01-24,21,2,Area-2,2
2024-01-24,21,2,Area-21,2
2024-01-24,21,2,Area-22,3
2024-01-24,21,2,Area-23,3
2024-01-24,21,2,Area-24,1
2024-01-24,21,2,Area-25,3
2024-01-24,21,2,Area-26,2
2024-01-24,21,2,Area-27,2
2024-01-24,21,2,Area-28,2
2024-01-24,21,2,Area-29,2
2024-01-24,21,2,Area-3,1
2024-01-24,21,2,Area-30,2
2024-01-24,21,2,Area-31,2
2024-01-24,21,2,Area-32,2
2024-01-24,21,2,Area-33,2
2024-01-24,21,2,Area-35,1
2024-01-24,21,2,Area-36,1
2024-01-24,21,2,Area-38,1
2024-01-24,21,2,Area-39,3
2024-01-24,21,2,Area-4,2
2024-01-24,21,2,Area-40,3
2024-01-24,21,2,Area-41,2
2024-01-24,21,2,Area-43,2
2024-01-24,21,2,Area-44,2
2024-01-24,21,2,Area-45,1
2024-01-24,21,2,Area-46,2
2024-01-24,21,2,Area-47,2
2024-01-24,21,2,Area-49,1
2024-01-24,21,2,Area-5,2
2024-01-24,21,2,Area-50,1
2024-01-24,21,2,Area-6,2
2024-01-24,21,2,Area-9,3
2024-01-24,22,2,Area-10,1
2024-01-24,22,2,Area-11,1
2024-01-24,22,2,Area-12,2
2024-01-24,22,2,Area-13,1
2024-01-24,22,2,Area-15,3
2024-01-24,22,2,Area-16,1
2024-01-24,22,2,Area-17,3
2024-01-24,22,2,Area-2,1
2024-01-24,22,2,Area-21,2
2024-01-24,22,2,Area-22,1
2024-01-24,22,2,Area-24,1
2024-01-24,22,2,Area-25,2
2024-01-24,22,2,Area-26,2
2024-01-24,22,2,Area-27,2
2024-01-24,22,2,Area-28,1
2024-01-24,22,2,Area-29,1
2024-01-24,22,2,Area-3,2
2024-01-24,22,2,Area-30,2
2024-01-24,22,2,Area-32,1
2024-01-24,22,2,Area-33,1
2024-01-24,22,2,Area-35,2
2024-01-24,22,2,Area-37,1
2024-01-24,22,2,Area-38,2
2024-01-24,22,2,Area-4,3
2024-01-24,22,2,Area-40,5
2024-01-24,22,2,Area-41,2
2024-01-24,22,2,Area-42,2
2024-01-24,22,2,Area-43,1
2024-01-24,22,2,Area-44,2
2024-01-24,22,2,Area-45,1
2024-01-24,22,2,Area-46,2
2024-01-24,22,2,Area-47,3
2024-01-24,22,2,Area-48,1
2024-01-24,22,2,Area-49,1
2024-01-24,22,2,Area-50,2
2024-01-24,22,2,Area-6,1
2024-01-24,22,2,Area-7,1
2024-01-24,22,2,Area-8,2
2024-01-24,22,2,Area-9,2
2024-01-24,23,2,Area-10,1
2024-01-24,23,2,Area-14,1
2024-01-24,23,2,Area-15,2
2024-01-24,23,2,Area-16,1
2024-01-24,23,2,Area-19,2
2024-01-24,23,2,Area-2,1
2024-01-24,23,2,Area-20,1
2024-01-24,23,2,Area-21,1
2024-01-24,23,2,Area-22,2
2024-01-24,23,2,Area-24,1
2024-01-24,23,2,Area-25,2
2024-01-24,23,2,Area-27,2
2024-01-24,23,2,Area-28,1
2024-01-24,23,2,Area-29,2
2024-01-24,23,2,Area-3,1
2024-01-24,23,2,Area-30,5
2024-01-24,23,2,Area-32,1
2024-01-24,23,2,Area-34,1
2024-01-24,23,2,Area-35,1
2024-01-24,23,2,Area-37,1
2024-01-24,23,2,Area-4,2
2024-01-24,23,2,Area-40,1
2024-01-24,23,2,Area-41,3
2024-01-24,23,2,Area-42,4
2024-01-24,23,2,Area-43,4
2024-01-24,23,2,Area-44,2
2024-01-24,23,2,Area-45,2
2024-01-24,23,2,Area-46,1
2024-01-24,23,2,Area-47,2
2024-01-24,23,2,Area-48,2
2024-01-24,23,2,Area-49,1
2024-01-24,23,2,Area-5,1
2024-01-24,23,2,Area-6,3
2024-01-25,0,3,Area-1,2
2024-01-25,0,3,Area-10,1
2024-01-25,0,3,Area-11,1
2024-01-25,0,3,Area-12,1
2024-01-25,0,3,Area-14,1
2024-01-25,0,3,Area-17,2
2024-01-25,0,3,Area-18,4
2024-01-25,0,3,Area-2,2
2024-01-25,0,3,Area-21,1
2024-01-25,0,3,Area-22,1
2024-01-25,0,3,Area-23,2
2024-01-25,0,3,Area-25,1
2024-01-25,0,3,Area-26,1
2024-01-25,0,3,Area-27,2
2024-01-25,0,3,Area-28,3
2024-01-25,0,3,Area-3,1
2024-01-25,0,3,Area-30,2
2024-01-25,0,3,Area-31,1
2024-01-25,0,3,Area-33,1
2024-01-25,0,3,Area-34,2
2024-01-25,0,3,Area-35,1
2024-01-25,0,3,Area-36,2
2024-01-25,0,3,Area-37,4
2024-01-25,0,3,Area-38,2
2024-01-25,0,3,Area-39,1
2024-01-25,0,3,Area-4,1
2024-01-25,0,3,Area-40,1
2024-01-25,0,3,Area-43,1
2024-01-25,0,3,Area-44,1
2024-01-25,0,3,Area-45,1
2024-01-25,0,3,Area-46,2
2024-01-25,0,3,Area-47,2
2024-01-25,0,3,Area-48,5
2024-01-25,0,3,Area-49,4
2024-01-25,0,3,Area-50,2
2024-01-25,0,3,Area-6,1
2024-01-25,0,3,Area-7,2
2024-01-25,0,3,Area-8,1
2024-01-25,0,3,Area-9,1
2024-01-25,1,3,Area-1,2
2024-01-25,1,3,Area-10,2
2024-01-25,1,3,Area-12,2
2024-01-25,1,3,Area-13,1
2024-01-25,1,3,Area-14,1
2024-01-25,1,3,Area-15,3
2024-01-25,1,3,Area-16,2
2024-01-25,1,3,Area-19,1
2024-01-25,1,3,Area-2,4
2024-01-25,1,3,Area-21,3
2024-01-25,1,3,Area-22,1
2024-01-25,1,3,Area-24,5
2024-01-25,1,3,Area-25,1
2024-01-25,1,3,Area-26,1
2024-01-25,1,3,Area-27,2
2024-01-25,1,3,Area-28,5
2024-01-25,1,3,Area-29,1
2024-01-25,1,3,Area-3,3
2024-01-25,1,3,Area-30,1
2024-01-25,1,3,Area-31,1
2024-01-25,1,3,Area-32,2
2024-01-25,1,3,Area-33,4
2024-01-25,1,3,Area-34,2
2024-01-25,1,3,Area-35,1
2024-01-25,1,3,Area-37,1
2024-01-25,1,3,Area-38,2
2024-01-25,1,3,Area-39,2
2024-01-25,1,3,Area-4,2
2024-01-25,1,3,Area-40,1
2024-01-25,1,3,Area-41,1
2024-01-25,1,3,Area-42,3
2024-01-25,1,3,Area-43,1
2024-01-25,1,3,Area-44,1
2024-01-25,1,3,Area-45,1
2024-01-25,1,3,Area-46,1
2024-01-25,1,3,Area-47,1
2024-01-25,1,3,Area-48,2
2024-01-25,1,3,Area-49,2
2024-01-25,1,3,Area-6,1
2024-01-25,1,3,Area-7,2
2024-01-25,2,3,Area-1,2
2024-01-25,2,3,Area-10,4
2024-01-25,2,3,Area-11,4
2024-01-25,2,3,Area-12,1
2024-01-25,2,3,Area-13,2
2024-01-25,2,3,Area-16,4
2024-01-25,2,3,Area-18,1
2024-01-25,2,3,Area-20,1
2024-01-25,2,3,Area-21,4
2024-01-25,2,3,Area-22,1
2024-01-25,2,3,Area-23,1
2024-01-25,2,3,Area-24,2
2024-01-25,2,3,Area-25,1
2024-01-25,2,3,Area-26,1
2024-01-25,2,3,Area-27,2
2024-01-25,2,3,Area-28,1
2024-01-25,2,3,Area-31,6
2024-01-25,2,3,Area-32,2
2024-01-25,2,3,Area-33,2
2024-01-25,2,3,Area-34,1
2024-01-25,2,3,Area-35,3
2024-01-25,2,3,Area-36,1
2024-01-25,2,3,Area-37,4
2024-01-25,2,3,Area-38,2
2024-01-25,2,3,Area-39,2
2024-01-25,2,3,Area-4,2
2024-01-25,2,3,Area-40,1
2024-01-25,2,3,Area-41,1
2024-01-25,2,3,Area-42,2
2024-01-25,2,3,Area-43,2
2024-01-25,2,3,Area-44,2
2024-01-25,2,3,Area-46,2
2024-01-25,2,3,Area-47,1
2024-01-25,2,3,Area-48,1
2024-01-25,2,3,Area-49,2
2024-01-25,2,3,Area-5,1
2024-01-25,2,3,Area-50,1
2024-01-25,2,3,Area-6,1
2024-01-25,2,3,Area-7,1
2024-01-25,2,3,Area-9,1
2024-01-25,3,3,Area-1,1
2024-01-25,3,3,Area-10,2
2024-01-25,3,3,Area-11,3
2024-01-25,3,3,Area-12,1
2024-01-25,3,3,Area-14,7
2024-01-25,3,3,Area-15,1
2024-01-25,3,3,Area-16,2
2024-01-25,3,3,Area-18,2
2024-01-25,3,3,Area-19,3
2024-01-25,3,3,Area-2,2
2024-01-25,3,3,Area-21,2
2024-01-25,3,3,Area-22,1
2024-01-25,3,3,Area-23,3
2024-01-25,3,3,Area-25,2
2024-01-25,3,3,Area-27,1
2024-01-25,3,3,Area-29,3
2024-01-25,3,3,Area-30,4
2024-01-25,3,3,Area-32,2
2024-01-25,3,3,Area-33,2
2024-01-25,3,3,Area-35,1
2024-01-25,3,3,Area-36,1
2024-01-25,3,3,Area-39,3
2024-01-25,3,3,Area-40,2
2024-01-25,3,3,Area-41,4
2024-01-25,3,3,Area-42,1
2024-01-25,3,3,Area-44,4
2024-01-25,3,3,Area-45,1
2024-01-25,3,3,Area-46,1
2024-01-25,3,3,Area-48,1
2024-01-25,3,3,Area-49,1
2024-01-25,3,3,Area-6,1
2024-01-25,3,3,Area-7,2
2024-01-25,3,3,Area-9,1
2024-01-25,4,3,Area-10,3
2024-01-25,4,3,Area-12,2
2024-01-25,4,3,Area-13,4
2024-01-25,4,3,Area-16,1
2024-01-25,4,3,Area-17,2
2024-01-25,4,3,Area-18,2
2024-01-25,4,3,Area-19,2
2024-01-25,4,3,Area-2,2
2024-01-25,4,3,Area-20,2
2024-01-25,4,3,Area-21,2
2024-01-25,4,3,Area-22,3
2024-01-25,4,3,Area-23,1
2024-01-25,4,3,Area-24,3
2024-01-25,4,3,Area-25,2
2024-01-25,4,3,Area-27,1
2024-01-25,4,3,Area-28,1
2024-01-25,4,3,Area-29,2
2024-01-25,4,3,Area-31,1
2024-01-25,4,3,Area-33,1
2024-01-25,4,3,Area-34,1
2024-01-25,4,3,Area-35,2
2024-01-25,4,3,Area-37,1
2024-01-25,4,3,Area-38,2
2024-01-25,4,3,Area-4,2
2024-01-25,4,3,Area-40,1
2024-01-25,4,3,Area-42,1
2024-01-25,4,3,Area-43,2
2024-01-25,4,3,Area-44,2
2024-01-25,4,3,Area-46,1
2024-01-25,4,3,Area-5,2
2024-01-25,4,3,Area-6,3
2024-01-25,5,3,Area-10,1
2024-01-25,5,3,Area-11,2
2024-01-25,5,3,Area-12,2
2024-01-25,5,3,Area-13,3
2024-01-25,5,3,Area-14,1
2024-01-25,5,3,Area-15,2
2024-01-25,5,3,Area-17,1
2024-01-25,5,3,Area-2,1
2024-01-25,5,3,Area-20,2
2024-01-25,5,3,Area-22,2
2024-01-25,5,3,Area-23,3
2024-01-25,5,3,Area-24,3
2024-01-25,5,3,Area-25,3
2024-01-25,5,3,Area-26,1
2024-01-25,5,3,Area-27,1
2024-01-25,5,3,Area-28,1
2024-01-25,5,3,Area-29,2
2024-01-25,5,3,Area-3,1
2024-01-25,5,3,Area-30,1
2024-01-25,5,3,Area-31,3
2024-01-25,5,3,Area-32,2
2024-01-25,5,3,Area-34,3
2024-01-25,5,3,Area-35,1
2024-01-25,5,3,Area-36,3
2024-01-25,5,3,Area-37,2
2024-01-25,5,3,Area-38,1
2024-01-25,5,3,Area-39,2
2024-01-25,5,3,Area-4,1
2024-01-25,5,3,Area-40,1
2024-01-25,5,3,Area-41,3
2024-01-25,5,3,Area-42,1
2024-01-25,5,3,Area-43,2
2024-01-25,5,3,Area-44,1
2024-01-25,5,3,Area-45,1
2024-01-25,5,3,Area-46,3
2024-01-25,5,3,Area-48,1
2024-01-25,5,3,Area-49,1
2024-01-25,5,3,Area-5,3
2024-01-25,5,3,Area-50,2
2024-01-25,5,3,Area-6,2
2024-01-25,5,3,Area-7,1
2024-01-25,5,3,Area-8,2
2024-01-25,5,3,Area-9,1
2024-01-25,6,3,Area-11,1
2024-01-25,6,3,Area-13,3
2024-01-25,6,3,Area-14,2
2024-01-25,6,3,Area-15,2
2024-01-25,6,3,Area-16,2
2024-01-25,6,3,Area-17,1
2024-01-25,6,3,Area-18,1
2024-01-25,6,3,Area-2,1
2024-01-25,6,3,Area-20,1
2024-01-25,6,3,Area-21,2
2024-01-25,6,3,Area-22,1
2024-01-25,6,3,Area-24,1
2024-01-25,6,3,Area-25,1
2024-01-25,6,3,Area-29,3
2024-01-25,6,3,Area-3,3
2024-01-25,6,3,Area-30,1
2024-01-25,6,3,Area-33,1
2024-01-25,6,3,Area-34,2
2024-01-25,6,3,Area-36,1
2024-01-25,6,3,Area-38,3
2024-01-25,6,3,Area-39,1
2024-01-25,6,3,Area-4,1
2024-01-25,6,3,Area-40,3
2024-01-25,6,3,Area-41,1
2024-01-25,6,3,Area-43,2
2024-01-25,6,3,Area-44,4
2024-01-25,6,3,Area-46,1
2024-01-25,6,3,Area-47,2
2024-01-25,6,3,Area-48,2
2024-01-25,6,3,Area-5,2
2024-01-25,6,3,Area-50,3
2024-01-25,6,3,Area-6,3
2024-01-25,6,3,Area-7,3
2024-01-25,6,3,Area-9,1
2024-01-25,7,3,Area-1,1
2024-01-25,7,3,Area-10,1
2024-01-25,7,3,Area-12,1
2024-01-25,7,3,Area-13,2
2024-01-25,7,3,Area-15,1
2024-01-25,7,3,Area-16,1
2024-01-25,7,3,Area-17,2
2024-01-25,7,3,Area-18,2
2024-01-25,7,3,Area-19,3
2024-01-25,7,3,Area-2,2
2024-01-25,7,3,Area-20,2
2024-01-25,7,3,Area-21,1
2024-01-25,7,3,Area-22,2
2024-01-25,7,3,Area-23,2
2024-01-25,7,3,Area-24,3
2024-01-25,7,3,Area-25,2
2024-01-25,7,3,Area-28,1
2024-01-25,7,3,Area-3,3
2024-01-25,7,3,Area-30,1
2024-01-25,7,3,Area-31,5
2024-01-25,7,3,Area-33,1
2024-01-25,7,3,Area-34,3
2024-01-25,7,3,Area-35,1
2024-01-25,7,3,Area-36,3
2024-01-25,7,3,Area-37,3
2024-01-25,7,3,Area-38,2
2024-01-25,7,3,Area-39,3
2024-01-25,7,3,Area-4,1
2024-01-25,7,3,Area-40,2
2024-01-25,7,3,Area-41,2
2024-01-25,7,3,Area-42,1
2024-01-25,7,3,Area-44,1
2024-01-25,7,3,Area-45,2
2024-01-25,7,3,Area-47,3
2024-01-25,7,3,Area-48,3
2024-01-25,7,3,Area-49,5
2024-01-25,7,3,Area-5,1
2024-01-25,7,3,Area-50,1
2024-01-25,7,3,Area-6,1
2024-01-25,7,3,Area-7,3
2024-01-25,7,3,Area-8,1
2024-01-25,7,3,Area-9,2
2024-01-25,8,3,Area-1,1
2024-01-25,8,3,Area-10,3
2024-01-25,8,3,Area-12,2
2024-01-25,8,3,Area-13,2
2024-01-25,8,3,Area-14,1
2024-01-25,8,3,Area-15,4
2024-01-25,8,3,Area-16,2
2024-01-25,8,3,Area-17,1
2024-01-25,8,3,Area-18,1
2024-01-25,8,3,Area-2,2
2024-01-25,8,3,Area-20,2
2024-01-25,8,3,Area-21,1
2024-01-25,8,3,Area-23,2
2024-01-25,8,3,Area-25,1
2024-01-25,8,3,Area-27,3
2024-01-25,8,3,Area-28,2
2024-01-25,8,3,Area-29,3
2024-01-25,8,3,Area-3,3
2024-01-25,8,3,Area-31,1
2024-01-25,8,3,Area-32,1
2024-01-25,8,3,Area-34,1
2024-01-25,8,3,Area-35,1
2024-01-25,8,3,Area-36,1
2024-01-25,8,3,Area-37,2
2024-01-25,8,3,Area-38,2
2024-01-25,8,3,Area-39,2
2024-01-25,8,3,Area-4,2
2024-01-25,8,3,Area-42,2
2024-01-25,8,3,Area-44,2
2024-01-25,8,3,Area-45,2
2024-01-25,8,3,Area-46,1
2024-01-25,8,3,Area-47,2
2024-01-25,8,3,Area-48,2
2024-01-25,8,3,Area-49,1
2024-01-25,8,3,Area-5,1
2024-01-25,8,3,Area-6,1
2024-01-25,8,3,Area-7,4
2024-01-25,8,3,Area-9,1
2024-01-25,9,3,Area-1,1
2024-01-25,9,3,Area-11,3
2024-01-25,9,3,Area-13,2
2024-01-25,9,3,Area-14,5
2024-01-25,9,3,Area-15,5
2024-01-25,9,3,Area-16,1
2024-01-25,9,3,Area-17,1
2024-01-25,9,3,Area-18,2
2024-01-25,9,3,Area-19,3
2024-01-25,9,3,Area-2,2
2024-01-25,9,3,Area-20,2
2024-01-25,9,3,Area-21,2
2024-01-25,9,3,Area-22,1
2024-01-25,9,3,Area-23,3
2024-01-25,9,3,Area-25,1
2024-01-25,9,3,Area-28,2
2024-01-25,9,3,Area-29,2
2024-01-25,9,3,Area-3,2
2024-01-25,9,3,Area-30,3
2024-01-25,9,3,Area-31,1
2024-01-25,9,3,Area-33,1
2024-01-25,9,3,Area-34,1
2024-01-25,9,3,Area-35,1
2024-01-25,9,3,Area-36,2
2024-01-25,9,3,Area-37,3
2024-01-25,9,3,Area-38,1
2024-01-25,9,3,Area-39,2
2024-01-25,9,3,Area-4,1
2024-01-25,9,3,Area-40,3
2024-01-25,9,3,Area-41,1
2024-01-25,9,3,Area-42,3
2024-01-25,9,3,Area-43,3
2024-01-25,9,3,Area-45,1
2024-01-25,9,3,Area-46,2
2024-01-25,9,3,Area-47,3
2024-01-25,9,3,Area-48,1
2024-01-25,9,3,Area-49,4
2024-01-25,9,3,Area-5,3
2024-01-25,9,3,Area-6,2
2024-01-25,9,3,Area-8,2
2024-01-25,10,3,Area-1,1
2024-01-25,10,3,Area-10,2
2024-01-25,10,3,Area-11,1
2024-01-25,10,3,Area-12,2
2024-01-25,10,3,Area-13,1
2024-01-25,10,3,Area-14,2
2024-01-25,10,3,Area-16,2
2024-01-25,10,3,Area-17,2
2024-01-25,10,3,Area-18,2
2024-01-25,10,3,Area-19,1
2024-01-25,10,3,Area-2,1
2024-01-25,10,3,Area-20,4
2024-01-25,10,3,Area-21,2
2024-01-25,10,3,Area-22,1
2024-01-25,10,3,Area-24,2
2024-01-25,10,3,Area-28,3
2024-01-25,10,3,Area-3,1
2024-01-25,10,3,Area-32,2
2024-01-25,10,3,Area-33,1
2024-01-25,10,3,Area-36,1
2024-01-25,10,3,Area-37,2
2024-01-25,10,3,Area-38,2
2024-01-25,10,3,Area-39,1
2024-01-25,10,3,Area-4,2
2024-01-25,10,3,Area-41,2
2024-01-25,10,3,Area-42,1
2024-01-25,10,3,Area-43,1
2024-01-25,10,3,Area-44,1
2024-01-25,10,3,Area-45,1
2024-01-25,10,3,Area-46,3
2024-01-25,10,3,Area-47,1
2024-01-25,10,3,Area-48,2
2024-01-25,10,3,Area-49,2
2024-01-25,10,3,Area-5,2
2024-01-25,10,3,Area-50,1
2024-01-25,10,3,Area-6,1
2024-01-25,10,3,Area-7,2
2024-01-25,10,3,Area-8,1
2024-01-25,10,3,Area-9,2
2024-01-25,11,3,Area-1,2
2024-01-25,11,3,Area-10,1
2024-01-25,11,3,Area-11,2
2024-01-25,11,3,Area-12,2
2024-01-25,11,3,Area-15,2
2024-01-25,11,3,Area-17,1
2024-01-25,11,3,Area-19,1
2024-01-25,11,3,Area-2,1
2024-01-25,11,3,Area-20,1
2024-01-25,11,3,Area-21,1
2024-01-25,11,3,Area-22,1
2024-01-25,11,3,Area-23,2
2024-01-25,11,3,Area-24,2
2024-01-25,11,3,Area-25,1
2024-01-25,11,3,Area-26,1
2024-01-25,11,3,Area-27,1
2024-01-25,11,3,Area-28,1
2024-01-25,11,3,Area-29,1
2024-01-25,11,3,Area-30,2
2024-01-25,11,3,Area-32,3
2024-01-25,11,3,Area-33,2
2024-01-25,11,3,Area-34,1
2024-01-25,11,3,Area-35,1
2024-01-25,11,3,Area-36,2
2024-01-25,11,3,Area-37,1
2024-01-25,11,3,Area-38,1
2024-01-25,11,3,Area-39,1
2024-01-25,11,3,Area-40,3
2024-01-25,11,3,Area-41,2
2024-01-25,11,3,Area-42,2
2024-01-25,11,3,Area-43,3
2024-01-25,11,3,Area-44,1
2024-01-25,11,3,Area-46,4
2024-01-25,11,3,Area-47,1
2024-01-25,11,3,Area-48,1
2024-01-25,11,3,Area-49,2
2024-01-25,11,3,Area-50,2
2024-01-25,11,3,Area-6,2
2024-01-25,11,3,Area-7,1
2024-01-25,11,3,Area-8,1
2024-01-25,12,3,Area-1,1
2024-01-25,12,3,Area-10,3
2024-01-25,12,3,Area-11,1
2024-01-25,12,3,Area-12,1
2024-01-25,12,3,Area-13,2
2024-01-25,12,3,Area-15,2
2024-01-25,12,3,Area-16,1
2024-01-25,12,3,Area-17,1
2024-01-25,12,3,Area-18,2
2024-01-25,12,3,Area-2,1
2024-01-25,12,3,Area-21,1
2024-01-25,12,3,Area-22,3
2024-01-25,12,3,Area-23,2
2024-01-25,12,3,Area-25,1
2024-01-25,12,3,Area-27,2
2024-01-25,12,3,Area-28,1
2024-01-25,12,3,Area-29,2
2024-01-25,12,3,Area-3,1
2024-01-25,12,3,Area-30,3
2024-01-25,12,3,Area-31,3
2024-01-25,12,3,Area-32,2
2024-01-25,12,3,Area-33,1
2024-01-25,12,3,Area-35,3
2024-01-25,12,3,Area-37,1
2024-01-25,12,3,Area-38,1
2024-01-25,12,3,Area-4,2
2024-01-25,12,3,Area-40,5
2024-01-25,12,3,Area-42,2
2024-01-25,12,3,Area-44,2
2024-01-25,12,3,Area-45,1
2024-01-25,12,3,Area-46,4
2024-01-25,12,3,Area-48,5
2024-01-25,12,3,Area-49,2
2024-01-25,12,3,Area-5,1
2024-01-25,12,3,Area-50,1
2024-01-25,12,3,Area-6,3
2024-01-25,12,3,Area-8,1
2024-01-25,13,3,Area-1,1
2024-01-25,13,3,Area-10,1
2024-01-25,13,3,Area-11,2
2024-01-25,13,3,Area-12,2
2024-01-25,13,3,Area-13,1
2024-01-25,13,3,Area-15,3
2024-01-25,13,3,Area-16,3
2024-01-25,13,3,Area-17,1
2024-01-25,13,3,Area-18,1
2024-01-25,13,3,Area-2,1
2024-01-25,13,3,Area-21,3
2024-01-25,13,3,Area-22,2
2024-01-25,13,3,Area-23,3
2024-01-25,13,3,Area-24,1
2024-01-25,13,3,Area-25,1
2024-01-25,13,3,Area-26,1
2024-01-25,13,3,Area-27,2
2024-01-25,13,3,Area-28,3
2024-01-25,13,3,Area-3,1
2024-01-25,13,3,Area-31,2
2024-01-25,13,3,Area-32,3
2024-01-25,13,3,Area-33,1
2024-01-25,13,3,Area-34,1
2024-01-25,13,3,Area-36,5
2024-01-25,13,3,Area-38,1
2024-01-25,13,3,Area-39,3
2024-01-25,13,3,Area-4,1
2024-01-25,13,3,Area-40,1
2024-01-25,13,3,Area-41,3
2024-01-25,13,3,Area-42,2
2024-01-25,13,3,Area-43,2
2024-01-25,13,3,Area-44,1
2024-01-25,13,3,Area-45,2
2024-01-25,13,3,Area-46,1
2024-01-25,13,3,Area-47,2
2024-01-25,13,3,Area-49,1
2024-01-25,13,3,Area-5,1
2024-01-25,13,3,Area-50,1
2024-01-25,13,3,Area-7,3
2024-01-25,13,3,Area-8,2
2024-01-25,14,3,Area-10,2
2024-01-25,14,3,Area-11,2
2024-01-25,14,3,Area-13,2
2024-01-25,14,3,Area-15,2
2024-01-25,14,3,Area-16,3
2024-01-25,14,3,Area-17,1
2024-01-25,14,3,Area-18,1
2024-01-25,14,3,Area-19,1
2024-01-25,14,3,Area-2,2
2024-01-25,14,3,Area-22,1
2024-01-25,14,3,Area-24,3
2024-01-25,14,3,Area-25,2
2024-01-25,14,3,Area-26,1
2024-01-25,14,3,Area-28,2
2024-01-25,14,3,Area-29,2
2024-01-25,14,3,Area-30,1
2024-01-25,14,3,Area-31,3
2024-01-25,14,3,Area-32,2
2024-01-25,14,3,Area-33,1
2024-01-25,14,3,Area-34,2
2024-01-25,14,3,Area-35,1
2024-01-25,14,3,Area-36,1
2024-01-25,14,3,Area-38,1
2024-01-25,14,3,Area-39,1
2024-01-25,14,3,Area-4,1
2024-01-25,14,3,Area-41,1
2024-01-25,14,3,Area-42,2
2024-01-25,14,3,Area-43,1
2024-01-25,14,3,Area-45,2
2024-01-25,14,3,Area-46,1
2024-01-25,14,3,Area-47,2
2024-01-25,14,3,Area-48,2
2024-01-25,14,3,Area-49,2
2024-01-25,14,3,Area-50,4
2024-01-25,14,3,Area-7,1
2024-01-25,14,3,Area-8,1
2024-01-25,14,3,Area-9,1
2024-01-25,15,3,Area-11,1
2024-01-25,15,3,Area-13,1
2024-01-25,15,3,Area-15,1
2024-01-25,15,3,Area-16,1
2024-01-25,15,3,Area-17,1
2024-01-25,15,3,Area-18,3
2024-01-25,15,3,Area-2,2
2024-01-25,15,3,Area-20,1
2024-01-25,15,3,Area-21,1
2024-01-25,15,3,Area-22,2
2024-01-25,15,3,Area-23,2
2024-01-25,15,3,Area-24,2
2024-01-25,15,3,Area-26,2
2024-01-25,15,3,Area-29,1
2024-01-25,15,3,Area-30,2
2024-01-25,15,3,Area-31,1
2024-01-25,15,3,Area-33,3
2024-01-25,15,3,Area-34,3
2024-01-25,15,3,Area-35,1
2024-01-25,15,3,Area-37,2
2024-01-25,15,3,Area-38,1
2024-01-25,15,3,Area-39,2
2024-01-25,15,3,Area-4,2
2024-01-25,15,3,Area-40,2
2024-01-25,15,3,Area-42,2
2024-01-25,15,3,Area-44,2
2024-01-25,15,3,Area-48,1
2024-01-25,15,3,Area-49,5
2024-01-25,15,3,Area-5,2
2024-01-25,15,3,Area-50,1
2024-01-25,15,3,Area-7,2
2024-01-25,15,3,Area-8,1
2024-01-25,15,3,Area-9,1
2024-01-25,16,3,Area-1,1
2024-01-25,16,3,Area-10,3
2024-01-25,16,3,Area-11,1
2024-01-25,16,3,Area-13,1
2024-01-25,16,3,Area-14,1
2024-01-25,16,3,Area-15,1
2024-01-25,16,3,Area-16,2
2024-01-25,16,3,Area-17,1
2024-01-25,16,3,Area-19,1
2024-01-25,16,3,Area-2,3
2024-01-25,16,3,Area-23,1
2024-01-25,16,3,Area-25,1
2024-01-25,16,3,Area-28,2
2024-01-25,16,3,Area-29,1
2024-01-25,16,3,Area-3,1
2024-01-25,16,3,Area-30,1
2024-01-25,16,3,Area-31,1
2024-01-25,16,3,Area-32,2
2024-01-25,16,3,Area-33,1
2024-01-25,16,3,Area-34,1
2024-01-25,16,3,Area-36,1
2024-01-25,16,3,Area-37,1
2024-01-25,16,3,Area-39,1
2024-01-25,16,3,Area-4,1
2024-01-25,16,3,Area-40,1
2024-01-25,16,3,Area-43,3
2024-01-25,16,3,Area-45,1
2024-01-25,16,3,Area-47,3
2024-01-25,16,3,Area-48,1
2024-01-25,16,3,Area-5,3
2024-01-25,16,3,Area-50,3
2024-01-25,16,3,Area-7,1
2024-01-25,16,3,Area-9,1
2024-01-25,17,3,Area-1,2
2024-01-25,17,3,Area-11,1
2024-01-25,17,3,Area-12,3
2024-01-25,17,3,Area-13,4
2024-01-25,17,3,Area-15,2
2024-01-25,17,3,Area-17,2
2024-01-25,17,3,Area-19,2
2024-01-25,17,3,Area-2,2
2024-01-25,17,3,Area-20,2
2024-01-25,17,3,Area-21,2
2024-01-25,17,3,Area-22,2
2024-01-25,17,3,Area-23,2
2024-01-25,17,3,Area-24,1
2024-01-25,17,3,Area-25,1
2024-01-25,17,3,Area-28,1
2024-01-25,17,3,Area-3,1
2024-01-25,17,3,Area-31,3
2024-01-25,17,3,Area-33,1
2024-01-25,17,3,Area-34,1
2024-01-25,17,3,Area-36,1
2024-01-25,17,3,Area-37,1
2024-01-25,17,3,Area-38,2
2024-01-25,17,3,Area-39,1
2024-01-25,17,3,Area-4,3
2024-01-25,17,3,Area-40,1
2024-01-25,17,3,Area-41,2
2024-01-25,17,3,Area-44,1
2024-01-25,17,3,Area-45,1
2024-01-25,17,3,Area-46,4
2024-01-25,17,3,Area-47,4
2024-01-25,17,3,Area-49,1
2024-01-25,17,3,Area-50,1
2024-01-25,17,3,Area-6,1
2024-01-25,17,3,Area-7,1
2024-01-25,17,3,Area-8,1
2024-01-25,17,3,Area-9,3
2024-01-25,18,3,Area-1,1
2024-01-25,18,3,Area-10,1
2024-01-25,18,3,Area-13,1
2024-01-25,18,3,Area-14,3
2024-01-25,18,3,Area-15,1
2024-01-25,18,3,Area-16,2
2024-01-25,18,3,Area-17,2
2024-01-25,18,3,Area-18,1
2024-01-25,18,3,Area-19,2
2024-01-25,18,3,Area-2,3
2024-01-25,18,3,Area-20,1
2024-01-25,18,3,Area-21,2
2024-01-25,18,3,Area-23,1
2024-01-25,18,3,Area-24,2
2024-01-25,18,3,Area-25,2
2024-01-25,18,3,Area-27,3
2024-01-25,18,3,Area-29,3
2024-01-25,18,3,Area-3,1
2024-01-25,18,3,Area-30,5
2024-01-25,18,3,Area-31,1
2024-01-25,18,3,Area-32,2
2024-01-25,18,3,Area-33,4
2024-01-25,18,3,Area-35,2
2024-01-25,18,3,Area-36,4
2024-01-25,18,3,Area-37,2
2024-01-25,18,3,Area-38,1
2024-01-25,18,3,Area-39,1
2024-01-25,18,3,Area-4,2
2024-01-25,18,3,Area-40,2
2024-01-25,18,3,Area-41,1
2024-01-25,18,3,Area-42,2
2024-01-25,18,3,Area-43,5
2024-01-25,18,3,Area-44,4
2024-01-25,18,3,Area-46,2
2024-01-25,18,3,Area-48,1
2024-01-25,18,3,Area-5,4
2024-01-25,18,3,Area-50,3
2024-01-25,18,3,Area-6,1
2024-01-25,18,3,Area-7,1
2024-01-25,18,3,Area-8,1
2024-01-25,18,3,Area-9,4
2024-01-25,19,3,Area-1,1
2024-01-25,19,3,Area-10,3
2024-01-25,19,3,Area-11,3
2024-01-25,19,3,Area-15,3
2024-01-25,19,3,Area-16,2
2024-01-25,19,3,Area-18,2
2024-01-25,19,3,Area-19,1
2024-01-25,19,3,Area-2,1
2024-01-25,19,3,Area-20,2
2024-01-25,19,3,Area-22,2
2024-01-25,19,3,Area-24,2
2024-01-25,19,3,Area-25,1
2024-01-25,19,3,Area-26,1
2024-01-25,19,3,Area-27,1
2024-01-25,19,3,Area-28,2
2024-01-25,19,3,Area-29,1
2024-01-25,19,3,Area-30,3
2024-01-25,19,3,Area-31,2
2024-01-25,19,3,Area-32,1
2024-01-25,19,3,Area-34,4
2024-01-25,19,3,Area-36,2
2024-01-25,19,3,Area-37,1
2024-01-25,19,3,Area-39,3
2024-01-25,19,3,Area-41,2
2024-01-25,19,3,Area-43,2
2024-01-25,19,3,Area-45,2
2024-01-25,19,3,Area-46,1
2024-01-25,19,3,Area-47,1
2024-01-25,19,3,Area-48,1
2024-01-25,19,3,Area-5,1
2024-01-25,19,3,Area-50,1
2024-01-25,19,3,Area-6,3
2024-01-25,19,3,Area-7,3
2024-01-25,19,3,Area-9,2
2024-01-25,20,3,Area-1,1
2024-01-25,20,3,Area-13,1
2024-01-25,20,3,Area-14,2
2024-01-25,20,3,Area-16,1
2024-01-25,20,3,Area-17,1
2024-01-25,20,3,Area-19,1
2024-01-25,20,3,Area-24,3
2024-01-25,20,3,Area-25,1
2024-01-25,20,3,Area-26,4
2024-01-25,20,3,Area-27,2
2024-01-25,20,3,Area-28,1
2024-01-25,20,3,Area-29,2
2024-01-25,20,3,Area-3,1
2024-01-25,20,3,Area-30,3
2024-01-25,20,3,Area-31,1
2024-01-25,20,3,Area-32,3
2024-01-25,20,3,Area-36,1
2024-01-25,20,3,Area-37,2
2024-01-25,20,3,Area-39,1
2024-01-25,20,3,Area-4,2
2024-01-25,20,3,Area-40,2
2024-01-25,20,3,Area-41,1
2024-01-25,20,3,Area-42,1
2024-01-25,20,3,Area-43,2
2024-01-25,20,3,Area-44,2
2024-01-25,20,3,Area-47,2
2024-01-25,20,3,Area-48,2
2024-01-25,20,3,Area-49,5
2024-01-25,20,3,Area-5,2
2024-01-25,20,3,Area-50,3
2024-01-25,20,3,Area-6,4
2024-01-25,20,3,Area-7,2
2024-01-25,20,3,Area-8,2
2024-01-25,21,3,Area-1,1
2024-01-25,21,3,Area-11,2
2024-01-25,21,3,Area-13,2
2024-01-25,21,3,Area-17,3
2024-01-25,21,3,Area-19,1
2024-01-25,21,3,Area-2,2
2024-01-25,21,3,Area-20,1
2024-01-25,21,3,Area-21,1
2024-01-25,21,3,Area-22,1
2024-01-25,21,3,Area-23,1
2024-01-25,21,3,Area-24,2
2024-01-25,21,3,Area-25,1
2024-01-25,21,3,Area-26,3
2024-01-25,21,3,Area-27,1
2024-01-25,21,3,Area-28,1
2024-01-25,21,3,Area-29,3
2024-01-25,21,3,Area-3,1
2024-01-25,21,3,Area-30,4
2024-01-25,21,3,Area-32,2
2024-01-25,21,3,Area-33,2
2024-01-25,21,3,Area-35,1
2024-01-25,21,3,Area-36,1
2024-01-25,21,3,Area-37,1
2024-01-25,21,3,Area-39,2
2024-01-25,21,3,Area-4,3
2024-01-25,21,3,Area-40,4
2024-01-25,21,3,Area-41,3
2024-01-25,21,3,Area-43,1
2024-01-25,21,3,Area-44,1
2024-01-25,21,3,Area-45,1
2024-01-25,21,3,Area-46,3
2024-01-25,21,3,Area-49,3
2024-01-25,21,3,Area-5,1
2024-01-25,21,3,Area-50,2
2024-01-25,21,3,Area-6,1
2024-01-25,21,3,Area-8,3
2024-01-25,21,3,Area-9,2
2024-01-25,22,3,Area-10,4
2024-01-25,22,3,Area-11,1
2024-01-25,22,3,Area-12,1
2024-01-25,22,3,Area-14,1
2024-01-25,22,3,Area-15,2
2024-01-25,22,3,Area-16,1
2024-01-25,22,3,Area-17,1
2024-01-25,22,3,Area-18,1
2024-01-25,22,3,Area-2,4
2024-01-25,22,3,Area-21,1
2024-01-25,22,3,Area-22,2
2024-01-25,22,3,Area-23,2
2024-01-25,22,3,Area-24,1
2024-01-25,22,3,Area-25,2
2024-01-25,22,3,Area-26,2
2024-01-25,22,3,Area-28,1
2024-01-25,22,3,Area-29,1
2024-01-25,22,3,Area-31,2
2024-01-25,22,3,Area-32,5
2024-01-25,22,3,Area-34,1
2024-01-25,22,3,Area-35,1
2024-01-25,22,3,Area-36,3
2024-01-25,22,3,Area-37,1
2024-01-25,22,3,Area-39,2
2024-01-25,22,3,Area-4,1
2024-01-25,22,3,Area-40,3
2024-01-25,22,3,Area-42,1
2024-01-25,22,3,Area-43,3
2024-01-25,22,3,Area-44,1
2024-01-25,22,3,Area-45,3
2024-01-25,22,3,Area-46,1
2024-01-25,22,3,Area-47,1
2024-01-25,22,3,Area-48,1
2024-01-25,22,3,Area-5,1
2024-01-25,22,3,Area-6,2
2024-01-25,22,3,Area-7,2
2024-01-25,22,3,Area-9,1
2024-01-25,23,3,Area-1,1
2024-01-25,23,3,Area-10,2
2024-01-25,23,3,Area-11,1
2024-01-25,23,3,Area-12,4
2024-01-25,23,3,Area-13,1
2024-01-25,23,3,Area-14,1
2024-01-25,23,3,Area-15,5
2024-01-25,23,3,Area-16,1
2024-01-25,23,3,Area-17,1
2024-01-25,23,3,Area-18,2
2024-01-25,23,3,Area-2,4
2024-01-25,23,3,Area-20,2
2024-01-25,23,3,Area-21,1
2024-01-25,23,3,Area-22,1
2024-01-25,23,3,Area-23,2
2024-01-25,23,3,Area-26,1
2024-01-25,23,3,Area-27,2
2024-01-25,23,3,Area-28,2
2024-01-25,23,3,Area-30,3
2024-01-25,23,3,Area-32,1
2024-01-25,23,3,Area-33,2
2024-01-25,23,3,Area-34,2
2024-01-25,23,3,Area-37,2
2024-01-25,23,3,Area-38,1
2024-01-25,23,3,Area-39,1
2024-01-25,23,3,Area-4,2
2024-01-25,23,3,Area-40,1
2024-01-25,23,3,Area-41,3
2024-01-25,23,3,Area-44,2
2024-01-25,23,3,Area-45,3
2024-01-25,23,3,Area-46,2
2024-01-25,23,3,Area-47,2
2024-01-25,23,3,Area-48,1
2024-01-25,23,3,Area-49,2
2024-01-25,23,3,Area-5,3
2024-01-25,23,3,Area-50,1
2024-01-25,23,3,Area-8,2
2024-01-25,23,3,Area-9,1
2024-01-26,0,4,Area-10,2
2024-01-26,0,4,Area-11,2
2024-01-26,0,4,Area-12,1
2024-01-26,0,4,Area-13,1
2024-01-26,0,4,Area-14,2
2024-01-26,0,4,Area-15,3
2024-01-26,0,4,Area-16,2
2024-01-26,0,4,Area-17,1
2024-01-26,0,4,Area-18,1
2024-01-26,0,4,Area-19,3
2024-01-26,0,4,Area-2,3
2024-01-26,0,4,Area-20,1
2024-01-26,0,4,Area-21,1
2024-01-26,0,4,Area-22,1
2024-01-26,0,4,Area-23,2
2024-01-26,0,4,Area-24,1
2024-01-26,0,4,Area-25,2
2024-01-26,0,4,Area-26,1
2024-01-26,0,4,Area-27,1
2024-01-26,0,4,Area-3,3
2024-01-26,0,4,Area-30,2
2024-01-26,0,4,Area-31,1
2024-01-26,0,4,Area-32,2
2024-01-26,0,4,Area-35,4
2024-01-26,0,4,Area-36,2
2024-01-26,0,4,Area-37,2
2024-01-26,0,4,Area-38,1
2024-01-26,0,4,Area-39,1
2024-01-26,0,4,Area-4,1
2024-01-26,0,4,Area-40,1
2024-01-26,0,4,Area-42,1
2024-01-26,0,4,Area-43,3
2024-01-26,0,4,Area-46,3
2024-01-26,0,4,Area-47,1
2024-01-26,0,4,Area-49,2
2024-01-26,0,4,Area-5,1
2024-01-26,0,4,Area-50,1
2024-01-26,0,4,Area-7,1
2024-01-26,0,4,Area-8,4
2024-01-26,1,4,Area-12,1
2024-01-26,1,4,Area-13,1
2024-01-26,1,4,Area-14,1
2024-01-26,1,4,Area-15,2
2024-01-26,1,4,Area-17,2
2024-01-26,1,4,Area-18,2
2024-01-26,1,4,Area-2,1
2024-01-26,1,4,Area-20,3
2024-01-26,1,4,Area-22,4
2024-01-26,1,4,Area-23,1
2024-01-26,1,4,Area-24,4
2024-01-26,1,4,Area-25,1
2024-01-26,1,4,Area-26,1
2024-01-26,1,4,Area-27,2
2024-01-26,1,4,Area-28,1
2024-01-26,1,4,Area-3,3
2024-01-26,1,4,Area-30,1
2024-01-26,1,4,Area-32,1
2024-01-26,1,4,Area-33,1
2024-01-26,1,4,Area-36,1
2024-01-26,1,4,Area-37,1
2024-01-26,1,4,Area-38,2
2024-01-26,1,4,Area-39,1
2024-01-26,1,4,Area-40,1
2024-01-26,1,4,Area-42,1
2024-01-26,1,4,Area-43,1
2024-01-26,1,4,Area-45,1
2024-01-26,1,4,Area-46,1
2024-01-26,1,4,Area-47,5
2024-01-26,1,4,Area-5,1
2024-01-26,1,4,Area-50,1
2024-01-26,1,4,Area-9,1
2024-01-26,2,4,Area-1,2
2024-01-26,2,4,Area-10,2
2024-01-26,2,4,Area-11,1
2024-01-26,2,4,Area-12,1
2024-01-26,2,4,Area-14,1
2024-01-26,2,4,Area-15,1
2024-01-26,2,4,Area-17,3
2024-01-26,2,4,Area-19,1
2024-01-26,2,4,Area-2,3
2024-01-26,2,4,Area-20,3
2024-01-26,2,4,Area-22,3
2024-01-26,2,4,Area-23,2
2024-01-26,2,4,Area-24,1
2024-01-26,2,4,Area-25,1
2024-01-26,2,4,Area-28,3
2024-01-26,2,4,Area-29,1
2024-01-26,2,4,Area-3,3
2024-01-26,2,4,Area-30,1
2024-01-26,2,4,Area-31,1
2024-01-26,2,4,Area-32,1
2024-01-26,2,4,Area-33,2
2024-01-26,2,4,Area-34,2
2024-01-26,2,4,Area-35,3
2024-01-26,2,4,Area-36,2
2024-01-26,2,4,Area-38,3
2024-01-26,2,4,Area-39,1
2024-01-26,2,4,Area-4,3
2024-01-26,2,4,Area-41,2
2024-01-26,2,4,Area-42,1
2024-01-26,2,4,Area-44,3
2024-01-26,2,4,Area-45,1
2024-01-26,2,4,Area-46,1
2024-01-26,2,4,Area-47,1
2024-01-26,2,4,Area-48,3
2024-01-26,2,4,Area-5,2
2024-01-26,2,4,Area-50,1
2024-01-26,2,4,Area-6,5
2024-01-26,2,4,Area-7,5
2024-01-26,3,4,Area-1,4
2024-01-26,3,4,Area-10,2
2024-01-26,3,4,Area-11,2
2024-01-26,3,4,Area-12,1
2024-01-26,3,4,Area-14,3
2024-01-26,3,4,Area-15,1
2024-01-26,3,4,Area-16,2
2024-01-26,3,4,Area-17,1
2024-01-26,3,4,Area-18,1
2024-01-26,3,4,Area-19,3
2024-01-26,3,4,Area-21,2
2024-01-26,3,4,Area-22,2
2024-01-26,3,4,Area-23,2
2024-01-26,3,4,Area-24,1
2024-01-26,3,4,Area-26,1
2024-01-26,3,4,Area-27,2
2024-01-26,3,4,Area-29,2
2024-01-26,3,4,Area-3,3
2024-01-26,3,4,Area-32,2
2024-01-26,3,4,Area-33,2
2024-01-26,3,4,Area-34,1
2024-01-26,3,4,Area-36,1
2024-01-26,3,4,Area-37,4
2024-01-26,3,4,Area-38,3
2024-01-26,3,4,Area-40,3
2024-01-26,3,4,Area-41,2
2024-01-26,3,4,Area-42,1
2024-01-26,3,4,Area-43,1
2024-01-26,3,4,Area-44,2
2024-01-26,3,4,Area-45,2
2024-01-26,3,4,Area-48,3
2024-01-26,3,4,Area-5,2
2024-01-26,3,4,Area-50,1
2024-01-26,3,4,Area-6,2
2024-01-26,3,4,Area-7,3
2024-01-26,3,4,Area-8,2
2024-01-26,3,4,Area-9,4
2024-01-26,4,4,Area-1,2
2024-01-26,4,4,Area-11,2
2024-01-26,4,4,Area-12,2
2024-01-26,4,4,Area-13,3
2024-01-26,4,4,Area-14,1
2024-01-26,4,4,Area-16,2
2024-01-26,4,4,Area-17,3
2024-01-26,4,4,Area-18,3
2024-01-26,4,4,Area-2,1
2024-01-26,4,4,Area-20,2
2024-01-26,4,4,Area-21,1
2024-01-26,4,4,Area-22,1
2024-01-26,4,4,Area-23,4
2024-01-26,4,4,Area-24,1
2024-01-26,4,4,Area-25,2
2024-01-26,4,4,Area-26,4
2024-01-26,4,4,Area-27,1
2024-01-26,4,4,Area-28,1
2024-01-26,4,4,Area-29,2
2024-01-26,4,4,Area-3,1
2024-01-26,4,4,Area-31,3
2024-01-26,4,4,Area-32,2
2024-01-26,4,4,Area-35,1
2024-01-26,4,4,Area-38,1
2024-01-26,4,4,Area-39,1
2024-01-26,4,4,Area-4,2
2024-01-26,4,4,Area-40,2
2024-01-26,4,4,Area-41,3
2024-01-26,4,4,Area-42,3
2024-01-26,4,4,Area-43,1
2024-01-26,4,4,Area-44,3
2024-01-26,4,4,Area-45,2
2024-01-26,4,4,Area-46,1
2024-01-26,4,4,Area-47,1
2024-01-26,4,4,Area-48,1
2024-01-26,4,4,Area-50,2
2024-01-26,4,4,Area-6,4
2024-01-26,4,4,Area-8,1
2024-01-26,4,4,Area-9,2
2024-01-26,5,4,Area-1,3
2024-01-26,5,4,Area-10,1
2024-01-26,5,4,Area-11,1
2024-01-26,5,4,Area-15,1
2024-01-26,5,4,Area-16,2
2024-01-26,5,4,Area-18,1
2024-01-26,5,4,Area-2,2
2024-01-26,5,4,Area-22,2
2024-01-26,5,4,Area-26,2
2024-01-26,5,4,Area-28,1
2024-01-26,5,4,Area-29,1
2024-01-26,5,4,Area-3,4
2024-01-26,5,4,Area-30,1
2024-01-26,5,4,Area-31,1
2024-01-26,5,4,Area-32,2
2024-01-26,5,4,Area-33,1
2024-01-26,5,4,Area-34,1
2024-01-26,5,4,Area-35,1
2024-01-26,5,4,Area-36,1
2024-01-26,5,4,Area-37,2
2024-01-26,5,4,Area-38,3
2024-01-26,5,4,Area-39,1
2024-01-26,5,4,Area-4,2
2024-01-26,5,4,Area-40,2
2024-01-26,5,4,Area-41,1
2024-01-26,5,4,Area-43,2
2024-01-26,5,4,Area-44,1
2024-01-26,5,4,Area-45,1
2024-01-26,5,4,Area-47,4
2024-01-26,5,4,Area-48,4
2024-01-26,5,4,Area-50,2
2024-01-26,5,4,Area-6,1
2024-01-26,5,4,Area-8,2
2024-01-26,5,4,Area-9,1
2024-01-26,6,4,Area-1,1
2024-01-26,6,4,Area-10,2
2024-01-26,6,4,Area-11,2
2024-01-26,6,4,Area-13,1
2024-01-26,6,4,Area-14,2
2024-01-26,6,4,Area-15,4
2024-01-26,6,4,Area-16,2
2024-01-26,6,4,Area-17,2
2024-01-26,6,4,Area-18,1
2024-01-26,6,4,Area-20,3
2024-01-26,6,4,Area-21,4
2024-01-26,6,4,Area-22,1
2024-01-26,6,4,Area-23,3
2024-01-26,6,4,Area-24,1
2024-01-26,6,4,Area-25,3
2024-01-26,6,4,Area-26,1
2024-01-26,6,4,Area-27,2
2024-01-26,6,4,Area-28,1
2024-01-26,6,4,Area-29,2
2024-01-26,6,4,Area-3,1
2024-01-26,6,4,Area-30,1
2024-01-26,6,4,Area-31,3
2024-01-26,6,4,Area-33,1
2024-01-26,6,4,Area-34,3
2024-01-26,6,4,Area-35,4
2024-01-26,6,4,Area-36,1
2024-01-26,6,4,Area-38,3
2024-01-26,6,4,Area-39,3
2024-01-26,6,4,Area-40,1
2024-01-26,6,4,Area-41,3
2024-01-26,6,4,Area-42,1
2024-01-26,6,4,Area-43,2
2024-01-26,6,4,Area-45,3
2024-01-26,6,4,Area-46,1
2024-01-26,6,4,Area-48,3
2024-01-26,6,4,Area-50,1
2024-01-26,6,4,Area-7,1
2024-01-26,6,4,Area-8,1
2024-01-26,6,4,Area-9,1
2024-01-26,7,4,Area-1,2
2024-01-26,7,4,Area-10,1
2024-01-26,7,4,Area-11,1
2024-01-26,7,4,Area-12,1
2024-01-26,7,4,Area-15,2
2024-01-26,7,4,Area-16,2
2024-01-26,7,4,Area-17,1
2024-01-26,7,4,Area-18,1
2024-01-26,7,4,Area-19,1
2024-01-26,7,4,Area-2,1
2024-01-26,7,4,Area-20,2
2024-01-26,7,4,Area-21,1
2024-01-26,7,4,Area-22,1
2024-01-26,7,4,Area-23,1
2024-01-26,7,4,Area-24,3
2024-01-26,7,4,Area-26,2
2024-01-26,7,4,Area-27,1
2024-01-26,7,4,Area-28,1
2024-01-26,7,4,Area-29,1
2024-01-26,7,4,Area-30,1
2024-01-26,7,4,Area-31,1
2024-01-26,7,4,Area-33,2
2024-01-26,7,4,Area-37,1
2024-01-26,7,4,Area-38,4
2024-01-26,7,4,Area-39,2
2024-01-26,7,4,Area-4,2
2024-01-26,7,4,Area-41,2
2024-01-26,7,4,Area-42,1
2024-01-26,7,4,Area-43,1
2024-01-26,7,4,Area-44,1
2024-01-26,7,4,Area-45,3
2024-01-26,7,4,Area-46,3
2024-01-26,7,4,Area-47,1
2024-01-26,7,4,Area-48,2
2024-01-26,7,4,Area-5,1
2024-01-26,7,4,Area-50,4
2024-01-26,7,4,Area-6,1
2024-01-26,7,4,Area-7,3
2024-01-26,7,4,Area-8,3
2024-01-26,8,4,Area-1,4
2024-01-26,8,4,Area-10,1
2024-01-26,8,4,Area-12,1
2024-01-26,8,4,Area-13,2
2024-01-26,8,4,Area-15,3
2024-01-26,8,4,Area-16,1
2024-01-26,8,4,Area-17,3
2024-01-26,8,4,Area-18,1
2024-01-26,8,4,Area-19,2
2024-01-26,8,4,Area-2,1
2024-01-26,8,4,Area-21,2
2024-01-26,8,4,Area-22,1
2024-01-26,8,4,Area-23,1
2024-01-26,8,4,Area-24,4
2024-01-26,8,4,Area-25,2
2024-01-26,8,4,Area-26,1
2024-01-26,8,4,Area-27,3
2024-01-26,8,4,Area-28,2
2024-01-26,8,4,Area-3,1
2024-01-26,8,4,Area-30,2
2024-01-26,8,4,Area-31,3
2024-01-26,8,4,Area-32,1
2024-01-26,8,4,Area-33,5
2024-01-26,8,4,Area-34,1
2024-01-26,8,4,Area-36,2
2024-01-26,8,4,Area-38,1
2024-01-26,8,4,Area-39,2
2024-01-26,8,4,Area-4,3
2024-01-26,8,4,Area-42,1
2024-01-26,8,4,Area-45,2
2024-01-26,8,4,Area-46,1
2024-01-26,8,4,Area-47,4
2024-01-26,8,4,Area-48,3
2024-01-26,8,4,Area-49,2
2024-01-26,8,4,Area-5,3
2024-01-26,8,4,Area-6,1
2024-01-26,8,4,Area-7,1
2024-01-26,8,4,Area-8,2
2024-01-26,8,4,Area-9,3
2024-01-26,9,4,Area-10,5
2024-01-26,9,4,Area-13,2
2024-01-26,9,4,Area-14,1
2024-01-26,9,4,Area-17,1
2024-01-26,9,4,Area-18,2
2024-01-26,9,4,Area-2,1
2024-01-26,9,4,Area-20,1
2024-01-26,9,4,Area-21,1
2024-01-26,9,4,Area-22,1
2024-01-26,9,4,Area-24,1
2024-01-26,9,4,Area-27,3
2024-01-26,9,4,Area-28,1
2024-01-26,9,4,Area-29,1
2024-01-26,9,4,Area-3,1
2024-01-26,9,4,Area-31,1
2024-01-26,9,4,Area-32,1
2024-01-26,9,4,Area-33,1
2024-01-26,9,4,Area-34,1
2024-01-26,9,4,Area-35,2
2024-01-26,9,4,Area-36,1
2024-01-26,9,4,Area-37,2
2024-01-26,9,4,Area-38,1
2024-01-26,9,4,Area-39,1
2024-01-26,9,4,Area-4,1
2024-01-26,9,4,Area-40,2
2024-01-26,9,4,Area-42,2
2024-01-26,9,4,Area-43,1
2024-01-26,9,4,Area-45,2
2024-01-26,9,4,Area-47,6
2024-01-26,9,4,Area-49,3
2024-01-26,9,4,Area-5,1
2024-01-26,9,4,Area-50,3
2024-01-26,9,4,Area-6,1
2024-01-26,9,4,Area-8,2
2024-01-26,9,4,Area-9,3
2024-01-26,10,4,Area-1,2
2024-01-26,10,4,Area-10,1
2024-01-26,10,4,Area-11,3
2024-01-26,10,4,Area-12,1
2024-01-26,10,4,Area-14,5
2024-01-26,10,4,Area-15,1
2024-01-26,10,4,Area-16,1
2024-01-26,10,4,Area-17,1
2024-01-26,10,4,Area-2,2
2024-01-26,10,4,Area-20,2
2024-01-26,10,4,Area-21,2
2024-01-26,10,4,Area-22,1
2024-01-26,10,4,Area-24,3
2024-01-26,10,4,Area-25,1
2024-01-26,10,4,Area-26,2
2024-01-26,10,4,Area-28,1
2024-01-26,10,4,Area-29,5
2024-01-26,10,4,Area-3,2
2024-01-26,10,4,Area-30,1
2024-01-26,10,4,Area-32,1
2024-01-26,10,4,Area-33,2
2024-01-26,10,4,Area-34,1
2024-01-26,10,4,Area-35,2
2024-01-26,10,4,Area-36,1
2024-01-26,10,4,Area-37,2
2024-01-26,10,4,Area-39,2
2024-01-26,10,4,Area-4,3
2024-01-26,10,4,Area-41,1
2024-01-26,10,4,Area-42,1
2024-01-26,10,4,Area-44,2
2024-01-26,10,4,Area-45,2
2024-01-26,10,4,Area-46,1
2024-01-26,10,4,Area-48,1
2024-01-26,10,4,Area-49,2
2024-01-26,10,4,Area-5,2
2024-01-26,10,4,Area-50,1
2024-01-26,10,4,Area-6,3
2024-01-26,10,4,Area-8,1
2024-01-26,10,4,Area-9,1
2024-01-26,11,4,Area-1,4
2024-01-26,11,4,Area-10,3
2024-01-26,11,4,Area-11,4
2024-01-26,11,4,Area-12,2
2024-01-26,11,4,Area-13,2
2024-01-26,11,4,Area-15,2
2024-01-26,11,4,Area-16,4
2024-01-26,11,4,Area-17,1
2024-01-26,11,4,Area-2,1
2024-01-26,11,4,Area-20,2
2024-01-26,11,4,Area-21,1
2024-01-26,11,4,Area-22,1
2024-01-26,11,4,Area-23,1
2024-01-26,11,4,Area-24,3
2024-01-26,11,4,Area-26,3
2024-01-26,11,4,Area-28,2
2024-01-26,11,4,Area-29,1
2024-01-26,11,4,Area-3,2
2024-01-26,11,4,Area-30,1
2024-01-26,11,4,Area-31,4
2024-01-26,11,4,Area-32,1
2024-01-26,11,4,Area-33,4
2024-01-26,11,4,Area-34,6
2024-01-26,11,4,Area-35,3
2024-01-26,11,4,Area-36,2
2024-01-26,11,4,Area-37,1
2024-01-26,11,4,Area-38,1
2024-01-26,11,4,Area-39,3
2024-01-26,11,4,Area-4,6
2024-01-26,11,4,Area-40,1
2024-01-26,11,4,Area-41,4
2024-01-26,11,4,Area-42,1
2024-01-26,11,4,Area-43,1
2024-01-26,11,4,Area-44,2
2024-01-26,11,4,Area-45,2
2024-01-26,11,4,Area-46,1
2024-01-26,11,4,Area-48,1
2024-01-26,11,4,Area-5,1
2024-01-26,11,4,Area-50,2
2024-01-26,11,4,Area-7,2
2024-01-26,11,4,Area-8,1
2024-01-26,11,4,Area-9,3
2024-01-26,12,4,Area-1,2
2024-01-26,12,4,Area-11,3
2024-01-26,12,4,Area-12,2
2024-01-26,12,4,Area-13,2
2024-01-26,12,4,Area-14,2
2024-01-26,12,4,Area-15,3
2024-01-26,12,4,Area-18,1
2024-01-26,12,4,Area-20,3
2024-01-26,12,4,Area-23,1
2024-01-26,12,4,Area-25,3
2024-01-26,12,4,Area-26,2
2024-01-26,12,4,Area-29,1
2024-01-26,12,4,Area-3,1
2024-01-26,12,4,Area-31,2
2024-01-26,12,4,Area-32,2
2024-01-26,12,4,Area-34,2
2024-01-26,12,4,Area-35,2
2024-01-26,12,4,Area-36,1
2024-01-26,12,4,Area-37,1
2024-01-26,12,4,Area-39,2
2024-01-26,12,4,Area-40,1
2024-01-26,12,4,Area-41,2
2024-01-26,12,4,Area-42,1
2024-01-26,12,4,Area-43,2
2024-01-26,12,4,Area-45,3
2024-01-26,12,4,Area-46,1
2024-01-26,12,4,Area-48,1
2024-01-26,12,4,Area-49,4
2024-01-26,12,4,Area-5,1
2024-01-26,12,4,Area-50,1
2024-01-26,12,4,Area-6,2
2024-01-26,12,4,Area-8,1
2024-01-26,12,4,Area-9,3
2024-01-26,13,4,Area-10,2
2024-01-26,13,4,Area-12,1
2024-01-26,13,4,Area-13,1
2024-01-26,13,4,Area-15,2
2024-01-26,13,4,Area-17,2
2024-01-26,13,4,Area-19,1
2024-01-26,13,4,Area-2,3
2024-01-26,13,4,Area-20,4
2024-01-26,13,4,Area-22,1
2024-01-26,13,4,Area-23,1
2024-01-26,13,4,Area-24,1
2024-01-26,13,4,Area-26,1
2024-01-26,13,4,Area-29,2
2024-01-26,13,4,Area-3,3
2024-01-26,13,4,Area-30,1
2024-01-26,13,4,Area-31,2
2024-01-26,13,4,Area-33,1
2024-01-26,13,4,Area-34,2
2024-01-26,13,4,Area-36,1
2024-01-26,13,4,Area-38,1
2024-01-26,13,4,Area-39,3
2024-01-26,13,4,Area-4,1
2024-01-26,13,4,Area-40,2
2024-01-26,13,4,Area-41,1
2024-01-26,13,4,Area-42,1
2024-01-26,13,4,Area-43,1
2024-01-26,13,4,Area-45,1
2024-01-26,13,4,Area-48,2
2024-01-26,13,4,Area-49,2
2024-01-26,13,4,Area-5,1
2024-01-26,13,4,Area-50,2
2024-01-26,13,4,Area-6,1
2024-01-26,13,4,Area-7,2
2024-01-26,13,4,Area-9,1
2024-01-26,14,4,Area-1,1
2024-01-26,14,4,Area-10,3
2024-01-26,14,4,Area-11,2
2024-01-26,14,4,Area-12,1
2024-01-26,14,4,Area-13,2
2024-01-26,14,4,Area-16,1
2024-01-26,14,4,Area-17,2
2024-01-26,14,4,Area-18,2
2024-01-26,14,4,Area-2,2
2024-01-26,14,4,Area-20,1
2024-01-26,14,4,Area-21,2
2024-01-26,14,4,Area-22,2
2024-01-26,14,4,Area-23,2
2024-01-26,14,4,Area-24,2
2024-01-26,14,4,Area-27,1
2024-01-26,14,4,Area-29,2
2024-01-26,14,4,Area-3,3
2024-01-26,14,4,Area-30,1
2024-01-26,14,4,Area-31,2
2024-01-26,14,4,Area-32,2
2024-01-26,14,4,Area-34,3
2024-01-26,14,4,Area-35,2
2024-01-26,14,4,Area-36,1
2024-01-26,14,4,Area-38,1
2024-01-26,14,4,Area-4,1
2024-01-26,14,4,Area-41,1
2024-01-26,14,4,Area-42,3
2024-01-26,14,4,Area-43,3
2024-01-26,14,4,Area-44,4
2024-01-26,14,4,Area-45,3
2024-01-26,14,4,Area-47,2
2024-01-26,14,4,Area-48,1
2024-01-26,14,4,Area-50,1
2024-01-26,14,4,Area-6,1
2024-01-26,14,4,Area-9,2
2024-01-26,15,4,Area-1,1
2024-01-26,15,4,Area-10,1
2024-01-26,15,4,Area-11,1
2024-01-26,15,4,Area-13,1
2024-01-26,15,4,Area-14,1
2024-01-26,15,4,Area-15,1
2024-01-26,15,4,Area-16,1
2024-01-26,15,4,Area-18,4
2024-01-26,15,4,Area-20,1
2024-01-26,15,4,Area-21,1
2024-01-26,15,4,Area-23,2
2024-01-26,15,4,Area-24,1
2024-01-26,15,4,Area-25,1
2024-01-26,15,4,Area-29,3
2024-01-26,15,4,Area-3,1
2024-01-26,15,4,Area-31,1
2024-01-26,15,4,Area-32,1
2024-01-26,15,4,Area-33,1
2024-01-26,15,4,Area-34,1
2024-01-26,15,4,Area-35,1
2024-01-26,15,4,Area-36,1
2024-01-26,15,4,Area-37,1
2024-01-26,15,4,Area-38,3
2024-01-26,15,4,Area-39,3
2024-01-26,15,4,Area-4,3
2024-01-26,15,4,Area-44,1
2024-01-26,15,4,Area-45,1
2024-01-26,15,4,Area-46,1
2024-01-26,15,4,Area-47,1
2024-01-26,15,4,Area-48,2
2024-01-26,15,4,Area-49,3
2024-01-26,15,4,Area-5,1
2024-01-26,15,4,Area-6,3
2024-01-26,15,4,Area-7,2
2024-01-26,15,4,Area-9,2
2024-01-26,16,4,Area-1,3
2024-01-26,16,4,Area-10,2
2024-01-26,16,4,Area-11,2
2024-01-26,16,4,Area-12,3
2024-01-26,16,4,Area-14,1
2024-01-26,16,4,Area-15,2
2024-01-26,16,4,Area-16,1
2024-01-26,16,4,Area-18,3
2024-01-26,16,4,Area-19,2
2024-01-26,16,4,Area-20,1
2024-01-26,16,4,Area-21,1
2024-01-26,16,4,Area-22,2
2024-01-26,16,4,Area-23,1
2024-01-26,16,4,Area-25,1
2024-01-26,16,4,Area-26,4
2024-01-26,16,4,Area-28,2
2024-01-26,16,4,Area-29,3
2024-01-26,16,4,Area-3,3
2024-01-26,16,4,Area-30,1
2024-01-26,16,4,Area-31,3
2024-01-26,16,4,Area-33,1
2024-01-26,16,4,Area-34,1
2024-01-26,16,4,Area-35,2
2024-01-26,16,4,Area-37,2
2024-01-26,16,4,Area-39,2
2024-01-26,16,4,Area-4,2
2024-01-26,16,4,Area-40,3
2024-01-26,16,4,Area-41,2
2024-01-26,16,4,Area-42,1
2024-01-26,16,4,Area-43,5
2024-01-26,16,4,Area-44,2
2024-01-26,16,4,Area-45,2
2024-01-26,16,4,Area-46,5
2024-01-26,16,4,Area-48,3
2024-01-26,16,4,Area-49,1
2024-01-26,16,4,Area-5,3
2024-01-26,16,4,Area-50,4
2024-01-26,16,4,Area-6,2
2024-01-26,16,4,Area-9,4
2024-01-26,17,4,Area-1,3
2024-01-26,17,4,Area-11,3
2024-01-26,17,4,Area-12,2
2024-01-26,17,4,Area-13,1
2024-01-26,17,4,Area-14,3
2024-01-26,17,4,Area-15,2
2024-01-26,17,4,Area-16,3
2024-01-26,17,4,Area-17,2
2024-01-26,17,4,Area-19,3
2024-01-26,17,4,Area-2,1
2024-01-26,17,4,Area-20,2
2024-01-26,17,4,Area-21,3
2024-01-26,17,4,Area-22,2
2024-01-26,17,4,Area-23,2
2024-01-26,17,4,Area-24,2
2024-01-26,17,4,Area-25,1
2024-01-26,17,4,Area-26,1
2024-01-26,17,4,Area-27,1
2024-01-26,17,4,Area-3,2
2024-01-26,17,4,Area-30,2
2024-01-26,17,4,Area-32,2
2024-01-26,17,4,Area-33,3
2024-01-26,17,4,Area-34,3
2024-01-26,17,4,Area-35,2
2024-01-26,17,4,Area-36,1
2024-01-26,17,4,Area-38,4
2024-01-26,17,4,Area-39,1
2024-01-26,17,4,Area-4,1
2024-01-26,17,4,Area-41,2
2024-01-26,17,4,Area-42,1
2024-01-26,17,4,Area-43,1
2024-01-26,17,4,Area-44,1
2024-01-26,17,4,Area-45,2
2024-01-26,17,4,Area-47,1
2024-01-26,17,4,Area-48,1
2024-01-26,17,4,Area-49,2
2024-01-26,17,4,Area-5,2
2024-01-26,17,4,Area-50,1
2024-01-26,17,4,Area-6,2
2024-01-26,17,4,Area-7,2
2024-01-26,17,4,Area-8,1
2024-01-26,17,4,Area-9,2
2024-01-26,18,4,Area-1,2
2024-01-26,18,4,Area-11,1
2024-01-26,18,4,Area-15,2
2024-01-26,18,4,Area-16,2
2024-01-26,18,4,Area-17,1
2024-01-26,18,4,Area-18,1
2024-01-26,18,4,Area-19,2
2024-01-26,18,4,Area-2,1
2024-01-26,18,4,Area-20,2
2024-01-26,18,4,Area-21,2
2024-01-26,18,4,Area-23,3
2024-01-26,18,4,Area-24,3
2024-01-26,18,4,Area-25,1
2024-01-26,18,4,Area-26,1
2024-01-26,18,4,Area-27,3
2024-01-26,18,4,Area-28,2
2024-01-26,18,4,Area-29,1
2024-01-26,18,4,Area-3,1
2024-01-26,18,4,Area-30,2
2024-01-26,18,4,Area-31,2
2024-01-26,18,4,Area-32,1
2024-01-26,18,4,Area-33,2
2024-01-26,18,4,Area-37,1
2024-01-26,18,4,Area-38,1
2024-01-26,18,4,Area-39,2
2024-01-26,18,4,Area-4,1
2024-01-26,18,4,Area-40,2
2024-01-26,18,4,Area-42,2
2024-01-26,18,4,Area-43,2
2024-01-26,18,4,Area-44,1
2024-01-26,18,4,Area-45,2
2024-01-26,18,4,Area-46,1
2024-01-26,18,4,Area-47,2
2024-01-26,18,4,Area-48,2
2024-01-26,18,4,Area-49,4
2024-01-26,18,4,Area-5,1
2024-01-26,18,4,Area-50,1
2024-01-26,18,4,Area-6,1
2024-01-26,18,4,Area-7,4
2024-01-26,18,4,Area-8,1
2024-01-26,19,4,Area-14,1
2024-01-26,19,4,Area-15,1
2024-01-26,19,4,Area-17,3
2024-01-26,19,4,Area-19,2
2024-01-26,19,4,Area-2,2
2024-01-26,19,4,Area-20,1
2024-01-26,19,4,Area-21,2
2024-01-26,19,4,Area-22,2
2024-01-26,19,4,Area-23,2
2024-01-26,19,4,Area-26,1
2024-01-26,19,4,Area-27,2
2024-01-26,19,4,Area-28,2
2024-01-26,19,4,Area-29,1
2024-01-26,19,4,Area-30,3
2024-01-26,19,4,Area-31,2
2024-01-26,19,4,Area-32,3
2024-01-26,19,4,Area-33,1
2024-01-26,19,4,Area-34,2
2024-01-26,19,4,Area-35,3
2024-01-26,19,4,Area-36,1
2024-01-26,19,4,Area-37,2
2024-01-26,19,4,Area-38,3
2024-01-26,19,4,Area-39,2
2024-01-26,19,4,Area-4,3
2024-01-26,19,4,Area-40,2
2024-01-26,19,4,Area-42,3
2024-01-26,19,4,Area-43,1
2024-01-26,19,4,Area-44,2
2024-01-26,19,4,Area-46,5
2024-01-26,19,4,Area-47,1
2024-01-26,19,4,Area-48,5
2024-01-26,19,4,Area-5,2
2024-01-26,19,4,Area-50,3
2024-01-26,19,4,Area-6,1
2024-01-26,19,4,Area-7,1
2024-01-26,19,4,Area-9,1
2024-01-26,20,4,Area-1,1
2024-01-26,20,4,Area-10,1
2024-01-26,20,4,Area-11,1
2024-01-26,20,4,Area-13,2
2024-01-26,20,4,Area-14,2
2024-01-26,20,4,Area-15,2
2024-01-26,20,4,Area-16,1
2024-01-26,20,4,Area-17,4
2024-01-26,20,4,Area-18,2
2024-01-26,20,4,Area-19,1
2024-01-26,20,4,Area-2,1
2024-01-26,20,4,Area-21,2
2024-01-26,20,4,Area-22,3
2024-01-26,20,4,Area-23,2
2024-01-26,20,4,Area-25,1
2024-01-26,20,4,Area-26,1
2024-01-26,20,4,Area-27,1
2024-01-26,20,4,Area-28,4
2024-01-26,20,4,Area-3,3
2024-01-26,20,4,Area-31,2
2024-01-26,20,4,Area-33,1
2024-01-26,20,4,Area-34,2
2024-01-26,20,4,Area-35,2
2024-01-26,20,4,Area-37,1
2024-01-26,20,4,Area-38,1
2024-01-26,20,4,Area-39,2
2024-01-26,20,4,Area-4,2
2024-01-26,20,4,Area-40,1
2024-01-26,20,4,Area-43,1
2024-01-26,20,4,Area-45,2
2024-01-26,20,4,Area-47,3
2024-01-26,20,4,Area-48,2
2024-01-26,20,4,Area-49,2
2024-01-26,20,4,Area-50,2
2024-01-26,20,4,Area-6,1
2024-01-26,20,4,Area-8,2
2024-01-26,20,4,Area-9,1
2024-01-26,21,4,Area-1,3
2024-01-26,21,4,Area-10,1
2024-01-26,21,4,Area-11,2
2024-01-26,21,4,Area-12,2
2024-01-26,21,4,Area-13,3
2024-01-26,21,4,Area-14,2
2024-01-26,21,4,Area-15,1
2024-01-26,21,4,Area-16,2
2024-01-26,21,4,Area-17,1
2024-01-26,21,4,Area-18,1
2024-01-26,21,4,Area-2,3
2024-01-26,21,4,Area-20,2
2024-01-26,21,4,Area-22,4
2024-01-26,21,4,Area-23,1
2024-01-26,21,4,Area-24,1
2024-01-26,21,4,Area-25,3
2024-01-26,21,4,Area-26,2
2024-01-26,21,4,Area-28,3
2024-01-26,21,4,Area-30,2
2024-01-26,21,4,Area-33,1
2024-01-26,21,4,Area-34,1
2024-01-26,21,4,Area-35,3
2024-01-26,21,4,Area-37,1
2024-01-26,21,4,Area-38,1
2024-01-26,21,4,Area-39,1
2024-01-26,21,4,Area-40,1
2024-01-26,21,4,Area-41,2
2024-01-26,21,4,Area-42,1
2024-01-26,21,4,Area-44,5
2024-01-26,21,4,Area-45,3
2024-01-26,21,4,Area-47,2
2024-01-26,21,4,Area-49,3
2024-01-26,21,4,Area-5,3
2024-01-26,21,4,Area-50,3
2024-01-26,21,4,Area-7,1
2024-01-26,21,4,Area-8,1
2024-01-26,21,4,Area-9,1
2024-01-26,22,4,Area-1,3
2024-01-26,22,4,Area-10,1
2024-01-26,22,4,Area-11,1
2024-01-26,22,4,Area-12,1
2024-01-26,22,4,Area-14,1
2024-01-26,22,4,Area-18,1
2024-01-26,22,4,Area-19,2
2024-01-26,22,4,Area-20,1
2024-01-26,22,4,Area-22,1
2024-01-26,22,4,Area-24,2
2024-01-26,22,4,Area-26,2
2024-01-26,22,4,Area-27,2
2024-01-26,22,4,Area-28,1
2024-01-26,22,4,Area-29,1
2024-01-26,22,4,Area-3,1
2024-01-26,22,4,Area-30,1
2024-01-26,22,4,Area-33,2
2024-01-26,22,4,Area-34,3
2024-01-26,22,4,Area-35,2
2024-01-26,22,4,Area-36,1
2024-01-26,22,4,Area-37,3
2024-01-26,22,4,Area-38,1
2024-01-26,22,4,Area-39,2
2024-01-26,22,4,Area-40,2
2024-01-26,22,4,Area-41,1
2024-01-26,22,4,Area-42,4
2024-01-26,22,4,Area-43,1
2024-01-26,22,4,Area-44,4
2024-01-26,22,4,Area-45,1
2024-01-26,22,4,Area-46,3
2024-01-26,22,4,Area-48,2
2024-01-26,22,4,Area-49,3
2024-01-26,22,4,Area-50,3
2024-01-26,22,4,Area-7,1
2024-01-26,22,4,Area-8,2
2024-01-26,22,4,Area-9,1
2024-01-26,23,4,Area-1,1
2024-01-26,23,4,Area-10,2
2024-01-26,23,4,Area-12,1
2024-01-26,23,4,Area-13,4
2024-01-26,23,4,Area-14,2
2024-01-26,23,4,Area-15,1
2024-01-26,23,4,Area-16,3
2024-01-26,23,4,Area-17,1
2024-01-26,23,4,Area-18,3
2024-01-26,23,4,Area-19,2
2024-01-26,23,4,Area-2,1
2024-01-26,23,4,Area-20,1
2024-01-26,23,4,Area-21,1
2024-01-26,23,4,Area-22,1
2024-01-26,23,4,Area-23,1
2024-01-26,23,4,Area-25,3
2024-01-26,23,4,Area-26,1
2024-01-26,23,4,Area-27,1
2024-01-26,23,4,Area-28,2
2024-01-26,23,4,Area-3,2
2024-01-26,23,4,Area-30,2
2024-01-26,23,4,Area-32,1
2024-01-26,23,4,Area-33,1
2024-01-26,23,4,Area-34,1
2024-01-26,23,4,Area-35,2
2024-01-26,23,4,Area-36,2
2024-01-26,23,4,Area-37,3
2024-01-26,23,4,Area-39,1
2024-01-26,23,4,Area-4,1
2024-01-26,23,4,Area-40,2
2024-01-26,23,4,Area-41,2
2024-01-26,23,4,Area-42,2
2024-01-26,23,4,Area-43,1
2024-01-26,23,4,Area-44,1
2024-01-26,23,4,Area-45,1
2024-01-26,23,4,Area-47,3
2024-01-26,23,4,Area-48,2
2024-01-26,23,4,Area-49,2
2024-01-26,23,4,Area-50,3
2024-01-26,23,4,Area-6,2
2024-01-26,23,4,Area-8,1
2024-01-26,23,4,Area-9,1
2024-01-27,0,5,Area-1,1
2024-01-27,0,5,Area-11,2
2024-01-27,0,5,Area-13,1
2024-01-27,0,5,Area-14,1
2024-01-27,0,5,Area-15,2
2024-01-27,0,5,Area-16,4
2024-01-27,0,5,Area-17,1
2024-01-27,0,5,Area-18,1
2024-01-27,0,5,Area-19,2
2024-01-27,0,5,Area-2,2
2024-01-27,0,5,Area-21,2
2024-01-27,0,5,Area-22,1
2024-01-27,0,5,Area-24,4
2024-01-27,0,5,Area-25,1
2024-01-27,0,5,Area-26,3
2024-01-27,0,5,Area-27,3
2024-01-27,0,5,Area-28,1
2024-01-27,0,5,Area-29,1
2024-01-27,0,5,Area-3,1
2024-01-27,0,5,Area-30,1
2024-01-27,0,5,Area-31,1
2024-01-27,0,5,Area-34,4
2024-01-27,0,5,Area-35,3
2024-01-27,0,5,Area-36,1
2024-01-27,0,5,Area-37,2
2024-01-27,0,5,Area-38,2
2024-01-27,0,5,Area-39,2
2024-01-27,0,5,Area-4,2
2024-01-27,0,5,Area-40,1
2024-01-27,0,5,Area-41,3
2024-01-27,0,5,Area-44,3
2024-01-27,0,5,Area-45,3
2024-01-27,0,5,Area-46,5
2024-01-27,0,5,Area-47,1
2024-01-27,0,5,Area-48,2
2024-01-27,0,5,Area-49,1
2024-01-27,0,5,Area-5,1
2024-01-27,0,5,Area-50,1
2024-01-27,0,5,Area-6,2
2024-01-27,0,5,Area-8,2
2024-01-27,0,5,Area-9,2
2024-01-27,1,5,Area-10,3
2024-01-27,1,5,Area-11,2
2024-01-27,1,5,Area-13,3
2024-01-27,1,5,Area-14,2
2024-01-27,1,5,Area-15,1
2024-01-27,1,5,Area-16,1
2024-01-27,1,5,Area-18,2
2024-01-27,1,5,Area-19,1
2024-01-27,1,5,Area-20,2
2024-01-27,1,5,Area-21,4
2024-01-27,1,5,Area-22,1
2024-01-27,1,5,Area-23,4
2024-01-27,1,5,Area-24,1
2024-01-27,1,5,Area-25,1
2024-01-27,1,5,Area-29,3
2024-01-27,1,5,Area-3,3
2024-01-27,1,5,Area-30,3
2024-01-27,1,5,Area-31,1
2024-01-27,1,5,Area-36,1
2024-01-27,1,5,Area-37,1
2024-01-27,1,5,Area-38,1
2024-01-27,1,5,Area-39,2
2024-01-27,1,5,Area-4,1
2024-01-27,1,5,Area-40,2
2024-01-27,1,5,Area-41,4
2024-01-27,1,5,Area-43,2
2024-01-27,1,5,Area-45,1
2024-01-27,1,5,Area-46,3
2024-01-27,1,5,Area-47,1
2024-01-27,1,5,Area-48,3
2024-01-27,1,5,Area-49,2
2024-01-27,1,5,Area-5,1
2024-01-27,1,5,Area-6,1
2024-01-27,1,5,Area-9,2
2024-01-27,2,5,Area-1,1
2024-01-27,2,5,Area-11,1
2024-01-27,2,5,Area-12,2
2024-01-27,2,5,Area-14,1
2024-01-27,2,5,Area-15,2
2024-01-27,2,5,Area-16,3
2024-01-27,2,5,Area-17,1
2024-01-27,2,5,Area-18,1
2024-01-27,2,5,Area-19,1
2024-01-27,2,5,Area-2,2
2024-01-27,2,5,Area-21,1
2024-01-27,2,5,Area-22,3
2024-01-27,2,5,Area-23,4
2024-01-27,2,5,Area-25,1
2024-01-27,2,5,Area-26,1
2024-01-27,2,5,Area-27,1
2024-01-27,2,5,Area-28,2
2024-01-27,2,5,Area-29,1
2024-01-27,2,5,Area-3,2
2024-01-27,2,5,Area-30,1
2024-01-27,2,5,Area-31,2
2024-01-27,2,5,Area-33,1
2024-01-27,2,5,Area-34,1
2024-01-27,2,5,Area-35,1
2024-01-27,2,5,Area-36,2
2024-01-27,2,5,Area-37,2
2024-01-27,2,5,Area-39,2
2024-01-27,2,5,Area-4,5
2024-01-27,2,5,Area-40,1
2024-01-27,2,5,Area-41,3
2024-01-27,2,5,Area-45,1
2024-01-27,2,5,Area-47,2
2024-01-27,2,5,Area-48,1
2024-01-27,2,5,Area-49,2
2024-01-27,2,5,Area-5,3
2024-01-27,2,5,Area-50,3
2024-01-27,2,5,Area-6,1
2024-01-27,2,5,Area-7,1
2024-01-27,2,5,Area-8,3
2024-01-27,3,5,Area-1,2
2024-01-27,3,5,Area-10,2
2024-01-27,3,5,Area-11,1
2024-01-27,3,5,Area-12,1
2024-01-27,3,5,Area-13,2
2024-01-27,3,5,Area-14,3
2024-01-27,3,5,Area-15,1
2024-01-27,3,5,Area-16,1
2024-01-27,3,5,Area-18,1
2024-01-27,3,5,Area-19,1
2024-01-27,3,5,Area-2,2
2024-01-27,3,5,Area-20,2
2024-01-27,3,5,Area-23,2
2024-01-27,3,5,Area-24,1
2024-01-27,3,5,Area-25,3
2024-01-27,3,5,Area-26,2
2024-01-27,3,5,Area-27,1
2024-01-27,3,5,Area-28,2
2024-01-27,3,5,Area-29,2
2024-01-27,3,5,Area-3,1
2024-01-27,3,5,Area-30,5
2024-01-27,3,5,Area-31,1
2024-01-27,3,5,Area-32,2
2024-01-27,3,5,Area-33,1
2024-01-27,3,5,Area-34,1
2024-01-27,3,5,Area-36,1
2024-01-27,3,5,Area-37,1
2024-01-27,3,5,Area-38,3
2024-01-27,3,5,Area-39,1
2024-01-27,3,5,Area-40,1
2024-01-27,3,5,Area-41,2
2024-01-27,3,5,Area-42,2
2024-01-27,3,5,Area-43,1
2024-01-27,3,5,Area-44,1
2024-01-27,3,5,Area-45,3
2024-01-27,3,5,Area-46,3
2024-01-27,3,5,Area-48,1
2024-01-27,3,5,Area-49,4
2024-01-27,3,5,Area-5,1
2024-01-27,3,5,Area-50,1
2024-01-27,3,5,Area-7,6
2024-01-27,3,5,Area-9,1
2024-01-27,4,5,Area-10,2
2024-01-27,4,5,Area-11,1
2024-01-27,4,5,Area-13,2
2024-01-27,4,5,Area-14,3
2024-01-27,4,5,Area-15,1
2024-01-27,4,5,Area-16,2
2024-01-27,4,5,Area-17,3
2024-01-27,4,5,Area-18,3
2024-01-27,4,5,Area-19,3
2024-01-27,4,5,Area-2,1
2024-01-27,4,5,Area-20,2
2024-01-27,4,5,Area-21,2
2024-01-27,4,5,Area-22,1
2024-01-27,4,5,Area-24,1
2024-01-27,4,5,Area-25,1
2024-01-27,4,5,Area-26,1
2024-01-27,4,5,Area-29,2
2024-01-27,4,5,Area-30,2
2024-01-27,4,5,Area-32,1
2024-01-27,4,5,Area-33,2
2024-01-27,4,5,Area-34,2
2024-01-27,4,5,Area-35,3
2024-01-27,4,5,Area-37,3
2024-01-27,4,5,Area-38,1
2024-01-27,4,5,Area-39,2
2024-01-27,4,5,Area-4,1
2024-01-27,4,5,Area-40,2
2024-01-27,4,5,Area-41,1
2024-01-27,4,5,Area-42,1
2024-01-27,4,5,Area-43,1
2024-01-27,4,5,Area-44,1
2024-01-27,4,5,Area-45,1
2024-01-27,4,5,Area-46,3
2024-01-27,4,5,Area-47,3
2024-01-27,4,5,Area-48,1
2024-01-27,4,5,Area-6,2
2024-01-27,4,5,Area-7,3
2024-01-27,4,5,Area-8,1
2024-01-27,4,5,Area-9,3
2024-01-27,5,5,Area-10,1
2024-01-27,5,5,Area-12,2
2024-01-27,5,5,Area-13,2
2024-01-27,5,5,Area-14,1
2024-01-27,5,5,Area-16,2
2024-01-27,5,5,Area-17,1
2024-01-27,5,5,Area-18,1
2024-01-27,5,5,Area-19,2
2024-01-27,5,5,Area-2,2
2024-01-27,5,5,Area-21,2
2024-01-27,5,5,Area-23,1
2024-01-27,5,5,Area-24,1
2024-01-27,5,5,Area-25,1
2024-01-27,5,5,Area-26,2
2024-01-27,5,5,Area-27,2
2024-01-27,5,5,Area-28,4
2024-01-27,5,5,Area-3,2
2024-01-27,5,5,Area-32,4
2024-01-27,5,5,Area-33,3
2024-01-27,5,5,Area-34,1
2024-01-27,5,5,Area-36,2
2024-01-27,5,5,Area-37,1
2024-01-27,5,5,Area-38,3
2024-01-27,5,5,Area-40,1
2024-01-27,5,5,Area-43,1
2024-01-27,5,5,Area-44,1
2024-01-27,5,5,Area-45,1
2024-01-27,5,5,Area-46,3
2024-01-27,5,5,Area-47,1
2024-01-27,5,5,Area-48,1
2024-01-27,5,5,Area-49,1
2024-01-27,5,5,Area-5,2
2024-01-27,5,5,Area-7,1
2024-01-27,5,5,Area-8,1
2024-01-27,5,5,Area-9,1
2024-01-27,6,5,Area-1,3
2024-01-27,6,5,Area-11,1
2024-01-27,6,5,Area-12,1
2024-01-27,6,5,Area-13,3
2024-01-27,6,5,Area-14,3
2024-01-27,6,5,Area-15,1
2024-01-27,6,5,Area-16,2
2024-01-27,6,5,Area-17,1
2024-01-27,6,5,Area-18,5
2024-01-27,6,5,Area-19,4
2024-01-27,6,5,Area-2,2
2024-01-27,6,5,Area-20,2
2024-01-27,6,5,Area-21,2
2024-01-27,6,5,Area-23,2
2024-01-27,6,5,Area-25,2
2024-01-27,6,5,Area-28,1
2024-01-27,6,5,Area-29,3
2024-01-27,6,5,Area-3,2
2024-01-27,6,5,Area-30,1
2024-01-27,6,5,Area-31,1
2024-01-27,6,5,Area-32,1
2024-01-27,6,5,Area-33,3
2024-01-27,6,5,Area-34,2
2024-01-27,6,5,Area-35,1
2024-01-27,6,5,Area-36,1
2024-01-27,6,5,Area-37,3
2024-01-27,6,5,Area-38,1
2024-01-27,6,5,Area-39,1
2024-01-27,6,5,Area-40,2
2024-01-27,6,5,Area-41,2
2024-01-27,6,5,Area-45,1
2024-01-27,6,5,Area-46,1
2024-01-27,6,5,Area-47,2
2024-01-27,6,5,Area-48,2
2024-01-27,6,5,Area-49,2
2024-01-27,6,5,Area-5,1
2024-01-27,6,5,Area-50,3
2024-01-27,6,5,Area-7,1
2024-01-27,6,5,Area-8,3
2024-01-27,6,5,Area-9,1
2024-01-27,7,5,Area-1,3
2024-01-27,7,5,Area-10,1
2024-01-27,7,5,Area-11,1
2024-01-27,7,5,Area-12,2
2024-01-27,7,5,Area-13,1
2024-01-27,7,5,Area-14,2
2024-01-27,7,5,Area-16,1
2024-01-27,7,5,Area-17,1
2024-01-27,7,5,Area-18,3
2024-01-27,7,5,Area-19,3
2024-01-27,7,5,Area-2,1
2024-01-27,7,5,Area-20,1
2024-01-27,7,5,Area-21,4
2024-01-27,7,5,Area-22,1
2024-01-27,7,5,Area-23,2
2024-01-27,7,5,Area-24,1
2024-01-27,7,5,Area-25,3
2024-01-27,7,5,Area-26,1
2024-01-27,7,5,Area-27,1
2024-01-27,7,5,Area-28,2
2024-01-27,7,5,Area-29,2
2024-01-27,7,5,Area-30,2
2024-01-27,7,5,Area-31,1
2024-01-27,7,5,Area-32,3
2024-01-27,7,5,Area-33,4
2024-01-27,7,5,Area-34,1
2024-01-27,7,5,Area-35,4
2024-01-27,7,5,Area-36,3
2024-01-27,7,5,Area-37,1
2024-01-27,7,5,Area-38,1
2024-01-27,7,5,Area-39,1
2024-01-27,7,5,Area-4,4
2024-01-27,7,5,Area-40,3
2024-01-27,7,5,Area-42,3
2024-01-27,7,5,Area-43,2
2024-01-27,7,5,Area-44,2
2024-01-27,7,5,Area-45,1
2024-01-27,7,5,Area-46,1
2024-01-27,7,5,Area-48,2
2024-01-27,7,5,Area-5,2
2024-01-27,7,5,Area-6,1
2024-01-27,7,5,Area-8,1
2024-01-27,7,5,Area-9,1
2024-01-27,8,5,Area-1,2
2024-01-27,8,5,Area-10,1
2024-01-27,8,5,Area-11,2
2024-01-27,8,5,Area-12,1
2024-01-27,8,5,Area-13,2
2024-01-27,8,5,Area-14,2
2024-01-27,8,5,Area-15,2
2024-01-27,8,5,Area-16,1
2024-01-27,8,5,Area-17,3
2024-01-27,8,5,Area-18,1
2024-01-27,8,5,Area-19,1
2024-01-27,8,5,Area-2,1
2024-01-27,8,5,Area-20,2
2024-01-27,8,5,Area-21,3
2024-01-27,8,5,Area-22,2
2024-01-27,8,5,Area-23,2
2024-01-27,8,5,Area-24,2
2024-01-27,8,5,Area-25,1
2024-01-27,8,5,Area-26,2
2024-01-27,8,5,Area-27,2
2024-01-27,8,5,Area-29,1
2024-01-27,8,5,Area-3,1
2024-01-27,8,5,Area-30,2
2024-01-27,8,5,Area-31,3
2024-01-27,8,5,Area-32,1
2024-01-27,8,5,Area-34,2
2024-01-27,8,5,Area-35,2
2024-01-27,8,5,Area-36,3
2024-01-27,8,5,Area-39,1
2024-01-27,8,5,Area-4,3
2024-01-27,8,5,Area-40,2
2024-01-27,8,5,Area-42,2
2024-01-27,8,5,Area-43,4
2024-01-27,8,5,Area-44,1
2024-01-27,8,5,Area-45,2
2024-01-27,8,5,Area-46,1
2024-01-27,8,5,Area-49,2
2024-01-27,8,5,Area-50,1
2024-01-27,8,5,Area-6,1
2024-01-27,9,5,Area-10,2
2024-01-27,9,5,Area-11,1
2024-01-27,9,5,Area-12,1
2024-01-27,9,5,Area-13,2
2024-01-27,9,5,Area-14,1
2024-01-27,9,5,Area-15,1
2024-01-27,9,5,Area-16,1
2024-01-27,9,5,Area-17,1
2024-01-27,9,5,Area-19,2
2024-01-27,9,5,Area-2,2
2024-01-27,9,5,Area-21,2
2024-01-27,9,5,Area-24,1
2024-01-27,9,5,Area-25,1
2024-01-27,9,5,Area-26,3
2024-01-27,9,5,Area-28,2
2024-01-27,9,5,Area-29,1
2024-01-27,9,5,Area-3,3
2024-01-27,9,5,Area-30,2
2024-01-27,9,5,Area-32,2
2024-01-27,9,5,Area-33,1
2024-01-27,9,5,Area-36,1
2024-01-27,9,5,Area-37,1
2024-01-27,9,5,Area-38,5
2024-01-27,9,5,Area-39,2
2024-01-27,9,5,Area-4,1
2024-01-27,9,5,Area-40,2
2024-01-27,9,5,Area-42,1
2024-01-27,9,5,Area-43,1
2024-01-27,9,5,Area-46,1
2024-01-27,9,5,Area-47,2
2024-01-27,9,5,Area-48,5
2024-01-27,9,5,Area-49,2
2024-01-27,9,5,Area-50,1
2024-01-27,9,5,Area-6,1
2024-01-27,9,5,Area-7,2
2024-01-27,9,5,Area-9,1
2024-01-27,10,5,Area-1,3
2024-01-27,10,5,Area-10,1
2024-01-27,10,5,Area-12,1
2024-01-27,10,5,Area-14,1
2024-01-27,10,5,Area-15,1
2024-01-27,10,5,Area-16,1
2024-01-27,10,5,Area-17,6
2024-01-27,10,5,Area-18,1
2024-01-27,10,5,Area-19,1
2024-01-27,10,5,Area-2,1
2024-01-27,10,5,Area-20,1
2024-01-27,10,5,Area-21,2
2024-01-27,10,5,Area-22,1
2024-01-27,10,5,Area-23,1
2024-01-27,10,5,Area-25,1
2024-01-27,10,5,Area-26,1
2024-01-27,10,5,Area-28,1
2024-01-27,10,5,Area-3,1
2024-01-27,10,5,Area-30,2
2024-01-27,10,5,Area-31,1
2024-01-27,10,5,Area-32,2
2024-01-27,10,5,Area-33,2
2024-01-27,10,5,Area-34,2
2024-01-27,10,5,Area-35,2
2024-01-27,10,5,Area-37,4
2024-01-27,10,5,Area-38,2
2024-01-27,10,5,Area-39,2
2024-01-27,10,5,Area-41,1
2024-01-27,10,5,Area-43,2
2024-01-27,10,5,Area-44,2
2024-01-27,10,5,Area-45,2
2024-01-27,10,5,Area-46,1
2024-01-27,10,5,Area-47,2
2024-01-27,10,5,Area-48,1
2024-01-27,10,5,Area-49,1
2024-01-27,10,5,Area-50,3
2024-01-27,10,5,Area-8,2
2024-01-27,10,5,Area-9,2
2024-01-27,11,5,Area-10,2
2024-01-27,11,5,Area-11,1
2024-01-27,11,5,Area-12,2
2024-01-27,11,5,Area-13,2
2024-01-27,11,5,Area-16,1
2024-01-27,11,5,Area-18,2
2024-01-27,11,5,Area-19,1
2024-01-27,11,5,Area-23,2
2024-01-27,11,5,Area-25,2
2024-01-27,11,5,Area-26,1
2024-01-27,11,5,Area-27,2
2024-01-27,11,5,Area-28,1
2024-01-27,11,5,Area-30,1
2024-01-27,11,5,Area-31,1
2024-01-27,11,5,Area-32,2
2024-01-27,11,5,Area-33,1
2024-01-27,11,5,Area-34,1
2024-01-27,11,5,Area-36,3
2024-01-27,11,5,Area-37,1
2024-01-27,11,5,Area-38,1
2024-01-27,11,5,Area-39,2
2024-01-27,11,5,Area-4,2
2024-01-27,11,5,Area-40,4
2024-01-27,11,5,Area-42,1
2024-01-27,11,5,Area-43,2
2024-01-27,11,5,Area-44,2
2024-01-27,11,5,Area-45,1
2024-01-27,11,5,Area-46,2
2024-01-27,11,5,Area-5,1
2024-01-27,11,5,Area-50,1
2024-01-27,11,5,Area-6,4
2024-01-27,11,5,Area-7,1
2024-01-27,11,5,Area-8,2
2024-01-27,11,5,Area-9,2
2024-01-27,12,5,Area-1,2
2024-01-27,12,5,Area-10,1
2024-01-27,12,5,Area-11,1
2024-01-27,12,5,Area-13,2
2024-01-27,12,5,Area-14,1
2024-01-27,12,5,Area-15,2
2024-01-27,12,5,Area-16,3
2024-01-27,12,5,Area-17,4
2024-01-27,12,5,Area-18,1
2024-01-27,12,5,Area-19,2
2024-01-27,12,5,Area-20,1
2024-01-27,12,5,Area-22,2
2024-01-27,12,5,Area-23,1
2024-01-27,12,5,Area-24,2
2024-01-27,12,5,Area-25,2
2024-01-27,12,5,Area-26,1
2024-01-27,12,5,Area-28,1
2024-01-27,12,5,Area-29,2
2024-01-27,12,5,Area-3,2
2024-01-27,12,5,Area-30,2
2024-01-27,12,5,Area-31,1
2024-01-27,12,5,Area-32,1
2024-01-27,12,5,Area-33,3
2024-01-27,12,5,Area-34,2
2024-01-27,12,5,Area-37,3
2024-01-27,12,5,Area-38,2
2024-01-27,12,5,Area-39,3
2024-01-27,12,5,Area-4,1
2024-01-27,12,5,Area-40,3
2024-01-27,12,5,Area-42,2
2024-01-27,12,5,Area-45,2
2024-01-27,12,5,Area-46,2
2024-01-27,12,5,Area-48,2
2024-01-27,12,5,Area-49,4
2024-01-27,12,5,Area-5,3
2024-01-27,12,5,Area-6,1
2024-01-27,12,5,Area-7,1
2024-01-27,12,5,Area-8,2
2024-01-27,12,5,Area-9,3
2024-01-27,13,5,Area-1,1
2024-01-27,13,5,Area-10,3
2024-01-27,13,5,Area-11,1
2024-01-27,13,5,Area-13,4
2024-01-27,13,5,Area-14,1
2024-01-27,13,5,Area-16,2
2024-01-27,13,5,Area-17,3
2024-01-27,13,5,Area-18,1
2024-01-27,13,5,Area-19,3
2024-01-27,13,5,Area-2,2
2024-01-27,13,5,Area-20,1
2024-01-27,13,5,Area-21,1
2024-01-27,13,5,Area-22,1
2024-01-27,13,5,Area-23,1
2024-01-27,13,5,Area-24,1
2024-01-27,13,5,Area-25,2
2024-01-27,13,5,Area-27,1
2024-01-27,13,5,Area-28,1
2024-01-27,13,5,Area-29,4
2024-01-27,13,5,Area-30,2
2024-01-27,13,5,Area-32,1
2024-01-27,13,5,Area-34,3
2024-01-27,13,5,Area-37,3
2024-01-27,13,5,Area-38,2
2024-01-27,13,5,Area-39,2
2024-01-27,13,5,Area-40,3
2024-01-27,13,5,Area-41,1
2024-01-27,13,5,Area-43,1
2024-01-27,13,5,Area-44,1
2024-01-27,13,5,Area-45,1
2024-01-27,13,5,Area-46,1
2024-01-27,13,5,Area-47,3
2024-01-27,13,5,Area-48,2
2024-01-27,13,5,Area-49,1
2024-01-27,13,5,Area-5,1
2024-01-27,13,5,Area-50,1
2024-01-27,13,5,Area-6,1
2024-01-27,13,5,Area-8,5
2024-01-27,13,5,Area-9,2
2024-01-27,14,5,Area-10,3
2024-01-27,14,5,Area-12,3
2024-01-27,14,5,Area-13,2
2024-01-27,14,5,Area-15,2
2024-01-27,14,5,Area-16,3
2024-01-27,14,5,Area-18,1
2024-01-27,14,5,Area-19,5
2024-01-27,14,5,Area-20,3
2024-01-27,14,5,Area-23,2
2024-01-27,14,5,Area-25,1
2024-01-27,14,5,Area-29,3
2024-01-27,14,5,Area-30,4
2024-01-27,14,5,Area-31,1
2024-01-27,14,5,Area-34,2
2024-01-27,14,5,Area-35,2
2024-01-27,14,5,Area-36,1
2024-01-27,14,5,Area-37,1
2024-01-27,14,5,Area-38,1
2024-01-27,14,5,Area-4,1
2024-01-27,14,5,Area-41,1
2024-01-27,14,5,Area-42,1
2024-01-27,14,5,Area-43,1
2024-01-27,14,5,Area-44,1
2024-01-27,14,5,Area-47,1
2024-01-27,14,5,Area-48,2
2024-01-27,14,5,Area-49,1
2024-01-27,14,5,Area-5,1
2024-01-27,14,5,Area-6,3
2024-01-27,14,5,Area-8,2
2024-01-27,14,5,Area-9,2
2024-01-27,15,5,Area-1,1
2024-01-27,15,5,Area-10,1
2024-01-27,15,5,Area-11,1
2024-01-27,15,5,Area-12,1
2024-01-27,15,5,Area-14,1
2024-01-27,15,5,Area-15,3
2024-01-27,15,5,Area-16,1
2024-01-27,15,5,Area-17,1
2024-01-27,15,5,Area-19,3
2024-01-27,15,5,Area-2,2
2024-01-27,15,5,Area-21,2
2024-01-27,15,5,Area-22,1
2024-01-27,15,5,Area-23,1
2024-01-27,15,5,Area-24,1
2024-01-27,15,5,Area-25,1
2024-01-27,15,5,Area-26,1
2024-01-27,15,5,Area-27,2
2024-01-27,15,5,Area-28,2
2024-01-27,15,5,Area-29,3
2024-01-27,15,5,Area-3,3
2024-01-27,15,5,Area-30,4
2024-01-27,15,5,Area-31,3
2024-01-27,15,5,Area-33,4
2024-01-27,15,5,Area-34,2
2024-01-27,15,5,Area-35,1
2024-01-27,15,5,Area-36,3
2024-01-27,15,5,Area-38,1
2024-01-27,15,5,Area-39,5
2024-01-27,15,5,Area-4,1
2024-01-27,15,5,Area-40,2
2024-01-27,15,5,Area-41,1
2024-01-27,15,5,Area-42,5
2024-01-27,15,5,Area-44,3
2024-01-27,15,5,Area-46,1
2024-01-27,15,5,Area-48,1
2024-01-27,15,5,Area-49,3
2024-01-27,15,5,Area-5,3
2024-01-27,15,5,Area-50,1
2024-01-27,15,5,Area-8,2
2024-01-27,15,5,Area-9,1
2024-01-27,16,5,Area-10,1
2024-01-27,16,5,Area-11,3
2024-01-27,16,5,Area-12,1
2024-01-27,16,5,Area-13,1
2024-01-27,16,5,Area-14,1
2024-01-27,16,5,Area-15,2
2024-01-27,16,5,Area-16,1
2024-01-27,16,5,Area-17,2
2024-01-27,16,5,Area-18,3
2024-01-27,16,5,Area-2,1
2024-01-27,16,5,Area-20,1
2024-01-27,16,5,Area-21,1
2024-01-27,16,5,Area-22,2
2024-01-27,16,5,Area-24,2
2024-01-27,16,5,Area-25,1
2024-01-27,16,5,Area-26,3
2024-01-27,16,5,Area-27,1
2024-01-27,16,5,Area-3,1
2024-01-27,16,5,Area-30,3
2024-01-27,16,5,Area-31,1
2024-01-27,16,5,Area-32,4
2024-01-27,16,5,Area-33,2
2024-01-27,16,5,Area-34,1
2024-01-27,16,5,Area-35,3
2024-01-27,16,5,Area-38,1
2024-01-27,16,5,Area-4,1
2024-01-27,16,5,Area-41,3
2024-01-27,16,5,Area-42,1
2024-01-27,16,5,Area-43,1
2024-01-27,16,5,Area-44,3
2024-01-27,16,5,Area-47,1
2024-01-27,16,5,Area-48,1
2024-01-27,16,5,Area-49,3
2024-01-27,16,5,Area-5,2
2024-01-27,16,5,Area-50,1
2024-01-27,16,5,Area-6,2
2024-01-27,16,5,Area-8,2
2024-01-27,16,5,Area-9,2
2024-01-27,17,5,Area-1,1
2024-01-27,17,5,Area-13,3
2024-01-27,17,5,Area-14,2
2024-01-27,17,5,Area-15,1
2024-01-27,17,5,Area-16,3
2024-01-27,17,5,Area-17,2
2024-01-27,17,5,Area-18,2
2024-01-27,17,5,Area-19,1
2024-01-27,17,5,Area-20,3
2024-01-27,17,5,Area-21,2
2024-01-27,17,5,Area-23,1
2024-01-27,17,5,Area-24,1
2024-01-27,17,5,Area-25,2
2024-01-27,17,5,Area-26,1
2024-01-27,17,5,Area-29,1
2024-01-27,17,5,Area-3,1
2024-01-27,17,5,Area-30,1
2024-01-27,17,5,Area-31,2
2024-01-27,17,5,Area-32,1
2024-01-27,17,5,Area-33,1
2024-01-27,17,5,Area-34,1
2024-01-27,17,5,Area-36,1
2024-01-27,17,5,Area-37,1
2024-01-27,17,5,Area-38,2
2024-01-27,17,5,Area-39,2
2024-01-27,17,5,Area-4,1
2024-01-27,17,5,Area-40,3
2024-01-27,17,5,Area-41,2
2024-01-27,17,5,Area-42,3
2024-01-27,17,5,Area-43,2
2024-01-27,17,5,Area-44,1
2024-01-27,17,5,Area-46,4
2024-01-27,17,5,Area-47,1
2024-01-27,17,5,Area-48,2
2024-01-27,17,5,Area-49,1
2024-01-27,17,5,Area-5,3
2024-01-27,17,5,Area-50,2
2024-01-27,17,5,Area-6,1
2024-01-27,17,5,Area-7,2
2024-01-27,17,5,Area-8,2
2024-01-27,17,5,Area-9,2
2024-01-27,18,5,Area-1,4
2024-01-27,18,5,Area-10,2
2024-01-27,18,5,Area-11,1
2024-01-27,18,5,Area-12,1
2024-01-27,18,5,Area-14,1
2024-01-27,18,5,Area-15,1
2024-01-27,18,5,Area-16,3
2024-01-27,18,5,Area-17,1
2024-01-27,18,5,Area-19,1
2024-01-27,18,5,Area-2,1
2024-01-27,18,5,Area-20,1
2024-01-27,18,5,Area-21,1
2024-01-27,18,5,Area-22,1
2024-01-27,18,5,Area-23,2
2024-01-27,18,5,Area-24,3
2024-01-27,18,5,Area-25,2
2024-01-27,18,5,Area-26,1
2024-01-27,18,5,Area-27,1
2024-01-27,18,5,Area-28,1
2024-01-27,18,5,Area-29,1
2024-01-27,18,5,Area-3,1
2024-01-27,18,5,Area-32,1
2024-01-27,18,5,Area-33,1
2024-01-27,18,5,Area-34,1
2024-01-27,18,5,Area-36,2
2024-01-27,18,5,Area-37,1
2024-01-27,18,5,Area-38,1
2024-01-27,18,5,Area-39,3
2024-01-27,18,5,Area-40,1
2024-01-27,18,5,Area-41,3
2024-01-27,18,5,Area-42,1
2024-01-27,18,5,Area-43,2
2024-01-27,18,5,Area-44,2
2024-01-27,18,5,Area-46,1
2024-01-27,18,5,Area-47,1
2024-01-27,18,5,Area-49,2
2024-01-27,18,5,Area-5,2
2024-01-27,18,5,Area-50,1
2024-01-27,18,5,Area-8,1
2024-01-27,18,5,Area-9,1
2024-01-27,19,5,Area-1,1
2024-01-27,19,5,Area-10,3
2024-01-27,19,5,Area-11,1
2024-01-27,19,5,Area-12,1
2024-01-27,19,5,Area-13,1
2024-01-27,19,5,Area-14,4
2024-01-27,19,5,Area-15,2
2024-01-27,19,5,Area-16,1
2024-01-27,19,5,Area-17,2
2024-01-27,19,5,Area-18,1
2024-01-27,19,5,Area-19,2
2024-01-27,19,5,Area-20,4
2024-01-27,19,5,Area-21,1
2024-01-27,19,5,Area-23,2
2024-01-27,19,5,Area-24,2
2024-01-27,19,5,Area-26,4
2024-01-27,19,5,Area-27,1
2024-01-27,19,5,Area-28,2
2024-01-27,19,5,Area-29,1
2024-01-27,19,5,Area-3,3
2024-01-27,19,5,Area-30,1
2024-01-27,19,5,Area-31,1
2024-01-27,19,5,Area-33,2
2024-01-27,19,5,Area-34,4
2024-01-27,19,5,Area-35,2
2024-01-27,19,5,Area-36,3
2024-01-27,19,5,Area-37,1
2024-01-27,19,5,Area-38,2
2024-01-27,19,5,Area-39,2
2024-01-27,19,5,Area-4,2
2024-01-27,19,5,Area-41,1
2024-01-27,19,5,Area-43,2
2024-01-27,19,5,Area-45,1
2024-01-27,19,5,Area-46,2
2024-01-27,19,5,Area-47,1
2024-01-27,19,5,Area-5,2
2024-01-27,19,5,Area-50,1
2024-01-27,19,5,Area-6,1
2024-01-27,19,5,Area-8,1
2024-01-27,19,5,Area-9,1
2024-01-27,20,5,Area-1,1
2024-01-27,20,5,Area-10,1
2024-01-27,20,5,Area-11,3
2024-01-27,20,5,Area-12,2
2024-01-27,20,5,Area-13,1
2024-01-27,20,5,Area-14,1
2024-01-27,20,5,Area-15,1
2024-01-27,20,5,Area-16,1
2024-01-27,20,5,Area-17,2
2024-01-27,20,5,Area-2,2
2024-01-27,20,5,Area-20,2
2024-01-27,20,5,Area-22,2
2024-01-27,20,5,Area-24,1
2024-01-27,20,5,Area-26,1
2024-01-27,20,5,Area-28,1
2024-01-27,20,5,Area-29,2
2024-01-27,20,5,Area-3,2
2024-01-27,20,5,Area-30,2
2024-01-27,20,5,Area-31,3
2024-01-27,20,5,Area-33,2
2024-01-27,20,5,Area-35,1
2024-01-27,20,5,Area-36,1
2024-01-27,20,5,Area-37,6
2024-01-27,20,5,Area-38,1
2024-01-27,20,5,Area-4,2
2024-01-27,20,5,Area-40,2
2024-01-27,20,5,Area-41,3
2024-01-27,20,5,Area-42,2
2024-01-27,20,5,Area-43,1
2024-01-27,20,5,Area-46,1
2024-01-27,20,5,Area-47,4
2024-01-27,20,5,Area-49,5
2024-01-27,20,5,Area-5,1
2024-01-27,20,5,Area-50,1
2024-01-27,20,5,Area-6,4
2024-01-27,20,5,Area-7,1
2024-01-27,20,5,Area-8,1
2024-01-27,20,5,Area-9,1
2024-01-27,21,5,Area-1,2
2024-01-27,21,5,Area-10,1
2024-01-27,21,5,Area-11,2
2024-01-27,21,5,Area-12,2
2024-01-27,21,5,Area-16,3
2024-01-27,21,5,Area-17,1
2024-01-27,21,5,Area-19,1
2024-01-27,21,5,Area-20,1
2024-01-27,21,5,Area-21,2
2024-01-27,21,5,Area-22,2
2024-01-27,21,5,Area-24,2
2024-01-27,21,5,Area-25,1
2024-01-27,21,5,Area-27,1
2024-01-27,21,5,Area-28,1
2024-01-27,21,5,Area-29,2
2024-01-27,21,5,Area-30,3
2024-01-27,21,5,Area-32,2
2024-01-27,21,5,Area-35,1
2024-01-27,21,5,Area-36,2
2024-01-27,21,5,Area-38,2
2024-01-27,21,5,Area-39,1
2024-01-27,21,5,Area-41,1
2024-01-27,21,5,Area-42,1
2024-01-27,21,5,Area-43,1
2024-01-27,21,5,Area-44,1
2024-01-27,21,5,Area-45,2
2024-01-27,21,5,Area-46,1
2024-01-27,21,5,Area-48,2
2024-01-27,21,5,Area-49,1
2024-01-27,21,5,Area-5,1
2024-01-27,21,5,Area-50,2
2024-01-27,21,5,Area-7,2
2024-01-27,21,5,Area-8,2
2024-01-27,21,5,Area-9,1
2024-01-27,22,5,Area-1,2
2024-01-27,22,5,Area-10,2
2024-01-27,22,5,Area-11,1
2024-01-27,22,5,Area-12,2
2024-01-27,22,5,Area-13,1
2024-01-27,22,5,Area-14,2
2024-01-27,22,5,Area-15,1
2024-01-27,22,5,Area-16,2
2024-01-27,22,5,Area-17,1
2024-01-27,22,5,Area-18,1
2024-01-27,22,5,Area-19,2
2024-01-27,22,5,Area-2,1
2024-01-27,22,5,Area-20,1
2024-01-27,22,5,Area-21,2
2024-01-27,22,5,Area-22,1
2024-01-27,22,5,Area-24,1
2024-01-27,22,5,Area-25,4
2024-01-27,22,5,Area-26,3
2024-01-27,22,5,Area-27,3
2024-01-27,22,5,Area-28,2
2024-01-27,22,5,Area-3,1
2024-01-27,22,5,Area-30,3
2024-01-27,22,5,Area-31,1
2024-01-27,22,5,Area-32,2
2024-01-27,22,5,Area-33,1
2024-01-27,22,5,Area-34,3
2024-01-27,22,5,Area-36,3
2024-01-27,22,5,Area-38,1
2024-01-27,22,5,Area-39,3
2024-01-27,22,5,Area-4,1
2024-01-27,22,5,Area-40,3
2024-01-27,22,5,Area-42,4
2024-01-27,22,5,Area-43,1
2024-01-27,22,5,Area-44,1
2024-01-27,22,5,Area-45,1
2024-01-27,22,5,Area-46,1
2024-01-27,22,5,Area-47,1
2024-01-27,22,5,Area-48,1
2024-01-27,22,5,Area-49,2
2024-01-27,22,5,Area-5,2
2024-01-27,22,5,Area-50,1
2024-01-27,22,5,Area-6,1
2024-01-27,22,5,Area-7,2
2024-01-27,22,5,Area-8,2
2024-01-27,23,5,Area-12,1
2024-01-27,23,5,Area-13,4
2024-01-27,23,5,Area-14,1
2024-01-27,23,5,Area-15,1
2024-01-27,23,5,Area-16,1
2024-01-27,23,5,Area-17,1
2024-01-27,23,5,Area-19,1
2024-01-27,23,5,Area-20,1
2024-01-27,23,5,Area-21,3
2024-01-27,23,5,Area-22,1
2024-01-27,23,5,Area-23,1
2024-01-27,23,5,Area-24,2
2024-01-27,23,5,Area-25,2
2024-01-27,23,5,Area-28,3
2024-01-27,23,5,Area-29,2
2024-01-27,23,5,Area-3,1
2024-01-27,23,5,Area-32,1
2024-01-27,23,5,Area-33,1
2024-01-27,23,5,Area-34,1
2024-01-27,23,5,Area-35,1
2024-01-27,23,5,Area-37,2
2024-01-27,23,5,Area-39,3
2024-01-27,23,5,Area-4,1
2024-01-27,23,5,Area-40,1
2024-01-27,23,5,Area-41,6
2024-01-27,23,5,Area-43,3
2024-01-27,23,5,Area-44,1
2024-01-27,23,5,Area-46,1
2024-01-27,23,5,Area-47,1
2024-01-27,23,5,Area-48,2
2024-01-27,23,5,Area-49,4
2024-01-27,23,5,Area-6,1
2024-01-27,23,5,Area-7,2
2024-01-28,0,6,Area-1,2
2024-01-28,0,6,Area-10,1
2024-01-28,0,6,Area-11,2
2024-01-28,0,6,Area-12,1
2024-01-28,0,6,Area-13,3
2024-01-28,0,6,Area-15,1
2024-01-28,0,6,Area-16,1
2024-01-28,0,6,Area-17,1
2024-01-28,0,6,Area-18,3
2024-01-28,0,6,Area-19,3
2024-01-28,0,6,Area-2,2
2024-01-28,0,6,Area-20,1
2024-01-28,0,6,Area-21,3
2024-01-28,0,6,Area-23,2
2024-01-28,0,6,Area-24,1
2024-01-28,0,6,Area-25,2
2024-01-28,0,6,Area-27,1
2024-01-28,0,6,Area-28,2
2024-01-28,0,6,Area-29,3
2024-01-28,0,6,Area-3,1
2024-01-28,0,6,Area-30,1
2024-01-28,0,6,Area-31,3
2024-01-28,0,6,Area-32,1
2024-01-28,0,6,Area-33,2
2024-01-28,0,6,Area-34,1
2024-01-28,0,6,Area-35,1
2024-01-28,0,6,Area-37,1
2024-01-28,0,6,Area-38,1
2024-01-28,0,6,Area-39,1
2024-01-28,0,6,Area-4,1
2024-01-28,0,6,Area-41,3
2024-01-28,0,6,Area-42,4
2024-01-28,0,6,Area-43,1
2024-01-28,0,6,Area-44,3
2024-01-28,0,6,Area-45,4
2024-01-28,0,6,Area-46,2
2024-01-28,0,6,Area-47,1
2024-01-28,0,6,Area-48,1
2024-01-28,0,6,Area-49,1
2024-01-28,0,6,Area-5,1
2024-01-28,0,6,Area-6,1
2024-01-28,0,6,Area-7,1
2024-01-28,1,6,Area-11,2
2024-01-28,1,6,Area-12,1
2024-01-28,1,6,Area-13,1
2024-01-28,1,6,Area-14,3
2024-01-28,1,6,Area-15,3
2024-01-28,1,6,Area-16,3
2024-01-28,1,6,Area-17,2
2024-01-28,1,6,Area-2,2
2024-01-28,1,6,Area-20,1
2024-01-28,1,6,Area-22,2
2024-01-28,1,6,Area-23,3
2024-01-28,1,6,Area-24,3
2024-01-28,1,6,Area-25,2
2024-01-28,1,6,Area-27,2
2024-01-28,1,6,Area-28,3
2024-01-28,1,6,Area-29,1
2024-01-28,1,6,Area-3,2
2024-01-28,1,6,Area-30,3
2024-01-28,1,6,Area-31,2
2024-01-28,1,6,Area-33,1
2024-01-28,1,6,Area-34,1
2024-01-28,1,6,Area-35,2
2024-01-28,1,6,Area-36,1
2024-01-28,1,6,Area-38,3
2024-01-28,1,6,Area-39,1
2024-01-28,1,6,Area-4,4
2024-01-28,1,6,Area-40,2
2024-01-28,1,6,Area-41,1
2024-01-28,1,6,Area-42,1
2024-01-28,1,6,Area-43,3
2024-01-28,1,6,Area-44,1
2024-01-28,1,6,Area-45,3
2024-01-28,1,6,Area-46,1
2024-01-28,1,6,Area-47,3
2024-01-28,1,6,Area-5,1
2024-01-28,1,6,Area-50,2
2024-01-28,1,6,Area-6,3
2024-01-28,1,6,Area-8,1
2024-01-28,2,6,Area-1,4
2024-01-28,2,6,Area-10,2
2024-01-28,2,6,Area-11,2
2024-01-28,2,6,Area-12,3
2024-01-28,2,6,Area-14,1
2024-01-28,2,6,Area-15,3
2024-01-28,2,6,Area-16,2
2024-01-28,2,6,Area-17,3
2024-01-28,2,6,Area-18,4
2024-01-28,2,6,Area-19,2
2024-01-28,2,6,Area-2,1
2024-01-28,2,6,Area-21,2
2024-01-28,2,6,Area-24,1
2024-01-28,2,6,Area-25,3
2024-01-28,2,6,Area-26,1
2024-01-28,2,6,Area-27,2
2024-01-28,2,6,Area-28,2
2024-01-28,2,6,Area-29,1
2024-01-28,2,6,Area-3,1
2024-01-28,2,6,Area-30,2
2024-01-28,2,6,Area-32,5
2024-01-28,2,6,Area-33,4
2024-01-28,2,6,Area-34,1
2024-01-28,2,6,Area-35,1
2024-01-28,2,6,Area-38,2
2024-01-28,2,6,Area-39,1
2024-01-28,2,6,Area-4,2
2024-01-28,2,6,Area-40,3
2024-01-28,2,6,Area-41,1
2024-01-28,2,6,Area-42,3
2024-01-28,2,6,Area-43,1
2024-01-28,2,6,Area-44,1
2024-01-28,2,6,Area-45,1
2024-01-28,2,6,Area-48,2
2024-01-28,2,6,Area-5,2
2024-01-28,2,6,Area-6,4
2024-01-28,2,6,Area-8,2
2024-01-28,2,6,Area-9,3
2024-01-28,3,6,Area-12,3
2024-01-28,3,6,Area-13,2
2024-01-28,3,6,Area-15,2
2024-01-28,3,6,Area-16,2
2024-01-28,3,6,Area-18,2
2024-01-28,3,6,Area-19,2
2024-01-28,3,6,Area-2,1
2024-01-28,3,6,Area-21,1
2024-01-28,3,6,Area-22,2
2024-01-28,3,6,Area-27,1
2024-01-28,3,6,Area-28,1
2024-01-28,3,6,Area-29,3
2024-01-28,3,6,Area-3,2
2024-01-28,3,6,Area-30,2
2024-01-28,3,6,Area-31,1
2024-01-28,3,6,Area-32,2
2024-01-28,3,6,Area-33,4
2024-01-28,3,6,Area-34,4
2024-01-28,3,6,Area-35,1
2024-01-28,3,6,Area-36,1
2024-01-28,3,6,Area-38,2
2024-01-28,3,6,Area-39,2
2024-01-28,3,6,Area-4,2
2024-01-28,3,6,Area-40,1
2024-01-28,3,6,Area-41,1
2024-01-28,3,6,Area-42,2
2024-01-28,3,6,Area-43,1
2024-01-28,3,6,Area-45,3
2024-01-28,3,6,Area-46,1
2024-01-28,3,6,Area-48,2
2024-01-28,3,6,Area-49,3
2024-01-28,3,6,Area-5,1
2024-01-28,3,6,Area-6,2
2024-01-28,3,6,Area-7,1
2024-01-28,3,6,Area-8,1
2024-01-28,3,6,Area-9,1
2024-01-28,4,6,Area-1,1
2024-01-28,4,6,Area-10,1
2024-01-28,4,6,Area-12,1
2024-01-28,4,6,Area-13,2
2024-01-28,4,6,Area-14,1
2024-01-28,4,6,Area-16,1
2024-01-28,4,6,Area-17,1
2024-01-28,4,6,Area-18,1
2024-01-28,4,6,Area-20,1
2024-01-28,4,6,Area-21,1
2024-01-28,4,6,Area-22,3
2024-01-28,4,6,Area-23,1
2024-01-28,4,6,Area-24,2
2024-01-28,4,6,Area-25,2
2024-01-28,4,6,Area-26,3
2024-01-28,4,6,Area-27,3
2024-01-28,4,6,Area-28,1
2024-01-28,4,6,Area-29,2
2024-01-28,4,6,Area-3,1
2024-01-28,4,6,Area-30,1
2024-01-28,4,6,Area-32,4
2024-01-28,4,6,Area-33,2
2024-01-28,4,6,Area-34,2
2024-01-28,4,6,Area-35,2
2024-01-28,4,6,Area-37,1
2024-01-28,4,6,Area-38,1
2024-01-28,4,6,Area-4,1
2024-01-28,4,6,Area-41,1
2024-01-28,4,6,Area-42,1
2024-01-28,4,6,Area-43,2
2024-01-28,4,6,Area-44,2
2024-01-28,4,6,Area-46,1
2024-01-28,4,6,Area-48,2
2024-01-28,4,6,Area-49,3
2024-01-28,4,6,Area-50,3
2024-01-28,4,6,Area-7,2
2024-01-28,4,6,Area-8,1
2024-01-28,4,6,Area-9,1
2024-01-28,5,6,Area-1,1
2024-01-28,5,6,Area-11,5
2024-01-28,5,6,Area-13,2
2024-01-28,5,6,Area-15,1
2024-01-28,5,6,Area-16,3
2024-01-28,5,6,Area-17,1
2024-01-28,5,6,Area-19,2
2024-01-28,5,6,Area-2,3
2024-01-28,5,6,Area-20,3
2024-01-28,5,6,Area-21,2
2024-01-28,5,6,Area-22,2
2024-01-28,5,6,Area-24,1
2024-01-28,5,6,Area-25,1
2024-01-28,5,6,Area-29,3
2024-01-28,5,6,Area-30,1
2024-01-28,5,6,Area-31,2
2024-01-28,5,6,Area-32,1
2024-01-28,5,6,Area-33,1
2024-01-28,5,6,Area-35,3
2024-01-28,5,6,Area-37,1
2024-01-28,5,6,Area-38,1
2024-01-28,5,6,Area-39,3
2024-01-28,5,6,Area-4,2
2024-01-28,5,6,Area-40,1
2024-01-28,5,6,Area-41,1
2024-01-28,5,6,Area-42,1
2024-01-28,5,6,Area-43,1
2024-01-28,5,6,Area-44,3
2024-01-28,5,6,Area-47,2
2024-01-28,5,6,Area-48,3
2024-01-28,5,6,Area-49,1
2024-01-28,5,6,Area-50,2
2024-01-28,5,6,Area-6,1
2024-01-28,5,6,Area-7,3
2024-01-28,5,6,Area-9,2
2024-01-28,6,6,Area-1,2
2024-01-28,6,6,Area-10,2
2024-01-28,6,6,Area-11,1
2024-01-28,6,6,Area-12,2
2024-01-28,6,6,Area-13,1
2024-01-28,6,6,Area-14,4
2024-01-28,6,6,Area-16,2
2024-01-28,6,6,Area-17,4
2024-01-28,6,6,Area-18,5
2024-01-28,6,6,Area-19,2
2024-01-28,6,6,Area-20,3
2024-01-28,6,6,Area-21,1
2024-01-28,6,6,Area-22,2
2024-01-28,6,6,Area-23,1
2024-01-28,6,6,Area-24,1
2024-01-28,6,6,Area-25,1
2024-01-28,6,6,Area-26,2
2024-01-28,6,6,Area-27,1
2024-01-28,6,6,Area-3,2
2024-01-28,6,6,Area-30,2
2024-01-28,6,6,Area-31,2
2024-01-28,6,6,Area-32,2
2024-01-28,6,6,Area-33,2
2024-01-28,6,6,Area-34,3
2024-01-28,6,6,Area-35,1
2024-01-28,6,6,Area-37,3
2024-01-28,6,6,Area-38,1
2024-01-28,6,6,Area-4,1
2024-01-28,6,6,Area-40,3
2024-01-28,6,6,Area-41,2
2024-01-28,6,6,Area-42,1
2024-01-28,6,6,Area-43,2
2024-01-28,6,6,Area-44,1
2024-01-28,6,6,Area-45,1
2024-01-28,6,6,Area-46,2
2024-01-28,6,6,Area-48,1
2024-01-28,6,6,Area-49,1
2024-01-28,6,6,Area-5,1
2024-01-28,6,6,Area-50,2
2024-01-28,6,6,Area-6,3
2024-01-28,6,6,Area-8,1
2024-01-28,6,6,Area-9,3
2024-01-28,7,6,Area-1,3
2024-01-28,7,6,Area-11,1
2024-01-28,7,6,Area-12,2
2024-01-28,7,6,Area-14,1
2024-01-28,7,6,Area-15,1
2024-01-28,7,6,Area-16,2
2024-01-28,7,6,Area-17,2
2024-01-28,7,6,Area-18,1
2024-01-28,7,6,Area-19,1
2024-01-28,7,6,Area-2,1
2024-01-28,7,6,Area-20,1
2024-01-28,7,6,Area-21,1
2024-01-28,7,6,Area-22,3
2024-01-28,7,6,Area-25,1
2024-01-28,7,6,Area-26,1
2024-01-28,7,6,Area-29,2
2024-01-28,7,6,Area-3,1
2024-01-28,7,6,Area-36,3
2024-01-28,7,6,Area-38,1
2024-01-28,7,6,Area-39,2
2024-01-28,7,6,Area-4,1
2024-01-28,7,6,Area-40,3
2024-01-28,7,6,Area-41,1
2024-01-28,7,6,Area-43,1
2024-01-28,7,6,Area-44,1
2024-01-28,7,6,Area-45,5
2024-01-28,7,6,Area-47,4
2024-01-28,7,6,Area-48,1
2024-01-28,7,6,Area-49,2
2024-01-28,7,6,Area-5,2
2024-01-28,7,6,Area-50,3
2024-01-28,7,6,Area-6,1
2024-01-28,7,6,Area-7,2
2024-01-28,8,6,Area-1,1
2024-01-28,8,6,Area-10,2
2024-01-28,8,6,Area-11,1
2024-01-28,8,6,Area-12,4
2024-01-28,8,6,Area-13,1
2024-01-28,8,6,Area-14,1
2024-01-28,8,6,Area-15,1
2024-01-28,8,6,Area-16,2
2024-01-28,8,6,Area-17,1
2024-01-28,8,6,Area-18,3
2024-01-28,8,6,Area-2,3
2024-01-28,8,6,Area-21,1
2024-01-28,8,6,Area-22,2
2024-01-28,8,6,Area-23,1
2024-01-28,8,6,Area-24,3
2024-01-28,8,6,Area-27,2
2024-01-28,8,6,Area-28,2
2024-01-28,8,6,Area-29,3
2024-01-28,8,6,Area-3,1
2024-01-28,8,6,Area-30,3
2024-01-28,8,6,Area-31,1
2024-01-28,8,6,Area-32,4
2024-01-28,8,6,Area-33,1
2024-01-28,8,6,Area-34,2
2024-01-28,8,6,Area-35,2
2024-01-28,8,6,Area-4,3
2024-01-28,8,6,Area-40,1
2024-01-28,8,6,Area-41,2
2024-01-28,8,6,Area-42,1
2024-01-28,8,6,Area-43,1
2024-01-28,8,6,Area-44,2
2024-01-28,8,6,Area-45,3
2024-01-28,8,6,Area-46,2
2024-01-28,8,6,Area-47,1
2024-01-28,8,6,Area-48,1
2024-01-28,8,6,Area-49,2
2024-01-28,8,6,Area-50,1
2024-01-28,8,6,Area-6,2
2024-01-28,8,6,Area-7,1
2024-01-28,8,6,Area-8,3
2024-01-28,8,6,Area-9,4
2024-01-28,9,6,Area-1,2
2024-01-28,9,6,Area-10,1
2024-01-28,9,6,Area-11,3
2024-01-28,9,6,Area-12,3
2024-01-28,9,6,Area-14,2
2024-01-28,9,6,Area-15,2
2024-01-28,9,6,Area-17,1
2024-01-28,9,6,Area-18,1
2024-01-28,9,6,Area-19,1
2024-01-28,9,6,Area-2,2
2024-01-28,9,6,Area-20,1
2024-01-28,9,6,Area-23,1
2024-01-28,9,6,Area-24,2
2024-01-28,9,6,Area-25,1
2024-01-28,9,6,Area-26,1
2024-01-28,9,6,Area-28,3
2024-01-28,9,6,Area-3,1
2024-01-28,9,6,Area-30,1
2024-01-28,9,6,Area-31,2
2024-01-28,9,6,Area-32,1
2024-01-28,9,6,Area-33,2
2024-01-28,9,6,Area-35,2
2024-01-28,9,6,Area-37,2
2024-01-28,9,6,Area-4,1
2024-01-28,9,6,Area-40,1
2024-01-28,9,6,Area-41,2
2024-01-28,9,6,Area-42,2
2024-01-28,9,6,Area-43,1
2024-01-28,9,6,Area-44,3
2024-01-28,9,6,Area-45,1
2024-01-28,9,6,Area-47,1
2024-01-28,9,6,Area-48,1
2024-01-28,9,6,Area-49,1
2024-01-28,9,6,Area-5,3
2024-01-28,9,6,Area-50,2
2024-01-28,9,6,Area-7,1
2024-01-28,9,6,Area-9,2
2024-01-28,10,6,Area-10,2
2024-01-28,10,6,Area-11,2
2024-01-28,10,6,Area-13,1
2024-01-28,10,6,Area-15,1
2024-01-28,10,6,Area-16,1
2024-01-28,10,6,Area-17,3
2024-01-28,10,6,Area-18,3
2024-01-28,10,6,Area-19,2
2024-01-28,10,6,Area-21,2
2024-01-28,10,6,Area-23,1
2024-01-28,10,6,Area-24,4
2024-01-28,10,6,Area-25,1
2024-01-28,10,6,Area-26,1
2024-01-28,10,6,Area-28,1
2024-01-28,10,6,Area-29,2
2024-01-28,10,6,Area-3,1
2024-01-28,10,6,Area-30,2
2024-01-28,10,6,Area-33,1
2024-01-28,10,6,Area-34,1
2024-01-28,10,6,Area-35,1
2024-01-28,10,6,Area-38,3
2024-01-28,10,6,Area-4,2
2024-01-28,10,6,Area-40,1
2024-01-28,10,6,Area-41,2
2024-01-28,10,6,Area-42,4
2024-01-28,10,6,Area-43,1
2024-01-28,10,6,Area-44,2
2024-01-28,10,6,Area-45,1
2024-01-28,10,6,Area-46,1
2024-01-28,10,6,Area-47,3
2024-01-28,10,6,Area-48,2
2024-01-28,10,6,Area-49,2
2024-01-28,10,6,Area-5,2
2024-01-28,10,6,Area-50,1
2024-01-28,10,6,Area-7,2
2024-01-28,10,6,Area-8,1
2024-01-28,10,6,Area-9,1
2024-01-28,11,6,Area-1,2
2024-01-28,11,6,Area-10,1
2024-01-28,11,6,Area-12,1
2024-01-28,11,6,Area-13,2
2024-01-28,11,6,Area-14,1
2024-01-28,11,6,Area-15,2
2024-01-28,11,6,Area-16,2
2024-01-28,11,6,Area-17,2
2024-01-28,11,6,Area-18,1
2024-01-28,11,6,Area-19,1
2024-01-28,11,6,Area-2,1
2024-01-28,11,6,Area-20,1
2024-01-28,11,6,Area-21,1
2024-01-28,11,6,Area-22,2
2024-01-28,11,6,Area-23,2
2024-01-28,11,6,Area-25,2
2024-01-28,11,6,Area-26,3
2024-01-28,11,6,Area-28,3
2024-01-28,11,6,Area-29,1
2024-01-28,11,6,Area-3,3
2024-01-28,11,6,Area-30,1
2024-01-28,11,6,Area-31,1
2024-01-28,11,6,Area-32,3
2024-01-28,11,6,Area-33,1
2024-01-28,11,6,Area-34,2
2024-01-28,11,6,Area-36,1
2024-01-28,11,6,Area-38,1
2024-01-28,11,6,Area-39,3
2024-01-28,11,6,Area-4,2
2024-01-28,11,6,Area-40,3
2024-01-28,11,6,Area-41,1
2024-01-28,11,6,Area-43,1
2024-01-28,11,6,Area-44,2
2024-01-28,11,6,Area-45,1
2024-01-28,11,6,Area-46,2
2024-01-28,11,6,Area-47,2
2024-01-28,11,6,Area-48,1
2024-01-28,11,6,Area-49,1
2024-01-28,11,6,Area-50,3
2024-01-28,11,6,Area-6,4
2024-01-28,11,6,Area-9,1
2024-01-28,12,6,Area-1,1
2024-01-28,12,6,Area-11,1
2024-01-28,12,6,Area-12,1
2024-01-28,12,6,Area-13,2
2024-01-28,12,6,Area-14,1
2024-01-28,12,6,Area-15,2
2024-01-28,12,6,Area-16,2
2024-01-28,12,6,Area-18,1
2024-01-28,12,6,Area-2,3
2024-01-28,12,6,Area-20,3
2024-01-28,12,6,Area-21,2
2024-01-28,12,6,Area-22,2
2024-01-28,12,6,Area-23,1
2024-01-28,12,6,Area-27,2
2024-01-28,12,6,Area-29,3
2024-01-28,12,6,Area-3,4
2024-01-28,12,6,Area-30,2
2024-01-28,12,6,Area-33,1
2024-01-28,12,6,Area-34,1
2024-01-28,12,6,Area-35,2
2024-01-28,12,6,Area-36,2
2024-01-28,12,6,Area-38,2
2024-01-28,12,6,Area-42,2
2024-01-28,12,6,Area-43,1
2024-01-28,12,6,Area-44,2
2024-01-28,12,6,Area-45,3
2024-01-28,12,6,Area-46,1
2024-01-28,12,6,Area-49,2
2024-01-28,12,6,Area-5,1
2024-01-28,12,6,Area-50,2
2024-01-28,12,6,Area-6,6
2024-01-28,12,6,Area-8,1
2024-01-28,13,6,Area-1,2
2024-01-28,13,6,Area-10,1
2024-01-28,13,6,Area-11,1
2024-01-28,13,6,Area-12,1
2024-01-28,13,6,Area-13,1
2024-01-28,13,6,Area-15,2
2024-01-28,13,6,Area-16,1
2024-01-28,13,6,Area-19,1
2024-01-28,13,6,Area-2,1
2024-01-28,13,6,Area-20,1
2024-01-28,13,6,Area-21,1
2024-01-28,13,6,Area-22,1
2024-01-28,13,6,Area-23,1
2024-01-28,13,6,Area-25,1
2024-01-28,13,6,Area-27,1
2024-01-28,13,6,Area-28,3
2024-01-28,13,6,Area-29,1
2024-01-28,13,6,Area-3,2
2024-01-28,13,6,Area-30,2
2024-01-28,13,6,Area-31,2
2024-01-28,13,6,Area-32,2
2024-01-28,13,6,Area-33,1
2024-01-28,13,6,Area-34,3
2024-01-28,13,6,Area-36,3
2024-01-28,13,6,Area-38,1
2024-01-28,13,6,Area-4,3
2024-01-28,13,6,Area-40,1
2024-01-28,13,6,Area-41,2
2024-01-28,13,6,Area-42,2
2024-01-28,13,6,Area-44,1
2024-01-28,13,6,Area-45,2
2024-01-28,13,6,Area-46,2
2024-01-28,13,6,Area-47,1
2024-01-28,13,6,Area-48,3
2024-01-28,13,6,Area-5,2
2024-01-28,13,6,Area-50,2
2024-01-28,13,6,Area-6,1
2024-01-28,13,6,Area-7,2
2024-01-28,13,6,Area-8,1
2024-01-28,14,6,Area-1,1
2024-01-28,14,6,Area-12,1
2024-01-28,14,6,Area-13,1
2024-01-28,14,6,Area-14,3
2024-01-28,14,6,Area-16,4
2024-01-28,14,6,Area-17,1
2024-01-28,14,6,Area-18,1
2024-01-28,14,6,Area-19,3
2024-01-28,14,6,Area-21,1
2024-01-28,14,6,Area-22,3
2024-01-28,14,6,Area-24,2
2024-01-28,14,6,Area-25,4
2024-01-28,14,6,Area-26,3
2024-01-28,14,6,Area-28,2
2024-01-28,14,6,Area-29,4
2024-01-28,14,6,Area-3,2
2024-01-28,14,6,Area-32,2
2024-01-28,14,6,Area-33,2
2024-01-28,14,6,Area-35,3
2024-01-28,14,6,Area-36,2
2024-01-28,14,6,Area-37,4
2024-01-28,14,6,Area-38,2
2024-01-28,14,6,Area-39,1
2024-01-28,14,6,Area-4,3
2024-01-28,14,6,Area-40,2
2024-01-28,14,6,Area-41,1
2024-01-28,14,6,Area-42,1
2024-01-28,14,6,Area-43,4
2024-01-28,14,6,Area-45,1
2024-01-28,14,6,Area-46,4
2024-01-28,14,6,Area-47,4
2024-01-28,14,6,Area-49,1
2024-01-28,14,6,Area-50,2
2024-01-28,14,6,Area-6,2
2024-01-28,14,6,Area-7,2
2024-01-28,14,6,Area-8,5
2024-01-28,15,6,Area-1,3
2024-01-28,15,6,Area-10,1
2024-01-28,15,6,Area-11,2
2024-01-28,15,6,Area-12,1
2024-01-28,15,6,Area-13,2
2024-01-28,15,6,Area-14,1
2024-01-28,15,6,Area-15,2
2024-01-28,15,6,Area-17,1
2024-01-28,15,6,Area-18,2
2024-01-28,15,6,Area-19,1
2024-01-28,15,6,Area-2,1
2024-01-28,15,6,Area-20,1
2024-01-28,15,6,Area-21,2
2024-01-28,15,6,Area-25,2
2024-01-28,15,6,Area-26,1
2024-01-28,15,6,Area-27,3
2024-01-28,15,6,Area-3,3
2024-01-28,15,6,Area-30,2
2024-01-28,15,6,Area-31,2
2024-01-28,15,6,Area-32,2
2024-01-28,15,6,Area-33,2
2024-01-28,15,6,Area-34,2
2024-01-28,15,6,Area-35,1
2024-01-28,15,6,Area-37,2
2024-01-28,15,6,Area-38,1
2024-01-28,15,6,Area-4,2
2024-01-28,15,6,Area-40,1
2024-01-28,15,6,Area-41,2
2024-01-28,15,6,Area-42,1
2024-01-28,15,6,Area-43,3
2024-01-28,15,6,Area-46,2
2024-01-28,15,6,Area-47,1
2024-01-28,15,6,Area-48,3
2024-01-28,15,6,Area-5,1
2024-01-28,15,6,Area-50,4
2024-01-28,15,6,Area-6,3
2024-01-28,15,6,Area-7,3
2024-01-28,15,6,Area-8,2
2024-01-28,15,6,Area-9,1
2024-01-28,16,6,Area-1,2
2024-01-28,16,6,Area-11,3
2024-01-28,16,6,Area-12,2
2024-01-28,16,6,Area-13,2
2024-01-28,16,6,Area-15,2
2024-01-28,16,6,Area-16,3
2024-01-28,16,6,Area-17,2
2024-01-28,16,6,Area-18,2
2024-01-28,16,6,Area-2,1
2024-01-28,16,6,Area-20,2
2024-01-28,16,6,Area-21,1
2024-01-28,16,6,Area-22,3
2024-01-28,16,6,Area-24,3
2024-01-28,16,6,Area-25,3
2024-01-28,16,6,Area-26,3
2024-01-28,16,6,Area-27,1
2024-01-28,16,6,Area-28,1
2024-01-28,16,6,Area-29,2
2024-01-28,16,6,Area-31,2
2024-01-28,16,6,Area-32,4
2024-01-28,16,6,Area-33,1
2024-01-28,16,6,Area-34,2
2024-01-28,16,6,Area-36,1
2024-01-28,16,6,Area-38,1
2024-01-28,16,6,Area-39,2
2024-01-28,16,6,Area-40,3
2024-01-28,16,6,Area-41,4
2024-01-28,16,6,Area-42,1
2024-01-28,16,6,Area-43,1
2024-01-28,16,6,Area-44,3
2024-01-28,16,6,Area-45,3
2024-01-28,16,6,Area-46,1
2024-01-28,16,6,Area-47,2
2024-01-28,16,6,Area-49,1
2024-01-28,16,6,Area-6,1
2024-01-28,16,6,Area-7,2
2024-01-28,16,6,Area-8,1
2024-01-28,17,6,Area-1,2
2024-01-28,17,6,Area-10,3
2024-01-28,17,6,Area-11,1
2024-01-28,17,6,Area-12,1
2024-01-28,17,6,Area-13,2
2024-01-28,17,6,Area-16,2
2024-01-28,17,6,Area-19,2
2024-01-28,17,6,Area-2,3
2024-01-28,17,6,Area-20,1
2024-01-28,17,6,Area-21,2
2024-01-28,17,6,Area-22,3
2024-01-28,17,6,Area-24,2
2024-01-28,17,6,Area-25,3
2024-01-28,17,6,Area-26,1
2024-01-28,17,6,Area-27,1
2024-01-28,17,6,Area-28,2
2024-01-28,17,6,Area-29,1
2024-01-28,17,6,Area-3,1
2024-01-28,17,6,Area-30,2
2024-01-28,17,6,Area-31,1
2024-01-28,17,6,Area-32,3
2024-01-28,17,6,Area-34,1
2024-01-28,17,6,Area-35,2
2024-01-28,17,6,Area-36,2
2024-01-28,17,6,Area-39,1
2024-01-28,17,6,Area-4,3
2024-01-28,17,6,Area-40,1
2024-01-28,17,6,Area-43,1
2024-01-28,17,6,Area-44,4
2024-01-28,17,6,Area-45,1
2024-01-28,17,6,Area-46,3
2024-01-28,17,6,Area-47,2
2024-01-28,17,6,Area-49,2
2024-01-28,17,6,Area-5,2
2024-01-28,17,6,Area-50,2
2024-01-28,17,6,Area-6,1
2024-01-28,17,6,Area-7,3
2024-01-28,17,6,Area-8,3
2024-01-28,17,6,Area-9,3
2024-01-28,18,6,Area-1,3
2024-01-28,18,6,Area-10,1
2024-01-28,18,6,Area-11,1
2024-01-28,18,6,Area-12,1
2024-01-28,18,6,Area-13,1
2024-01-28,18,6,Area-14,1
2024-01-28,18,6,Area-15,1
2024-01-28,18,6,Area-17,1
2024-01-28,18,6,Area-19,2
2024-01-28,18,6,Area-2,1
2024-01-28,18,6,Area-20,1
2024-01-28,18,6,Area-21,1
2024-01-28,18,6,Area-22,3
2024-01-28,18,6,Area-23,4
2024-01-28,18,6,Area-24,1
2024-01-28,18,6,Area-25,1
2024-01-28,18,6,Area-27,3
2024-01-28,18,6,Area-28,2
2024-01-28,18,6,Area-29,1
2024-01-28,18,6,Area-3,2
2024-01-28,18,6,Area-31,2
2024-01-28,18,6,Area-32,2
2024-01-28,18,6,Area-33,1
2024-01-28,18,6,Area-34,2
2024-01-28,18,6,Area-35,3
2024-01-28,18,6,Area-36,1
2024-01-28,18,6,Area-37,4
2024-01-28,18,6,Area-38,1
2024-01-28,18,6,Area-39,3
2024-01-28,18,6,Area-4,3
2024-01-28,18,6,Area-40,1
2024-01-28,18,6,Area-41,1
2024-01-28,18,6,Area-43,2
2024-01-28,18,6,Area-45,2
2024-01-28,18,6,Area-46,3
2024-01-28,18,6,Area-47,4
2024-01-28,18,6,Area-48,1
2024-01-28,18,6,Area-49,3
2024-01-28,18,6,Area-5,3
2024-01-28,18,6,Area-50,1
2024-01-28,18,6,Area-6,1
2024-01-28,19,6,Area-1,1
2024-01-28,19,6,Area-10,3
2024-01-28,19,6,Area-11,1
2024-01-28,19,6,Area-12,1
2024-01-28,19,6,Area-13,2
2024-01-28,19,6,Area-14,3
2024-01-28,19,6,Area-15,2
2024-01-28,19,6,Area-18,1
2024-01-28,19,6,Area-19,1
2024-01-28,19,6,Area-21,1
2024-01-28,19,6,Area-22,2
2024-01-28,19,6,Area-23,2
2024-01-28,19,6,Area-25,1
2024-01-28,19,6,Area-26,1
2024-01-28,19,6,Area-27,1
2024-01-28,19,6,Area-28,1
2024-01-28,19,6,Area-29,4
2024-01-28,19,6,Area-3,3
2024-01-28,19,6,Area-30,3
2024-01-28,19,6,Area-31,1
2024-01-28,19,6,Area-32,1
2024-01-28,19,6,Area-34,2
2024-01-28,19,6,Area-35,4
2024-01-28,19,6,Area-36,2
2024-01-28,19,6,Area-37,2
2024-01-28,19,6,Area-38,3
2024-01-28,19,6,Area-39,3
2024-01-28,19,6,Area-4,1
2024-01-28,19,6,Area-41,2
2024-01-28,19,6,Area-42,1
2024-01-28,19,6,Area-45,3
2024-01-28,19,6,Area-46,4
2024-01-28,19,6,Area-48,1
2024-01-28,19,6,Area-49,2
2024-01-28,19,6,Area-5,2
2024-01-28,19,6,Area-50,2
2024-01-28,19,6,Area-9,1
2024-01-28,20,6,Area-1,1
2024-01-28,20,6,Area-11,2
2024-01-28,20,6,Area-12,1
2024-01-28,20,6,Area-13,1
2024-01-28,20,6,Area-14,1
2024-01-28,20,6,Area-16,3
2024-01-28,20,6,Area-19,2
2024-01-28,20,6,Area-2,3
2024-01-28,20,6,Area-21,2
2024-01-28,20,6,Area-23,2
2024-01-28,20,6,Area-24,1
2024-01-28,20,6,Area-27,2
2024-01-28,20,6,Area-28,1
2024-01-28,20,6,Area-29,1
2024-01-28,20,6,Area-30,2
2024-01-28,20,6,Area-31,1
2024-01-28,20,6,Area-32,1
2024-01-28,20,6,Area-33,1
2024-01-28,20,6,Area-35,1
2024-01-28,20,6,Area-36,1
2024-01-28,20,6,Area-37,1
2024-01-28,20,6,Area-38,2
2024-01-28,20,6,Area-39,3
2024-01-28,20,6,Area-4,1
2024-01-28,20,6,Area-40,3
2024-01-28,20,6,Area-41,1
2024-01-28,20,6,Area-42,3
2024-01-28,20,6,Area-43,3
2024-01-28,20,6,Area-45,1
2024-01-28,20,6,Area-48,2
2024-01-28,20,6,Area-49,1
2024-01-28,20,6,Area-50,2
2024-01-28,20,6,Area-6,1
2024-01-28,20,6,Area-7,1
2024-01-28,20,6,Area-8,2
2024-01-28,20,6,Area-9,2
2024-01-28,21,6,Area-1,2
2024-01-28,21,6,Area-11,1
2024-01-28,21,6,Area-12,1
2024-01-28,21,6,Area-13,2
2024-01-28,21,6,Area-14,1
2024-01-28,21,6,Area-15,2
2024-01-28,21,6,Area-16,2
2024-01-28,21,6,Area-18,1
2024-01-28,21,6,Area-19,2
2024-01-28,21,6,Area-2,2
2024-01-28,21,6,Area-20,1
2024-01-28,21,6,Area-21,1
2024-01-28,21,6,Area-22,2
2024-01-28,21,6,Area-23,3
2024-01-28,21,6,Area-24,1
2024-01-28,21,6,Area-25,1
2024-01-28,21,6,Area-26,1
2024-01-28,21,6,Area-27,3
2024-01-28,21,6,Area-28,2
2024-01-28,21,6,Area-29,3
2024-01-28,21,6,Area-3,2
2024-01-28,21,6,Area-30,2
2024-01-28,21,6,Area-31,3
2024-01-28,21,6,Area-33,2
2024-01-28,21,6,Area-35,1
2024-01-28,21,6,Area-36,2
2024-01-28,21,6,Area-37,2
2024-01-28,21,6,Area-38,2
2024-01-28,21,6,Area-41,1
2024-01-28,21,6,Area-43,1
2024-01-28,21,6,Area-44,1
2024-01-28,21,6,Area-45,3
2024-01-28,21,6,Area-46,2
2024-01-28,21,6,Area-47,3
2024-01-28,21,6,Area-48,1
2024-01-28,21,6,Area-5,1
2024-01-28,21,6,Area-50,2
2024-01-28,21,6,Area-7,4
2024-01-28,21,6,Area-8,1
2024-01-28,21,6,Area-9,2
2024-01-28,22,6,Area-1,3
2024-01-28,22,6,Area-10,1
2024-01-28,22,6,Area-11,2
2024-01-28,22,6,Area-12,1
2024-01-28,22,6,Area-13,1
2024-01-28,22,6,Area-14,1
2024-01-28,22,6,Area-15,1
2024-01-28,22,6,Area-17,1
2024-01-28,22,6,Area-18,2
2024-01-28,22,6,Area-19,2
2024-01-28,22,6,Area-2,1
2024-01-28,22,6,Area-21,2
2024-01-28,22,6,Area-22,2
2024-01-28,22,6,Area-25,4
2024-01-28,22,6,Area-26,2
2024-01-28,22,6,Area-27,3
2024-01-28,22,6,Area-28,2
2024-01-28,22,6,Area-29,5
2024-01-28,22,6,Area-30,1
2024-01-28,22,6,Area-31,1
2024-01-28,22,6,Area-33,1
2024-01-28,22,6,Area-34,1
2024-01-28,22,6,Area-35,2
2024-01-28,22,6,Area-36,1
2024-01-28,22,6,Area-37,1
2024-01-28,22,6,Area-38,1
2024-01-28,22,6,Area-40,3
2024-01-28,22,6,Area-43,2
2024-01-28,22,6,Area-44,1
2024-01-28,22,6,Area-45,1
2024-01-28,22,6,Area-47,3
2024-01-28,22,6,Area-48,1
2024-01-28,22,6,Area-50,1
2024-01-28,22,6,Area-8,2
2024-01-28,23,6,Area-1,1
2024-01-28,23,6,Area-10,1
2024-01-28,23,6,Area-11,3
2024-01-28,23,6,Area-12,1
2024-01-28,23,6,Area-13,2
2024-01-28,23,6,Area-14,1
2024-01-28,23,6,Area-15,2
2024-01-28,23,6,Area-16,1
2024-01-28,23,6,Area-17,1
2024-01-28,23,6,Area-18,2
2024-01-28,23,6,Area-19,1
2024-01-28,23,6,Area-2,1
2024-01-28,23,6,Area-20,1
2024-01-28,23,6,Area-21,3
2024-01-28,23,6,Area-22,2
2024-01-28,23,6,Area-24,1
2024-01-28,23,6,Area-25,1
2024-01-28,23,6,Area-27,5
2024-01-28,23,6,Area-3,1
2024-01-28,23,6,Area-31,2
2024-01-28,23,6,Area-32,1
2024-01-28,23,6,Area-33,1
2024-01-28,23,6,Area-34,1
2024-01-28,23,6,Area-35,1
2024-01-28,23,6,Area-37,2
2024-01-28,23,6,Area-38,2
2024-01-28,23,6,Area-4,1
2024-01-28,23,6,Area-40,2
2024-01-28,23,6,Area-41,2
2024-01-28,23,6,Area-45,1
2024-01-28,23,6,Area-46,1
2024-01-28,23,6,Area-48,1
2024-01-28,23,6,Area-49,3
2024-01-28,23,6,Area-50,3
2024-01-28,23,6,Area-6,3
2024-01-28,23,6,Area-7,2
2024-01-28,23,6,Area-8,1
2024-01-28,23,6,Area-9,3
2024-01-29,0,0,Area-1,3
2024-01-29,0,0,Area-10,1
2024-01-29,0,0,Area-11,1
2024-01-29,0,0,Area-12,2
2024-01-29,0,0,Area-14,1
2024-01-29,0,0,Area-15,2
2024-01-29,0,0,Area-16,2
2024-01-29,0,0,Area-17,1
2024-01-29,0,0,Area-18,1
2024-01-29,0,0,Area-2,1
2024-01-29,0,0,Area-22,3
2024-01-29,0,0,Area-23,2
2024-01-29,0,0,Area-24,3
2024-01-29,0,0,Area-25,1
2024-01-29,0,0,Area-26,1
2024-01-29,0,0,Area-28,3
2024-01-29,0,0,Area-29,2
2024-01-29,0,0,Area-30,3
2024-01-29,0,0,Area-31,1
2024-01-29,0,0,Area-32,1
2024-01-29,0,0,Area-33,1
2024-01-29,0,0,Area-35,2
2024-01-29,0,0,Area-36,1
2024-01-29,0,0,Area-37,1
2024-01-29,0,0,Area-4,2
2024-01-29,0,0,Area-40,2
2024-01-29,0,0,Area-41,2
2024-01-29,0,0,Area-42,1
2024-01-29,0,0,Area-45,1
2024-01-29,0,0,Area-46,1
2024-01-29,0,0,Area-47,1
2024-01-29,0,0,Area-48,1
2024-01-29,0,0,Area-5,2
2024-01-29,0,0,Area-50,2
2024-01-29,0,0,Area-6,1
2024-01-29,0,0,Area-7,3
2024-01-29,0,0,Area-8,1
2024-01-29,0,0,Area-9,1
2024-01-29,1,0,Area-1,2
2024-01-29,1,0,Area-12,4
2024-01-29,1,0,Area-13,1
2024-01-29,1,0,Area-14,1
2024-01-29,1,0,Area-16,1
2024-01-29,1,0,Area-17,2
2024-01-29,1,0,Area-18,2
2024-01-29,1,0,Area-21,1
2024-01-29,1,0,Area-24,1
2024-01-29,1,0,Area-25,2
2024-01-29,1,0,Area-26,3
2024-01-29,1,0,Area-27,1
2024-01-29,1,0,Area-28,1
2024-01-29,1,0,Area-29,1
2024-01-29,1,0,Area-3,3
2024-01-29,1,0,Area-30,3
2024-01-29,1,0,Area-31,1
2024-01-29,1,0,Area-33,2
2024-01-29,1,0,Area-34,1
2024-01-29,1,0,Area-35,1
2024-01-29,1,0,Area-37,1
2024-01-29,1,0,Area-38,3
2024-01-29,1,0,Area-39,1
2024-01-29,1,0,Area-4,3
2024-01-29,1,0,Area-40,1
2024-01-29,1,0,Area-42,1
2024-01-29,1,0,Area-44,2
2024-01-29,1,0,Area-45,2
2024-01-29,1,0,Area-46,2
2024-01-29,1,0,Area-47,1
2024-01-29,1,0,Area-48,2
2024-01-29,1,0,Area-49,1
2024-01-29,1,0,Area-5,1
2024-01-29,1,0,Area-50,1
2024-01-29,1,0,Area-6,2
2024-01-29,1,0,Area-7,1
2024-01-29,1,0,Area-8,2
2024-01-29,1,0,Area-9,1
2024-01-29,2,0,Area-11,3
2024-01-29,2,0,Area-12,1
2024-01-29,2,0,Area-14,3
2024-01-29,2,0,Area-15,1
2024-01-29,2,0,Area-16,1
2024-01-29,2,0,Area-17,2
2024-01-29,2,0,Area-19,2
2024-01-29,2,0,Area-2,3
2024-01-29,2,0,Area-20,1
2024-01-29,2,0,Area-21,3
2024-01-29,2,0,Area-22,4
2024-01-29,2,0,Area-23,2
2024-01-29,2,0,Area-24,1
2024-01-29,2,0,Area-25,1
2024-01-29,2,0,Area-26,3
2024-01-29,2,0,Area-27,1
2024-01-29,2,0,Area-28,2
2024-01-29,2,0,Area-29,1
2024-01-29,2,0,Area-30,1
2024-01-29,2,0,Area-32,2
2024-01-29,2,0,Area-34,1
2024-01-29,2,0,Area-36,3
2024-01-29,2,0,Area-38,1
2024-01-29,2,0,Area-4,1
2024-01-29,2,0,Area-40,1
2024-01-29,2,0,Area-42,1
2024-01-29,2,0,Area-43,1
2024-01-29,2,0,Area-44,1
2024-01-29,2,0,Area-45,2
2024-01-29,2,0,Area-47,1
2024-01-29,2,0,Area-49,3
2024-01-29,2,0,Area-5,1
2024-01-29,2,0,Area-6,2
2024-01-29,2,0,Area-7,2
2024-01-29,2,0,Area-9,5
2024-01-29,3,0,Area-10,1
2024-01-29,3,0,Area-11,1
2024-01-29,3,0,Area-12,1
2024-01-29,3,0,Area-13,1
2024-01-29,3,0,Area-15,1
2024-01-29,3,0,Area-17,1
2024-01-29,3,0,Area-18,3
2024-01-29,3,0,Area-20,2
2024-01-29,3,0,Area-21,2
2024-01-29,3,0,Area-22,1
2024-01-29,3,0,Area-23,2
2024-01-29,3,0,Area-24,1
2024-01-29,3,0,Area-25,3
2024-01-29,3,0,Area-26,2
2024-01-29,3,0,Area-27,1
2024-01-29,3,0,Area-28,2
2024-01-29,3,0,Area-29,1
2024-01-29,3,0,Area-3,1
2024-01-29,3,0,Area-30,4
2024-01-29,3,0,Area-31,2
2024-01-29,3,0,Area-33,3
2024-01-29,3,0,Area-34,2
2024-01-29,3,0,Area-35,3
2024-01-29,3,0,Area-37,1
2024-01-29,3,0,Area-38,1
2024-01-29,3,0,Area-39,2
2024-01-29,3,0,Area-4,5
2024-01-29,3,0,Area-40,1
2024-01-29,3,0,Area-41,2
2024-01-29,3,0,Area-42,2
2024-01-29,3,0,Area-43,1
2024-01-29,3,0,Area-44,2
2024-01-29,3,0,Area-45,2
2024-01-29,3,0,Area-46,1
2024-01-29,3,0,Area-47,4
2024-01-29,3,0,Area-48,1
2024-01-29,3,0,Area-50,2
2024-01-29,3,0,Area-6,1
2024-01-29,3,0,Area-7,3
2024-01-29,3,0,Area-8,2
2024-01-29,3,0,Area-9,2
2024-01-29,4,0,Area-1,1
2024-01-29,4,0,Area-10,2
2024-01-29,4,0,Area-11,2
2024-01-29,4,0,Area-12,4
2024-01-29,4,0,Area-13,1
2024-01-29,4,0,Area-15,1
2024-01-29,4,0,Area-16,2
2024-01-29,4,0,Area-17,2
2024-01-29,4,0,Area-18,2
2024-01-29,4,0,Area-20,3
2024-01-29,4,0,Area-21,2
2024-01-29,4,0,Area-22,1
2024-01-29,4,0,Area-23,1
2024-01-29,4,0,Area-24,2
2024-01-29,4,0,Area-26,1
2024-01-29,4,0,Area-27,3
2024-01-29,4,0,Area-28,2
2024-01-29,4,0,Area-29,3
2024-01-29,4,0,Area-3,1
2024-01-29,4,0,Area-30,1
2024-01-29,4,0,Area-31,3
2024-01-29,4,0,Area-32,1
2024-01-29,4,0,Area-33,1
2024-01-29,4,0,Area-34,1
2024-01-29,4,0,Area-35,3
2024-01-29,4,0,Area-36,1
2024-01-29,4,0,Area-37,3
2024-01-29,4,0,Area-39,2
2024-01-29,4,0,Area-4,1
2024-01-29,4,0,Area-40,2
2024-01-29,4,0,Area-43,1
2024-01-29,4,0,Area-44,7
2024-01-29,4,0,Area-45,2
2024-01-29,4,0,Area-47,2
2024-01-29,4,0,Area-48,2
2024-01-29,4,0,Area-49,2
2024-01-29,4,0,Area-50,1
2024-01-29,4,0,Area-6,1
2024-01-29,4,0,Area-7,1
2024-01-29,4,0,Area-8,1
2024-01-29,4,0,Area-9,2
2024-01-29,5,0,Area-1,1
2024-01-29,5,0,Area-10,1
2024-01-29,5,0,Area-12,1
2024-01-29,5,0,Area-13,2
2024-01-29,5,0,Area-14,2
2024-01-29,5,0,Area-15,6
2024-01-29,5,0,Area-16,2
2024-01-29,5,0,Area-18,2
2024-01-29,5,0,Area-2,1
2024-01-29,5,0,Area-20,2
2024-01-29,5,0,Area-21,2
2024-01-29,5,0,Area-22,2
2024-01-29,5,0,Area-23,1
2024-01-29,5,0,Area-24,1
2024-01-29,5,0,Area-25,1
2024-01-29,5,0,Area-26,1
2024-01-29,5,0,Area-27,1
2024-01-29,5,0,Area-29,2
2024-01-29,5,0,Area-3,1
2024-01-29,5,0,Area-30,3
2024-01-29,5,0,Area-32,3
2024-01-29,5,0,Area-33,2
2024-01-29,5,0,Area-35,1
2024-01-29,5,0,Area-36,2
2024-01-29,5,0,Area-37,4
2024-01-29,5,0,Area-38,4
2024-01-29,5,0,Area-39,3
2024-01-29,5,0,Area-4,2
2024-01-29,5,0,Area-40,1
2024-01-29,5,0,Area-41,2
2024-01-29,5,0,Area-42,1
2024-01-29,5,0,Area-43,1
2024-01-29,5,0,Area-44,2
2024-01-29,5,0,Area-47,3
2024-01-29,5,0,Area-48,3
2024-01-29,5,0,Area-5,1
2024-01-29,5,0,Area-50,3
2024-01-29,5,0,Area-6,2
2024-01-29,5,0,Area-7,1
2024-01-29,5,0,Area-8,1
2024-01-29,5,0,Area-9,3
2024-01-29,6,0,Area-1,3
2024-01-29,6,0,Area-10,1
2024-01-29,6,0,Area-11,1
2024-01-29,6,0,Area-12,2
2024-01-29,6,0,Area-13,2
2024-01-29,6,0,Area-15,1
2024-01-29,6,0,Area-17,2
2024-01-29,6,0,Area-19,1
2024-01-29,6,0,Area-20,2
2024-01-29,6,0,Area-21,2
2024-01-29,6,0,Area-22,2
2024-01-29,6,0,Area-23,2
2024-01-29,6,0,Area-24,1
2024-01-29,6,0,Area-27,1
2024-01-29,6,0,Area-29,2
2024-01-29,6,0,Area-3,1
2024-01-29,6,0,Area-30,1
2024-01-29,6,0,Area-31,1
2024-01-29,6,0,Area-32,1
2024-01-29,6,0,Area-33,1
2024-01-29,6,0,Area-35,1
2024-01-29,6,0,Area-38,2
2024-01-29,6,0,Area-4,1
2024-01-29,6,0,Area-40,1
2024-01-29,6,0,Area-41,1
2024-01-29,6,0,Area-44,4
2024-01-29,6,0,Area-45,1
2024-01-29,6,0,Area-46,1
2024-01-29,6,0,Area-47,2
2024-01-29,6,0,Area-48,2
2024-01-29,6,0,Area-49,2
2024-01-29,6,0,Area-5,4
2024-01-29,6,0,Area-50,2
2024-01-29,6,0,Area-6,3
2024-01-29,6,0,Area-7,1
2024-01-29,6,0,Area-8,1
2024-01-29,7,0,Area-1,2
2024-01-29,7,0,Area-10,2
2024-01-29,7,0,Area-11,2
2024-01-29,7,0,Area-12,3
2024-01-29,7,0,Area-14,1
2024-01-29,7,0,Area-15,4
2024-01-29,7,0,Area-16,2
2024-01-29,7,0,Area-19,2
2024-01-29,7,0,Area-20,1
2024-01-29,7,0,Area-21,2
2024-01-29,7,0,Area-22,1
2024-01-29,7,0,Area-23,2
2024-01-29,7,0,Area-24,3
2024-01-29,7,0,Area-25,1
2024-01-29,7,0,Area-26,2
2024-01-29,7,0,Area-27,2
2024-01-29,7,0,Area-28,1
2024-01-29,7,0,Area-29,1
2024-01-29,7,0,Area-3,1
2024-01-29,7,0,Area-30,1
2024-01-29,7,0,Area-31,1
2024-01-29,7,0,Area-32,2
2024-01-29,7,0,Area-34,1
2024-01-29,7,0,Area-35,3
2024-01-29,7,0,Area-37,1
2024-01-29,7,0,Area-38,2
2024-01-29,7,0,Area-39,4
2024-01-29,7,0,Area-4,3
2024-01-29,7,0,Area-40,1
2024-01-29,7,0,Area-42,2
2024-01-29,7,0,Area-43,1
2024-01-29,7,0,Area-45,3
2024-01-29,7,0,Area-47,2
2024-01-29,7,0,Area-48,1
2024-01-29,7,0,Area-5,1
2024-01-29,7,0,Area-7,3
2024-01-29,7,0,Area-8,2
2024-01-29,8,0,Area-1,2
2024-01-29,8,0,Area-12,2
2024-01-29,8,0,Area-13,2
2024-01-29,8,0,Area-14,4
2024-01-29,8,0,Area-15,2
2024-01-29,8,0,Area-17,1
2024-01-29,8,0,Area-20,1
2024-01-29,8,0,Area-21,4
2024-01-29,8,0,Area-22,1
2024-01-29,8,0,Area-23,4
2024-01-29,8,0,Area-25,1
2024-01-29,8,0,Area-26,1
2024-01-29,8,0,Area-27,1
2024-01-29,8,0,Area-29,1
2024-01-29,8,0,Area-3,3
2024-01-29,8,0,Area-30,1
2024-01-29,8,0,Area-31,1
2024-01-29,8,0,Area-33,1
2024-01-29,8,0,Area-34,2
2024-01-29,8,0,Area-35,1
2024-01-29,8,0,Area-38,2
2024-01-29,8,0,Area-39,2
2024-01-29,8,0,Area-4,4
2024-01-29,8,0,Area-40,1
2024-01-29,8,0,Area-41,1
2024-01-29,8,0,Area-42,1
2024-01-29,8,0,Area-44,1
2024-01-29,8,0,Area-45,1
2024-01-29,8,0,Area-46,2
2024-01-29,8,0,Area-47,2
2024-01-29,8,0,Area-48,5
2024-01-29,8,0,Area-49,1
2024-01-29,8,0,Area-7,1
2024-01-29,8,0,Area-8,3
2024-01-29,9,0,Area-1,2
2024-01-29,9,0,Area-11,1
2024-01-29,9,0,Area-12,3
2024-01-29,9,0,Area-13,2
2024-01-29,9,0,Area-15,1
2024-01-29,9,0,Area-17,3
2024-01-29,9,0,Area-20,2
2024-01-29,9,0,Area-21,1
2024-01-29,9,0,Area-23,1
2024-01-29,9,0,Area-26,1
2024-01-29,9,0,Area-27,3
2024-01-29,9,0,Area-29,3
2024-01-29,9,0,Area-30,1
2024-01-29,9,0,Area-31,1
2024-01-29,9,0,Area-32,4
2024-01-29,9,0,Area-33,2
2024-01-29,9,0,Area-34,1
2024-01-29,9,0,Area-35,2
2024-01-29,9,0,Area-36,2
2024-01-29,9,0,Area-37,2
2024-01-29,9,0,Area-38,3
2024-01-29,9,0,Area-39,1
2024-01-29,9,0,Area-4,2
2024-01-29,9,0,Area-40,1
2024-01-29,9,0,Area-41,1
2024-01-29,9,0,Area-42,1
2024-01-29,9,0,Area-44,2
2024-01-29,9,0,Area-45,1
2024-01-29,9,0,Area-46,2
2024-01-29,9,0,Area-47,2
2024-01-29,9,0,Area-48,1
2024-01-29,9,0,Area-50,2
2024-01-29,9,0,Area-6,7
2024-01-29,9,0,Area-7,1
2024-01-29,9,0,Area-8,5
2024-01-29,9,0,Area-9,1
2024-01-29,10,0,Area-1,3
2024-01-29,10,0,Area-11,1
2024-01-29,10,0,Area-14,3
2024-01-29,10,0,Area-15,2
2024-01-29,10,0,Area-17,1
2024-01-29,10,0,Area-18,1
2024-01-29,10,0,Area-20,2
2024-01-29,10,0,Area-22,1
2024-01-29,10,0,Area-23,1
2024-01-29,10,0,Area-24,5
2024-01-29,10,0,Area-25,2
2024-01-29,10,0,Area-26,1
2024-01-29,10,0,Area-27,1
2024-01-29,10,0,Area-28,1
2024-01-29,10,0,Area-29,2
2024-01-29,10,0,Area-30,2
2024-01-29,10,0,Area-31,1
2024-01-29,10,0,Area-32,4
2024-01-29,10,0,Area-33,4
2024-01-29,10,0,Area-34,1
2024-01-29,10,0,Area-35,1
2024-01-29,10,0,Area-36,2
2024-01-29,10,0,Area-37,1
2024-01-29,10,0,Area-38,1
2024-01-29,10,0,Area-39,3
2024-01-29,10,0,Area-4,1
2024-01-29,10,0,Area-41,1
2024-01-29,10,0,Area-42,2
2024-01-29,10,0,Area-44,3
2024-01-29,10,0,Area-45,1
2024-01-29,10,0,Area-46,2
2024-01-29,10,0,Area-47,1
2024-01-29,10,0,Area-48,1
2024-01-29,10,0,Area-49,1
2024-01-29,10,0,Area-5,2
2024-01-29,10,0,Area-6,2
2024-01-29,10,0,Area-7,2
2024-01-29,10,0,Area-8,2
2024-01-29,10,0,Area-9,1
2024-01-29,11,0,Area-1,2
2024-01-29,11,0,Area-10,1
2024-01-29,11,0,Area-12,2
2024-01-29,11,0,Area-14,2
2024-01-29,11,0,Area-15,1
2024-01-29,11,0,Area-16,2
2024-01-29,11,0,Area-17,4
2024-01-29,11,0,Area-18,2
2024-01-29,11,0,Area-19,1
2024-01-29,11,0,Area-2,1
2024-01-29,11,0,Area-22,1
2024-01-29,11,0,Area-24,3
2024-01-29,11,0,Area-25,3
2024-01-29,11,0,Area-26,1
2024-01-29,11,0,Area-27,1
2024-01-29,11,0,Area-28,2
2024-01-29,11,0,Area-29,4
2024-01-29,11,0,Area-3,1
2024-01-29,11,0,Area-30,1
2024-01-29,11,0,Area-31,2
2024-01-29,11,0,Area-32,3
2024-01-29,11,0,Area-33,2
2024-01-29,11,0,Area-34,1
2024-01-29,11,0,Area-35,1
2024-01-29,11,0,Area-37,1
2024-01-29,11,0,Area-38,1
2024-01-29,11,0,Area-39,3
2024-01-29,11,0,Area-44,3
2024-01-29,11,0,Area-45,4
2024-01-29,11,0,Area-46,1
2024-01-29,11,0,Area-47,1
2024-01-29,11,0,Area-49,1
2024-01-29,11,0,Area-5,1
2024-01-29,11,0,Area-7,3
2024-01-29,11,0,Area-8,1
2024-01-29,11,0,Area-9,1
2024-01-29,12,0,Area-1,2
2024-01-29,12,0,Area-10,1
2024-01-29,12,0,Area-11,1
2024-01-29,12,0,Area-13,1
2024-01-29,12,0,Area-14,1
2024-01-29,12,0,Area-16,2
2024-01-29,12,0,Area-17,3
2024-01-29,12,0,Area-18,1
2024-01-29,12,0,Area-2,2
2024-01-29,12,0,Area-20,1
2024-01-29,12,0,Area-21,1
2024-01-29,12,0,Area-22,2
2024-01-29,12,0,Area-23,2
2024-01-29,12,0,Area-27,3
2024-01-29,12,0,Area-28,4
2024-01-29,12,0,Area-30,1
2024-01-29,12,0,Area-31,3
2024-01-29,12,0,Area-32,2
2024-01-29,12,0,Area-34,1
2024-01-29,12,0,Area-35,1
2024-01-29,12,0,Area-36,2
2024-01-29,12,0,Area-37,2
2024-01-29,12,0,Area-39,4
2024-01-29,12,0,Area-4,2
2024-01-29,12,0,Area-40,2
2024-01-29,12,0,Area-41,3
2024-01-29,12,0,Area-44,1
2024-01-29,12,0,Area-45,2
2024-01-29,12,0,Area-46,1
2024-01-29,12,0,Area-48,1
2024-01-29,12,0,Area-49,4
2024-01-29,12,0,Area-5,1
2024-01-29,12,0,Area-50,1
2024-01-29,12,0,Area-7,1
2024-01-29,12,0,Area-8,1
2024-01-29,12,0,Area-9,1
2024-01-29,13,0,Area-10,2
2024-01-29,13,0,Area-11,2
2024-01-29,13,0,Area-14,1
2024-01-29,13,0,Area-15,2
2024-01-29,13,0,Area-17,1
2024-01-29,13,0,Area-18,1
2024-01-29,13,0,Area-19,1
2024-01-29,13,0,Area-2,5
2024-01-29,13,0,Area-20,1
2024-01-29,13,0,Area-24,1
2024-01-29,13,0,Area-25,1
2024-01-29,13,0,Area-26,1
2024-01-29,13,0,Area-28,5
2024-01-29,13,0,Area-29,1
2024-01-29,13,0,Area-3,1
2024-01-29,13,0,Area-31,1
2024-01-29,13,0,Area-32,3
2024-01-29,13,0,Area-34,1
2024-01-29,13,0,Area-35,3
2024-01-29,13,0,Area-40,1
2024-01-29,13,0,Area-41,2
2024-01-29,13,0,Area-42,3
2024-01-29,13,0,Area-45,1
2024-01-29,13,0,Area-46,4
2024-01-29,13,0,Area-48,2
2024-01-29,13,0,Area-5,1
2024-01-29,13,0,Area-6,2
2024-01-29,13,0,Area-7,1
2024-01-29,13,0,Area-8,4
2024-01-29,13,0,Area-9,3
2024-01-29,14,0,Area-1,1
2024-01-29,14,0,Area-10,1
2024-01-29,14,0,Area-11,2
2024-01-29,14,0,Area-12,2
2024-01-29,14,0,Area-13,1
2024-01-29,14,0,Area-15,2
2024-01-29,14,0,Area-16,3
2024-01-29,14,0,Area-17,2
2024-01-29,14,0,Area-20,1
2024-01-29,14,0,Area-21,1
2024-01-29,14,0,Area-22,2
2024-01-29,14,0,Area-23,3
2024-01-29,14,0,Area-24,1
2024-01-29,14,0,Area-25,2
2024-01-29,14,0,Area-26,2
2024-01-29,14,0,Area-27,1
2024-01-29,14,0,Area-30,2
2024-01-29,14,0,Area-31,1
2024-01-29,14,0,Area-32,2
2024-01-29,14,0,Area-33,3
2024-01-29,14,0,Area-34,5
2024-01-29,14,0,Area-35,1
2024-01-29,14,0,Area-36,4
2024-01-29,14,0,Area-37,3
2024-01-29,14,0,Area-42,1
2024-01-29,14,0,Area-43,1
2024-01-29,14,0,Area-44,1
2024-01-29,14,0,Area-45,1
2024-01-29,14,0,Area-46,2
2024-01-29,14,0,Area-47,1
2024-01-29,14,0,Area-49,1
2024-01-29,14,0,Area-50,3
2024-01-29,14,0,Area-7,1
2024-01-29,14,0,Area-8,1
2024-01-29,15,0,Area-1,2
2024-01-29,15,0,Area-10,3
2024-01-29,15,0,Area-12,1
2024-01-29,15,0,Area-13,4
2024-01-29,15,0,Area-14,1
2024-01-29,15,0,Area-15,1
2024-01-29,15,0,Area-16,3
2024-01-29,15,0,Area-17,2
2024-01-29,15,0,Area-19,2
2024-01-29,15,0,Area-2,3
2024-01-29,15,0,Area-20,1
2024-01-29,15,0,Area-21,3
2024-01-29,15,0,Area-23,1
2024-01-29,15,0,Area-24,2
2024-01-29,15,0,Area-25,1
2024-01-29,15,0,Area-26,3
2024-01-29,15,0,Area-27,3
2024-01-29,15,0,Area-28,1
2024-01-29,15,0,Area-29,1
2024-01-29,15,0,Area-3,4
2024-01-29,15,0,Area-30,3
2024-01-29,15,0,Area-31,1
2024-01-29,15,0,Area-32,2
2024-01-29,15,0,Area-33,1
2024-01-29,15,0,Area-34,1
2024-01-29,15,0,Area-35,3
2024-01-29,15,0,Area-36,5
2024-01-29,15,0,Area-37,3
2024-01-29,15,0,Area-38,1
2024-01-29,15,0,Area-4,6
2024-01-29,15,0,Area-40,3
2024-01-29,15,0,Area-41,1
2024-01-29,15,0,Area-42,1
2024-01-29,15,0,Area-44,1
2024-01-29,15,0,Area-45,3
2024-01-29,15,0,Area-47,5
2024-01-29,15,0,Area-48,1
2024-01-29,15,0,Area-49,4
2024-01-29,15,0,Area-50,2
2024-01-29,15,0,Area-6,5
2024-01-29,15,0,Area-8,1
2024-01-29,15,0,Area-9,1
2024-01-29,16,0,Area-10,2
2024-01-29,16,0,Area-11,2
2024-01-29,16,0,Area-12,1
2024-01-29,16,0,Area-13,1
2024-01-29,16,0,Area-14,2
2024-01-29,16,0,Area-15,1
2024-01-29,16,0,Area-16,3
2024-01-29,16,0,Area-17,2
2024-01-29,16,0,Area-18,1
2024-01-29,16,0,Area-19,2
2024-01-29,16,0,Area-2,1
2024-01-29,16,0,Area-20,2
2024-01-29,16,0,Area-21,2
2024-01-29,16,0,Area-22,1
2024-01-29,16,0,Area-24,1
2024-01-29,16,0,Area-25,1
2024-01-29,16,0,Area-26,1
2024-01-29,16,0,Area-29,1
2024-01-29,16,0,Area-30,2
2024-01-29,16,0,Area-32,3
2024-01-29,16,0,Area-33,2
2024-01-29,16,0,Area-34,1
2024-01-29,16,0,Area-35,3
2024-01-29,16,0,Area-36,1
2024-01-29,16,0,Area-38,1
2024-01-29,16,0,Area-39,3
2024-01-29,16,0,Area-40,1
2024-01-29,16,0,Area-41,3
2024-01-29,16,0,Area-42,2
2024-01-29,16,0,Area-43,2
2024-01-29,16,0,Area-44,2
2024-01-29,16,0,Area-45,3
2024-01-29,16,0,Area-46,1
2024-01-29,16,0,Area-48,1
2024-01-29,16,0,Area-49,2
2024-01-29,16,0,Area-5,1
2024-01-29,16,0,Area-50,3
2024-01-29,16,0,Area-6,1
2024-01-29,16,0,Area-7,2
2024-01-29,16,0,Area-9,3
2024-01-29,17,0,Area-10,1
2024-01-29,17,0,Area-11,2
2024-01-29,17,0,Area-13,1
2024-01-29,17,0,Area-14,2
2024-01-29,17,0,Area-15,1
2024-01-29,17,0,Area-17,1
2024-01-29,17,0,Area-19,3
2024-01-29,17,0,Area-20,2
2024-01-29,17,0,Area-21,1
2024-01-29,17,0,Area-22,2
2024-01-29,17,0,Area-24,3
2024-01-29,17,0,Area-25,3
2024-01-29,17,0,Area-26,2
2024-01-29,17,0,Area-27,1
2024-01-29,17,0,Area-28,2
2024-01-29,17,0,Area-29,1
2024-01-29,17,0,Area-3,2
2024-01-29,17,0,Area-31,1
2024-01-29,17,0,Area-32,2
2024-01-29,17,0,Area-35,2
2024-01-29,17,0,Area-36,2
2024-01-29,17,0,Area-37,2
2024-01-29,17,0,Area-39,3
2024-01-29,17,0,Area-4,2
2024-01-29,17,0,Area-41,1
2024-01-29,17,0,Area-43,1
2024-01-29,17,0,Area-44,2
2024-01-29,17,0,Area-45,2
2024-01-29,17,0,Area-46,1
2024-01-29,17,0,Area-47,1
2024-01-29,17,0,Area-48,1
2024-01-29,17,0,Area-5,5
2024-01-29,17,0,Area-50,1
2024-01-29,17,0,Area-7,1
2024-01-29,17,0,Area-9,2
2024-01-29,18,0,Area-10,3
2024-01-29,18,0,Area-12,2
2024-01-29,18,0,Area-13,1
2024-01-29,18,0,Area-15,1
2024-01-29,18,0,Area-17,1
2024-01-29,18,0,Area-18,3
2024-01-29,18,0,Area-19,1
2024-01-29,18,0,Area-2,4
2024-01-29,18,0,Area-20,1
2024-01-29,18,0,Area-21,1
2024-01-29,18,0,Area-22,5
2024-01-29,18,0,Area-23,3
2024-01-29,18,0,Area-24,1
2024-01-29,18,0,Area-25,2
2024-01-29,18,0,Area-26,1
2024-01-29,18,0,Area-27,2
2024-01-29,18,0,Area-29,3
2024-01-29,18,0,Area-3,3
2024-01-29,18,0,Area-30,1
2024-01-29,18,0,Area-31,2
2024-01-29,18,0,Area-32,4
2024-01-29,18,0,Area-33,4
2024-01-29,18,0,Area-34,1
2024-01-29,18,0,Area-35,2
2024-01-29,18,0,Area-36,2
2024-01-29,18,0,Area-37,2
2024-01-29,18,0,Area-38,1
2024-01-29,18,0,Area-39,1
2024-01-29,18,0,Area-4,1
2024-01-29,18,0,Area-41,1
2024-01-29,18,0,Area-42,1
2024-01-29,18,0,Area-43,1
2024-01-29,18,0,Area-45,1
2024-01-29,18,0,Area-47,1
2024-01-29,18,0,Area-48,1
2024-01-29,18,0,Area-49,1
2024-01-29,18,0,Area-5,1
2024-01-29,18,0,Area-50,2
2024-01-29,18,0,Area-8,1
2024-01-29,18,0,Area-9,2
2024-01-29,19,0,Area-10,1
2024-01-29,19,0,Area-11,1
2024-01-29,19,0,Area-12,4
2024-01-29,19,0,Area-14,1
2024-01-29,19,0,Area-16,2
2024-01-29,19,0,Area-17,1
2024-01-29,19,0,Area-18,2
2024-01-29,19,0,Area-19,1
2024-01-29,19,0,Area-2,1
2024-01-29,19,0,Area-20,1
2024-01-29,19,0,Area-21,4
2024-01-29,19,0,Area-22,1
2024-01-29,19,0,Area-23,2
2024-01-29,19,0,Area-24,3
2024-01-29,19,0,Area-25,1
2024-01-29,19,0,Area-26,1
2024-01-29,19,0,Area-27,3
2024-01-29,19,0,Area-29,3
2024-01-29,19,0,Area-3,1
2024-01-29,19,0,Area-30,1
2024-01-29,19,0,Area-31,2
2024-01-29,19,0,Area-32,2
2024-01-29,19,0,Area-33,2
2024-01-29,19,0,Area-35,2
2024-01-29,19,0,Area-36,1
2024-01-29,19,0,Area-37,1
2024-01-29,19,0,Area-38,2
2024-01-29,19,0,Area-39,2
2024-01-29,19,0,Area-4,1
2024-01-29,19,0,Area-40,2
2024-01-29,19,0,Area-43,1
2024-01-29,19,0,Area-44,3
2024-01-29,19,0,Area-46,3
2024-01-29,19,0,Area-48,1
2024-01-29,19,0,Area-49,1
2024-01-29,19,0,Area-5,2
2024-01-29,19,0,Area-50,3
2024-01-29,19,0,Area-6,2
2024-01-29,19,0,Area-7,2
2024-01-29,19,0,Area-8,3
2024-01-29,19,0,Area-9,1
2024-01-29,20,0,Area-1,2
2024-01-29,20,0,Area-10,3
2024-01-29,20,0,Area-11,4
2024-01-29,20,0,Area-13,1
2024-01-29,20,0,Area-15,2
2024-01-29,20,0,Area-16,2
2024-01-29,20,0,Area-18,1
2024-01-29,20,0,Area-19,3
2024-01-29,20,0,Area-20,2
2024-01-29,20,0,Area-21,2
2024-01-29,20,0,Area-22,2
2024-01-29,20,0,Area-23,3
2024-01-29,20,0,Area-28,1
2024-01-29,20,0,Area-29,1
2024-01-29,20,0,Area-3,1
2024-01-29,20,0,Area-30,3
2024-01-29,20,0,Area-31,1
2024-01-29,20,0,Area-32,3
2024-01-29,20,0,Area-34,1
2024-01-29,20,0,Area-35,1
2024-01-29,20,0,Area-36,2
2024-01-29,20,0,Area-39,2
2024-01-29,20,0,Area-4,1
2024-01-29,20,0,Area-41,1
2024-01-29,20,0,Area-42,3
2024-01-29,20,0,Area-44,1
2024-01-29,20,0,Area-45,1
2024-01-29,20,0,Area-46,1
2024-01-29,20,0,Area-47,2
2024-01-29,20,0,Area-49,1
2024-01-29,20,0,Area-5,2
2024-01-29,20,0,Area-50,3
2024-01-29,20,0,Area-6,1
2024-01-29,20,0,Area-7,4
2024-01-29,20,0,Area-9,1
2024-01-29,21,0,Area-1,5
2024-01-29,21,0,Area-10,1
2024-01-29,21,0,Area-11,2
2024-01-29,21,0,Area-12,5
2024-01-29,21,0,Area-15,2
2024-01-29,21,0,Area-17,1
2024-01-29,21,0,Area-18,2
2024-01-29,21,0,Area-20,2
2024-01-29,21,0,Area-21,3
2024-01-29,21,0,Area-22,5
2024-01-29,21,0,Area-23,2
2024-01-29,21,0,Area-24,1
2024-01-29,21,0,Area-25,2
2024-01-29,21,0,Area-26,2
2024-01-29,21,0,Area-27,2
2024-01-29,21,0,Area-29,1
2024-01-29,21,0,Area-3,1
2024-01-29,21,0,Area-30,1
2024-01-29,21,0,Area-31,1
2024-01-29,21,0,Area-32,2
2024-01-29,21,0,Area-33,2
2024-01-29,21,0,Area-34,1
2024-01-29,21,0,Area-36,4
2024-01-29,21,0,Area-37,3
2024-01-29,21,0,Area-38,2
2024-01-29,21,0,Area-39,2
2024-01-29,21,0,Area-4,2
2024-01-29,21,0,Area-40,2
2024-01-29,21,0,Area-41,2
2024-01-29,21,0,Area-42,2
2024-01-29,21,0,Area-43,2
2024-01-29,21,0,Area-44,1
2024-01-29,21,0,Area-45,1
2024-01-29,21,0,Area-46,2
2024-01-29,21,0,Area-47,1
2024-01-29,21,0,Area-48,1
2024-01-29,21,0,Area-49,1
2024-01-29,21,0,Area-5,1
2024-01-29,21,0,Area-50,1
2024-01-29,21,0,Area-7,4
2024-01-29,21,0,Area-9,1
2024-01-29,22,0,Area-10,1
2024-01-29,22,0,Area-12,2
2024-01-29,22,0,Area-13,2
2024-01-29,22,0,Area-14,1
2024-01-29,22,0,Area-15,1
2024-01-29,22,0,Area-17,1
2024-01-29,22,0,Area-2,1
2024-01-29,22,0,Area-20,2
2024-01-29,22,0,Area-21,1
2024-01-29,22,0,Area-22,2
2024-01-29,22,0,Area-23,2
2024-01-29,22,0,Area-24,1
2024-01-29,22,0,Area-25,2
2024-01-29,22,0,Area-26,3
2024-01-29,22,0,Area-27,3
2024-01-29,22,0,Area-3,3
2024-01-29,22,0,Area-31,2
2024-01-29,22,0,Area-32,1
2024-01-29,22,0,Area-33,1
2024-01-29,22,0,Area-35,3
2024-01-29,22,0,Area-36,1
2024-01-29,22,0,Area-37,1
2024-01-29,22,0,Area-39,1
2024-01-29,22,0,Area-4,3
2024-01-29,22,0,Area-40,1
2024-01-29,22,0,Area-41,1
2024-01-29,22,0,Area-42,1
2024-01-29,22,0,Area-43,3
2024-01-29,22,0,Area-46,1
2024-01-29,22,0,Area-47,5
2024-01-29,22,0,Area-48,3
2024-01-29,22,0,Area-49,2
2024-01-29,22,0,Area-5,1
2024-01-29,22,0,Area-50,2
2024-01-29,22,0,Area-6,1
2024-01-29,22,0,Area-8,1
2024-01-29,22,0,Area-9,5
2024-01-29,23,0,Area-1,2
2024-01-29,23,0,Area-10,2
2024-01-29,23,0,Area-13,4
2024-01-29,23,0,Area-15,4
2024-01-29,23,0,Area-16,2
2024-01-29,23,0,Area-17,1
2024-01-29,23,0,Area-18,2
2024-01-29,23,0,Area-19,1
2024-01-29,23,0,Area-2,2
2024-01-29,23,0,Area-20,4
2024-01-29,23,0,Area-21,4
2024-01-29,23,0,Area-22,1
2024-01-29,23,0,Area-23,3
2024-01-29,23,0,Area-24,2
2024-01-29,23,0,Area-26,1
2024-01-29,23,0,Area-27,3
2024-01-29,23,0,Area-28,3
2024-01-29,23,0,Area-29,3
2024-01-29,23,0,Area-3,3
2024-01-29,23,0,Area-30,1
2024-01-29,23,0,Area-31,2
2024-01-29,23,0,Area-32,2
2024-01-29,23,0,Area-33,3
2024-01-29,23,0,Area-34,1
2024-01-29,23,0,Area-35,1
2024-01-29,23,0,Area-36,2
2024-01-29,23,0,Area-37,1
2024-01-29,23,0,Area-38,2
2024-01-29,23,0,Area-40,1
2024-01-29,23,0,Area-41,1
2024-01-29,23,0,Area-45,1
2024-01-29,23,0,Area-47,1
2024-01-29,23,0,Area-49,1
2024-01-29,23,0,Area-5,3
2024-01-29,23,0,Area-50,2
2024-01-29,23,0,Area-6,3
2024-01-29,23,0,Area-7,2
2024-01-30,0,1,Area-1,2
2024-01-30,0,1,Area-11,5
2024-01-30,0,1,Area-12,1
2024-01-30,0,1,Area-13,1
2024-01-30,0,1,Area-14,1
2024-01-30,0,1,Area-15,2
2024-01-30,0,1,Area-16,1
2024-01-30,0,1,Area-17,1
2024-01-30,0,1,Area-18,2
2024-01-30,0,1,Area-19,3
2024-01-30,0,1,Area-2,1
2024-01-30,0,1,Area-22,1
2024-01-30,0,1,Area-23,2
2024-01-30,0,1,Area-24,1
2024-01-30,0,1,Area-25,1
2024-01-30,0,1,Area-26,2
2024-01-30,0,1,Area-28,4
2024-01-30,0,1,Area-3,1
2024-01-30,0,1,Area-30,1
2024-01-30,0,1,Area-35,1
2024-01-30,0,1,Area-37,2
2024-01-30,0,1,Area-38,1
2024-01-30,0,1,Area-39,1
2024-01-30,0,1,Area-4,2
2024-01-30,0,1,Area-40,2
2024-01-30,0,1,Area-41,3
2024-01-30,0,1,Area-43,1
2024-01-30,0,1,Area-44,1
2024-01-30,0,1,Area-45,2
2024-01-30,0,1,Area-46,1
2024-01-30,0,1,Area-47,4
2024-01-30,0,1,Area-48,1
2024-01-30,0,1,Area-5,3
2024-01-30,0,1,Area-50,2
2024-01-30,0,1,Area-7,1
2024-01-30,0,1,Area-8,2
2024-01-30,1,1,Area-10,2
2024-01-30,1,1,Area-11,2
2024-01-30,1,1,Area-12,1
2024-01-30,1,1,Area-13,3
2024-01-30,1,1,Area-14,3
2024-01-30,1,1,Area-15,1
2024-01-30,1,1,Area-16,2
2024-01-30,1,1,Area-18,1
2024-01-30,1,1,Area-19,1
2024-01-30,1,1,Area-2,1
2024-01-30,1,1,Area-22,1
2024-01-30,1,1,Area-23,1
2024-01-30,1,1,Area-24,2
2024-01-30,1,1,Area-25,2
2024-01-30,1,1,Area-26,2
2024-01-30,1,1,Area-27,1
2024-01-30,1,1,Area-29,1
2024-01-30,1,1,Area-3,1
2024-01-30,1,1,Area-30,1
2024-01-30,1,1,Area-33,2
2024-01-30,1,1,Area-36,5
2024-01-30,1,1,Area-37,4
2024-01-30,1,1,Area-38,2
2024-01-30,1,1,Area-4,2
2024-01-30,1,1,Area-40,1
2024-01-30,1,1,Area-41,2
2024-01-30,1,1,Area-43,3
2024-01-30,1,1,Area-44,3
2024-01-30,1,1,Area-45,1
2024-01-30,1,1,Area-47,2
2024-01-30,1,1,Area-48,1
2024-01-30,1,1,Area-49,2
2024-01-30,1,1,Area-50,2
2024-01-30,1,1,Area-6,2
2024-01-30,1,1,Area-7,1
2024-01-30,2,1,Area-11,1
2024-01-30,2,1,Area-12,2
2024-01-30,2,1,Area-13,1
2024-01-30,2,1,Area-14,1
2024-01-30,2,1,Area-16,2
2024-01-30,2,1,Area-17,2
2024-01-30,2,1,Area-18,1
2024-01-30,2,1,Area-19,2
2024-01-30,2,1,Area-2,1
2024-01-30,2,1,Area-20,2
2024-01-30,2,1,Area-21,2
2024-01-30,2,1,Area-22,1
2024-01-30,2,1,Area-23,1
2024-01-30,2,1,Area-24,2
2024-01-30,2,1,Area-25,3
2024-01-30,2,1,Area-26,1
2024-01-30,2,1,Area-27,2
2024-01-30,2,1,Area-28,1
2024-01-30,2,1,Area-3,2
2024-01-30,2,1,Area-30,2
2024-01-30,2,1,Area-31,3
2024-01-30,2,1,Area-32,2
2024-01-30,2,1,Area-33,1
2024-01-30,2,1,Area-34,2
2024-01-30,2,1,Area-35,1
2024-01-30,2,1,Area-36,1
2024-01-30,2,1,Area-37,1
2024-01-30,2,1,Area-38,2
2024-01-30,2,1,Area-39,1
2024-01-30,2,1,Area-40,2
2024-01-30,2,1,Area-42,1
2024-01-30,2,1,Area-44,2
2024-01-30,2,1,Area-45,2
2024-01-30,2,1,Area-46,1
2024-01-30,2,1,Area-47,3
2024-01-30,2,1,Area-48,1
2024-01-30,2,1,Area-49,2
2024-01-30,2,1,Area-6,4
2024-01-30,2,1,Area-8,3
2024-01-30,2,1,Area-9,1
2024-01-30,3,1,Area-1,2
2024-01-30,3,1,Area-10,1
2024-01-30,3,1,Area-12,2
2024-01-30,3,1,Area-13,1
2024-01-30,3,1,Area-14,1
2024-01-30,3,1,Area-15,1
2024-01-30,3,1,Area-17,3
2024-01-30,3,1,Area-19,1
2024-01-30,3,1,Area-2,2
2024-01-30,3,1,Area-20,1
2024-01-30,3,1,Area-21,1
2024-01-30,3,1,Area-22,3
2024-01-30,3,1,Area-23,5
2024-01-30,3,1,Area-24,2
2024-01-30,3,1,Area-25,2
2024-01-30,3,1,Area-26,3
2024-01-30,3,1,Area-27,1
2024-01-30,3,1,Area-28,2
2024-01-30,3,1,Area-29,1
2024-01-30,3,1,Area-30,3
2024-01-30,3,1,Area-31,2
2024-01-30,3,1,Area-32,3
2024-01-30,3,1,Area-33,1
2024-01-30,3,1,Area-37,1
2024-01-30,3,1,Area-38,1
2024-01-30,3,1,Area-39,2
2024-01-30,3,1,Area-4,2
2024-01-30,3,1,Area-40,4
2024-01-30,3,1,Area-42,1
2024-01-30,3,1,Area-43,1
2024-01-30,3,1,Area-44,1
2024-01-30,3,1,Area-45,1
2024-01-30,3,1,Area-46,1
2024-01-30,3,1,Area-48,1
2024-01-30,3,1,Area-49,1
2024-01-30,3,1,Area-50,3
2024-01-30,3,1,Area-6,1
2024-01-30,3,1,Area-7,2
2024-01-30,3,1,Area-8,1
2024-01-30,3,1,Area-9,2
2024-01-30,4,1,Area-1,2
2024-01-30,4,1,Area-10,1
2024-01-30,4,1,Area-11,2
2024-01-30,4,1,Area-12,1
2024-01-30,4,1,Area-13,2
2024-01-30,4,1,Area-14,4
2024-01-30,4,1,Area-15,1
2024-01-30,4,1,Area-17,1
2024-01-30,4,1,Area-19,2
2024-01-30,4,1,Area-22,1
2024-01-30,4,1,Area-24,1
2024-01-30,4,1,Area-27,1
2024-01-30,4,1,Area-28,1
2024-01-30,4,1,Area-29,3
2024-01-30,4,1,Area-3,1
2024-01-30,4,1,Area-31,2
2024-01-30,4,1,Area-32,1
2024-01-30,4,1,Area-33,3
2024-01-30,4,1,Area-34,1
2024-01-30,4,1,Area-35,2
2024-01-30,4,1,Area-36,2
2024-01-30,4,1,Area-37,3
2024-01-30,4,1,Area-39,1
2024-01-30,4,1,Area-40,1
2024-01-30,4,1,Area-41,1
2024-01-30,4,1,Area-42,2
2024-01-30,4,1,Area-43,1
2024-01-30,4,1,Area-44,1
2024-01-30,4,1,Area-45,2
2024-01-30,4,1,Area-46,1
2024-01-30,4,1,Area-48,1
2024-01-30,4,1,Area-49,2
2024-01-30,4,1,Area-5,1
2024-01-30,4,1,Area-7,5
2024-01-30,4,1,Area-8,3
2024-01-30,5,1,Area-10,1
2024-01-30,5,1,Area-12,2
2024-01-30,5,1,Area-13,1
2024-01-30,5,1,Area-14,4
2024-01-30,5,1,Area-15,3
2024-01-30,5,1,Area-16,2
2024-01-30,5,1,Area-18,2
2024-01-30,5,1,Area-19,2
2024-01-30,5,1,Area-20,1
2024-01-30,5,1,Area-21,1
2024-01-30,5,1,Area-23,3
2024-01-30,5,1,Area-24,1
2024-01-30,5,1,Area-27,1
2024-01-30,5,1,Area-28,2
2024-01-30,5,1,Area-31,3
2024-01-30,5,1,Area-32,3
2024-01-30,5,1,Area-33,2
2024-01-30,5,1,Area-34,2
2024-01-30,5,1,Area-35,1
2024-01-30,5,1,Area-39,1
2024-01-30,5,1,Area-4,1
2024-01-30,5,1,Area-43,3
2024-01-30,5,1,Area-45,2
2024-01-30,5,1,Area-46,2
2024-01-30,5,1,Area-47,2
2024-01-30,5,1,Area-48,4
2024-01-30,5,1,Area-49,2
2024-01-30,5,1,Area-5,2
2024-01-30,5,1,Area-6,3
2024-01-30,5,1,Area-7,1
2024-01-30,5,1,Area-8,1
2024-01-30,6,1,Area-1,2
2024-01-30,6,1,Area-10,1
2024-01-30,6,1,Area-11,1
2024-01-30,6,1,Area-12,2
2024-01-30,6,1,Area-17,1
2024-01-30,6,1,Area-18,1
2024-01-30,6,1,Area-19,2
2024-01-30,6,1,Area-2,1
2024-01-30,6,1,Area-20,1
2024-01-30,6,1,Area-22,2
2024-01-30,6,1,Area-24,3
2024-01-30,6,1,Area-25,1
2024-01-30,6,1,Area-28,1
2024-01-30,6,1,Area-29,1
2024-01-30,6,1,Area-3,3
2024-01-30,6,1,Area-30,2
2024-01-30,6,1,Area-31,2
2024-01-30,6,1,Area-32,1
2024-01-30,6,1,Area-33,1
2024-01-30,6,1,Area-34,2
2024-01-30,6,1,Area-35,1
2024-01-30,6,1,Area-36,1
2024-01-30,6,1,Area-37,3
2024-01-30,6,1,Area-38,1
2024-01-30,6,1,Area-39,2
2024-01-30,6,1,Area-4,2
2024-01-30,6,1,Area-40,1
2024-01-30,6,1,Area-41,2
2024-01-30,6,1,Area-44,3
2024-01-30,6,1,Area-45,2
2024-01-30,6,1,Area-46,2
2024-01-30,6,1,Area-47,2
2024-01-30,6,1,Area-49,2
2024-01-30,6,1,Area-5,1
2024-01-30,6,1,Area-50,1
2024-01-30,6,1,Area-6,2
2024-01-30,6,1,Area-7,2
2024-01-30,6,1,Area-9,4
2024-01-30,7,1,Area-10,2
2024-01-30,7,1,Area-12,1
2024-01-30,7,1,Area-13,2
2024-01-30,7,1,Area-15,1
2024-01-30,7,1,Area-16,1
2024-01-30,7,1,Area-17,1
2024-01-30,7,1,Area-18,1
2024-01-30,7,1,Area-19,4
2024-01-30,7,1,Area-2,1
2024-01-30,7,1,Area-20,2
2024-01-30,7,1,Area-21,2
2024-01-30,7,1,Area-22,4
2024-01-30,7,1,Area-24,2
2024-01-30,7,1,Area-25,2
2024-01-30,7,1,Area-26,1
2024-01-30,7,1,Area-27,1
2024-01-30,7,1,Area-28,4
2024-01-30,7,1,Area-29,2
2024-01-30,7,1,Area-30,2
2024-01-30,7,1,Area-31,4
2024-01-30,7,1,Area-33,1
2024-01-30,7,1,Area-34,3
2024-01-30,7,1,Area-35,2
2024-01-30,7,1,Area-36,2
2024-01-30,7,1,Area-37,2
2024-01-30,7,1,Area-38,2
2024-01-30,7,1,Area-39,3
2024-01-30,7,1,Area-40,2
2024-01-30,7,1,Area-41,1
2024-01-30,7,1,Area-43,1
2024-01-30,7,1,Area-46,3
2024-01-30,7,1,Area-47,2
2024-01-30,7,1,Area-49,1
2024-01-30,7,1,Area-5,3
2024-01-30,7,1,Area-50,1
2024-01-30,7,1,Area-6,1
2024-01-30,7,1,Area-8,3
2024-01-30,7,1,Area-9,1
2024-01-30,8,1,Area-1,3
2024-01-30,8,1,Area-10,2
2024-01-30,8,1,Area-11,1
2024-01-30,8,1,Area-12,1
2024-01-30,8,1,Area-13,1
2024-01-30,8,1,Area-14,3
2024-01-30,8,1,Area-15,1
2024-01-30,8,1,Area-17,3
2024-01-30,8,1,Area-18,1
2024-01-30,8,1,Area-19,3
2024-01-30,8,1,Area-2,4
2024-01-30,8,1,Area-20,1
2024-01-30,8,1,Area-21,3
2024-01-30,8,1,Area-22,1
2024-01-30,8,1,Area-23,4
2024-01-30,8,1,Area-24,1
2024-01-30,8,1,Area-25,2
2024-01-30,8,1,Area-26,1
2024-01-30,8,1,Area-28,2
2024-01-30,8,1,Area-29,3
2024-01-30,8,1,Area-30,2
2024-01-30,8,1,Area-31,1
2024-01-30,8,1,Area-32,1
2024-01-30,8,1,Area-34,4
2024-01-30,8,1,Area-35,1
2024-01-30,8,1,Area-36,1
2024-01-30,8,1,Area-37,1
2024-01-30,8,1,Area-38,2
2024-01-30,8,1,Area-4,1
2024-01-30,8,1,Area-40,2
2024-01-30,8,1,Area-41,1
2024-01-30,8,1,Area-43,1
2024-01-30,8,1,Area-44,1
2024-01-30,8,1,Area-45,1
2024-01-30,8,1,Area-46,1
2024-01-30,8,1,Area-47,4
2024-01-30,8,1,Area-49,3
2024-01-30,8,1,Area-5,2
2024-01-30,8,1,Area-50,2
2024-01-30,8,1,Area-7,4
2024-01-30,8,1,Area-9,2
2024-01-30,9,1,Area-10,1
2024-01-30,9,1,Area-11,1
2024-01-30,9,1,Area-12,1
2024-01-30,9,1,Area-14,3
2024-01-30,9,1,Area-16,1
2024-01-30,9,1,Area-17,2
2024-01-30,9,1,Area-18,1
2024-01-30,9,1,Area-19,2
2024-01-30,9,1,Area-2,1
2024-01-30,9,1,Area-21,1
2024-01-30,9,1,Area-22,1
2024-01-30,9,1,Area-24,1
2024-01-30,9,1,Area-25,2
2024-01-30,9,1,Area-26,1
2024-01-30,9,1,Area-27,1
2024-01-30,9,1,Area-28,4
2024-01-30,9,1,Area-29,2
2024-01-30,9,1,Area-30,2
2024-01-30,9,1,Area-31,1
2024-01-30,9,1,Area-32,1
2024-01-30,9,1,Area-34,1
2024-01-30,9,1,Area-35,1
2024-01-30,9,1,Area-36,2
2024-01-30,9,1,Area-40,3
2024-01-30,9,1,Area-42,1
2024-01-30,9,1,Area-43,3
2024-01-30,9,1,Area-44,4
2024-01-30,9,1,Area-45,2
2024-01-30,9,1,Area-48,1
2024-01-30,9,1,Area-50,2
2024-01-30,9,1,Area-6,2
2024-01-30,9,1,Area-9,3
2024-01-30,10,1,Area-1,4
2024-01-30,10,1,Area-10,1
2024-01-30,10,1,Area-11,1
2024-01-30,10,1,Area-12,2
2024-01-30,10,1,Area-13,2
2024-01-30,10,1,Area-14,1
2024-01-30,10,1,Area-15,1
2024-01-30,10,1,Area-16,1
2024-01-30,10,1,Area-17,2
2024-01-30,10,1,Area-19,1
2024-01-30,10,1,Area-20,2
2024-01-30,10,1,Area-21,1
2024-01-30,10,1,Area-22,1
2024-01-30,10,1,Area-25,1
2024-01-30,10,1,Area-26,3
2024-01-30,10,1,Area-27,1
2024-01-30,10,1,Area-28,3
2024-01-30,10,1,Area-29,2
2024-01-30,10,1,Area-3,1
2024-01-30,10,1,Area-30,4
2024-01-30,10,1,Area-31,3
2024-01-30,10,1,Area-32,2
2024-01-30,10,1,Area-33,1
2024-01-30,10,1,Area-34,1
2024-01-30,10,1,Area-36,1
2024-01-30,10,1,Area-37,1
2024-01-30,10,1,Area-38,3
2024-01-30,10,1,Area-39,2
2024-01-30,10,1,Area-4,1
2024-01-30,10,1,Area-40,1
2024-01-30,10,1,Area-41,2
2024-01-30,10,1,Area-42,1
2024-01-30,10,1,Area-44,3
2024-01-30,10,1,Area-45,1
2024-01-30,10,1,Area-46,1
2024-01-30,10,1,Area-47,1
2024-01-30,10,1,Area-48,1
2024-01-30,10,1,Area-49,1
2024-01-30,10,1,Area-7,3
2024-01-30,10,1,Area-9,2
2024-01-30,11,1,Area-1,1
2024-01-30,11,1,Area-12,2
2024-01-30,11,1,Area-13,3
2024-01-30,11,1,Area-14,2
2024-01-30,11,1,Area-15,2
2024-01-30,11,1,Area-16,1
2024-01-30,11,1,Area-17,1
2024-01-30,11,1,Area-18,3
2024-01-30,11,1,Area-19,5
2024-01-30,11,1,Area-2,5
2024-01-30,11,1,Area-20,1
2024-01-30,11,1,Area-21,1
2024-01-30,11,1,Area-22,3
2024-01-30,11,1,Area-25,1
2024-01-30,11,1,Area-26,3
2024-01-30,11,1,Area-28,1
2024-01-30,11,1,Area-29,2
2024-01-30,11,1,Area-3,1
2024-01-30,11,1,Area-30,3
2024-01-30,11,1,Area-31,2
2024-01-30,11,1,Area-32,1
2024-01-30,11,1,Area-33,3
2024-01-30,11,1,Area-35,2
2024-01-30,11,1,Area-36,3
2024-01-30,11,1,Area-37,2
2024-01-30,11,1,Area-39,4
2024-01-30,11,1,Area-4,1
2024-01-30,11,1,Area-43,2
2024-01-30,11,1,Area-44,2
2024-01-30,11,1,Area-45,1
2024-01-30,11,1,Area-46,2
2024-01-30,11,1,Area-47,3
2024-01-30,11,1,Area-49,1
2024-01-30,11,1,Area-5,2
2024-01-30,11,1,Area-50,1
2024-01-30,11,1,Area-6,2
2024-01-30,11,1,Area-7,1
2024-01-30,11,1,Area-9,1
2024-01-30,12,1,Area-1,3
2024-01-30,12,1,Area-10,2
2024-01-30,12,1,Area-11,1
2024-01-30,12,1,Area-12,2
2024-01-30,12,1,Area-13,4
2024-01-30,12,1,Area-14,2
2024-01-30,12,1,Area-15,3
2024-01-30,12,1,Area-17,2
2024-01-30,12,1,Area-18,2
2024-01-30,12,1,Area-19,3
2024-01-30,12,1,Area-21,2
2024-01-30,12,1,Area-22,4
2024-01-30,12,1,Area-24,2
2024-01-30,12,1,Area-25,3
2024-01-30,12,1,Area-26,3
2024-01-30,12,1,Area-27,1
2024-01-30,12,1,Area-29,1
2024-01-30,12,1,Area-3,3
2024-01-30,12,1,Area-30,2
2024-01-30,12,1,Area-32,1
2024-01-30,12,1,Area-33,2
2024-01-30,12,1,Area-34,1
2024-01-30,12,1,Area-35,1
2024-01-30,12,1,Area-37,1
2024-01-30,12,1,Area-38,4
2024-01-30,12,1,Area-39,3
2024-01-30,12,1,Area-40,4
2024-01-30,12,1,Area-41,4
2024-01-30,12,1,Area-42,2
2024-01-30,12,1,Area-43,1
2024-01-30,12,1,Area-44,1
2024-01-30,12,1,Area-46,1
2024-01-30,12,1,Area-48,2
2024-01-30,12,1,Area-5,3
2024-01-30,12,1,Area-6,1
2024-01-30,12,1,Area-8,4
2024-01-30,12,1,Area-9,1
2024-01-30,13,1,Area-1,4
2024-01-30,13,1,Area-11,1
2024-01-30,13,1,Area-13,3
2024-01-30,13,1,Area-14,6
2024-01-30,13,1,Area-15,2
2024-01-30,13,1,Area-16,4
2024-01-30,13,1,Area-17,1
2024-01-30,13,1,Area-18,2
2024-01-30,13,1,Area-19,1
2024-01-30,13,1,Area-20,4
2024-01-30,13,1,Area-21,2
2024-01-30,13,1,Area-23,1
2024-01-30,13,1,Area-24,2
2024-01-30,13,1,Area-27,5
2024-01-30,13,1,Area-29,2
2024-01-30,13,1,Area-30,2
2024-01-30,13,1,Area-31,4
2024-01-30,13,1,Area-32,1
2024-01-30,13,1,Area-33,1
2024-01-30,13,1,Area-34,5
2024-01-30,13,1,Area-35,1
2024-01-30,13,1,Area-36,4
2024-01-30,13,1,Area-37,3
2024-01-30,13,1,Area-38,4
2024-01-30,13,1,Area-39,1
2024-01-30,13,1,Area-4,1
2024-01-30,13,1,Area-40,5
2024-01-30,13,1,Area-41,3
2024-01-30,13,1,Area-43,1
2024-01-30,13,1,Area-44,2
2024-01-30,13,1,Area-45,1
2024-01-30,13,1,Area-46,2
2024-01-30,13,1,Area-47,2
2024-01-30,13,1,Area-48,1
2024-01-30,13,1,Area-5,2
2024-01-30,13,1,Area-50,2
2024-01-30,13,1,Area-6,5
2024-01-30,13,1,Area-8,1
2024-01-30,13,1,Area-9,2
2024-01-30,14,1,Area-1,2
2024-01-30,14,1,Area-10,1
2024-01-30,14,1,Area-11,1
2024-01-30,14,1,Area-13,1
2024-01-30,14,1,Area-14,1
2024-01-30,14,1,Area-15,2
2024-01-30,14,1,Area-16,2
2024-01-30,14,1,Area-17,3
2024-01-30,14,1,Area-18,2
2024-01-30,14,1,Area-19,2
2024-01-30,14,1,Area-21,1
2024-01-30,14,1,Area-23,1
2024-01-30,14,1,Area-24,1
2024-01-30,14,1,Area-25,1
2024-01-30,14,1,Area-26,2
2024-01-30,14,1,Area-27,1
2024-01-30,14,1,Area-28,3
2024-01-30,14,1,Area-29,4
2024-01-30,14,1,Area-30,3
2024-01-30,14,1,Area-32,2
2024-01-30,14,1,Area-33,2
2024-01-30,14,1,Area-34,3
2024-01-30,14,1,Area-35,1
2024-01-30,14,1,Area-37,1
2024-01-30,14,1,Area-38,2
2024-01-30,14,1,Area-39,1
2024-01-30,14,1,Area-41,1
2024-01-30,14,1,Area-43,3
2024-01-30,14,1,Area-44,1
2024-01-30,14,1,Area-45,1
2024-01-30,14,1,Area-46,1
2024-01-30,14,1,Area-49,2
2024-01-30,14,1,Area-5,1
2024-01-30,14,1,Area-50,1
2024-01-30,14,1,Area-6,2
2024-01-30,14,1,Area-7,1
2024-01-30,14,1,Area-8,4
2024-01-30,15,1,Area-1,2
2024-01-30,15,1,Area-11,1
2024-01-30,15,1,Area-13,1
2024-01-30,15,1,Area-15,1
2024-01-30,15,1,Area-16,1
2024-01-30,15,1,Area-18,2
2024-01-30,15,1,Area-2,3
2024-01-30,15,1,Area-20,1
2024-01-30,15,1,Area-23,1
2024-01-30,15,1,Area-24,1
2024-01-30,15,1,Area-25,1
2024-01-30,15,1,Area-26,1
2024-01-30,15,1,Area-27,1
2024-01-30,15,1,Area-28,4
2024-01-30,15,1,Area-29,1
2024-01-30,15,1,Area-3,3
2024-01-30,15,1,Area-30,1
2024-01-30,15,1,Area-31,1
2024-01-30,15,1,Area-32,2
2024-01-30,15,1,Area-33,1
2024-01-30,15,1,Area-36,1
2024-01-30,15,1,Area-37,1
2024-01-30,15,1,Area-38,3
2024-01-30,15,1,Area-39,1
2024-01-30,15,1,Area-4,1
2024-01-30,15,1,Area-40,1
2024-01-30,15,1,Area-41,1
2024-01-30,15,1,Area-42,3
2024-01-30,15,1,Area-43,1
2024-01-30,15,1,Area-44,1
2024-01-30,15,1,Area-47,2
2024-01-30,15,1,Area-48,2
2024-01-30,15,1,Area-49,3
2024-01-30,15,1,Area-50,3
2024-01-30,15,1,Area-6,2
2024-01-30,15,1,Area-8,2
2024-01-30,16,1,Area-10,2
2024-01-30,16,1,Area-11,1
2024-01-30,16,1,Area-13,3
2024-01-30,16,1,Area-14,3
2024-01-30,16,1,Area-15,1
2024-01-30,16,1,Area-16,1
2024-01-30,16,1,Area-17,3
2024-01-30,16,1,Area-18,2
2024-01-30,16,1,Area-19,1
2024-01-30,16,1,Area-2,1
2024-01-30,16,1,Area-20,3
2024-01-30,16,1,Area-21,2
2024-01-30,16,1,Area-22,3
2024-01-30,16,1,Area-23,3
2024-01-30,16,1,Area-24,3
2024-01-30,16,1,Area-25,2
2024-01-30,16,1,Area-28,2
2024-01-30,16,1,Area-29,2
2024-01-30,16,1,Area-3,1
2024-01-30,16,1,Area-30,2
2024-01-30,16,1,Area-31,1
2024-01-30,16,1,Area-33,2
2024-01-30,16,1,Area-35,1
2024-01-30,16,1,Area-36,1
2024-01-30,16,1,Area-38,1
2024-01-30,16,1,Area-39,2
2024-01-30,16,1,Area-4,1
2024-01-30,16,1,Area-41,2
2024-01-30,16,1,Area-43,2
2024-01-30,16,1,Area-44,2
2024-01-30,16,1,Area-45,1
2024-01-30,16,1,Area-47,1
2024-01-30,16,1,Area-48,1
2024-01-30,16,1,Area-49,1
2024-01-30,16,1,Area-5,1
2024-01-30,16,1,Area-50,2
2024-01-30,16,1,Area-7,4
2024-01-30,16,1,Area-8,1
2024-01-30,17,1,Area-1,4
2024-01-30,17,1,Area-10,1
2024-01-30,17,1,Area-11,4
2024-01-30,17,1,Area-16,1
2024-01-30,17,1,Area-17,2
2024-01-30,17,1,Area-18,1
2024-01-30,17,1,Area-19,1
2024-01-30,17,1,Area-2,3
2024-01-30,17,1,Area-20,1
2024-01-30,17,1,Area-21,3
2024-01-30,17,1,Area-24,1
2024-01-30,17,1,Area-25,1
2024-01-30,17,1,Area-26,1
2024-01-30,17,1,Area-27,2
2024-01-30,17,1,Area-28,1
2024-01-30,17,1,Area-3,3
2024-01-30,17,1,Area-31,3
2024-01-30,17,1,Area-32,1
2024-01-30,17,1,Area-33,3
2024-01-30,17,1,Area-34,3
2024-01-30,17,1,Area-35,1
2024-01-30,17,1,Area-36,1
2024-01-30,17,1,Area-37,4
2024-01-30,17,1,Area-38,1
2024-01-30,17,1,Area-39,1
2024-01-30,17,1,Area-40,1
2024-01-30,17,1,Area-41,4
2024-01-30,17,1,Area-42,1
2024-01-30,17,1,Area-43,1
2024-01-30,17,1,Area-44,2
2024-01-30,17,1,Area-45,1
2024-01-30,17,1,Area-46,2
2024-01-30,17,1,Area-47,1
2024-01-30,17,1,Area-5,3
2024-01-30,17,1,Area-6,2
2024-01-30,17,1,Area-7,4
2024-01-30,17,1,Area-9,1
2024-01-30,18,1,Area-1,2
2024-01-30,18,1,Area-10,3
2024-01-30,18,1,Area-12,3
2024-01-30,18,1,Area-13,3
2024-01-30,18,1,Area-15,3
2024-01-30,18,1,Area-16,2
2024-01-30,18,1,Area-18,1
2024-01-30,18,1,Area-2,1
2024-01-30,18,1,Area-20,3
2024-01-30,18,1,Area-21,4
2024-01-30,18,1,Area-23,2
2024-01-30,18,1,Area-24,1
2024-01-30,18,1,Area-27,1
2024-01-30,18,1,Area-28,1
2024-01-30,18,1,Area-29,1
2024-01-30,18,1,Area-3,1
2024-01-30,18,1,Area-30,2
2024-01-30,18,1,Area-31,4
2024-01-30,18,1,Area-32,2
2024-01-30,18,1,Area-33,1
2024-01-30,18,1,Area-35,3
2024-01-30,18,1,Area-36,1
2024-01-30,18,1,Area-37,1
2024-01-30,18,1,Area-38,1
2024-01-30,18,1,Area-41,1
2024-01-30,18,1,Area-42,1
2024-01-30,18,1,Area-43,2
2024-01-30,18,1,Area-44,2
2024-01-30,18,1,Area-45,1
2024-01-30,18,1,Area-46,2
2024-01-30,18,1,Area-47,1
2024-01-30,18,1,Area-48,2
2024-01-30,18,1,Area-49,1
2024-01-30,18,1,Area-50,1
2024-01-30,18,1,Area-6,1
2024-01-30,18,1,Area-9,2
2024-01-30,19,1,Area-1,3
2024-01-30,19,1,Area-10,1
2024-01-30,19,1,Area-11,2
2024-01-30,19,1,Area-12,3
2024-01-30,19,1,Area-13,1
2024-01-30,19,1,Area-14,2
2024-01-30,19,1,Area-15,1
2024-01-30,19,1,Area-16,1
2024-01-30,19,1,Area-17,2
2024-01-30,19,1,Area-18,4
2024-01-30,19,1,Area-2,1
2024-01-30,19,1,Area-20,1
2024-01-30,19,1,Area-21,1
2024-01-30,19,1,Area-25,3
2024-01-30,19,1,Area-26,1
2024-01-30,19,1,Area-27,2
2024-01-30,19,1,Area-28,1
2024-01-30,19,1,Area-3,1
2024-01-30,19,1,Area-31,1
2024-01-30,19,1,Area-32,2
2024-01-30,19,1,Area-34,1
2024-01-30,19,1,Area-36,3
2024-01-30,19,1,Area-37,2
2024-01-30,19,1,Area-38,2
2024-01-30,19,1,Area-4,2
2024-01-30,19,1,Area-40,1
2024-01-30,19,1,Area-41,2
2024-01-30,19,1,Area-42,2
2024-01-30,19,1,Area-44,1
2024-01-30,19,1,Area-45,1
2024-01-30,19,1,Area-46,3
2024-01-30,19,1,Area-47,1
2024-01-30,19,1,Area-48,1
2024-01-30,19,1,Area-49,2
2024-01-30,19,1,Area-5,1
2024-01-30,19,1,Area-6,2
2024-01-30,19,1,Area-7,1
2024-01-30,19,1,Area-8,2
2024-01-30,19,1,Area-9,2
2024-01-30,20,1,Area-1,2
2024-01-30,20,1,Area-10,2
2024-01-30,20,1,Area-11,1
2024-01-30,20,1,Area-12,2
2024-01-30,20,1,Area-13,2
2024-01-30,20,1,Area-14,3
2024-01-30,20,1,Area-15,1
2024-01-30,20,1,Area-16,2
2024-01-30,20,1,Area-18,1
2024-01-30,20,1,Area-19,1
2024-01-30,20,1,Area-2,1
2024-01-30,20,1,Area-20,1
2024-01-30,20,1,Area-21,2
2024-01-30,20,1,Area-22,3
2024-01-30,20,1,Area-24,1
2024-01-30,20,1,Area-25,1
2024-01-30,20,1,Area-26,1
2024-01-30,20,1,Area-27,3
2024-01-30,20,1,Area-28,1
2024-01-30,20,1,Area-29,1
2024-01-30,20,1,Area-3,3
2024-01-30,20,1,Area-30,3
2024-01-30,20,1,Area-31,1
2024-01-30,20,1,Area-32,1
2024-01-30,20,1,Area-35,1
2024-01-30,20,1,Area-36,4
2024-01-30,20,1,Area-37,1
2024-01-30,20,1,Area-38,1
2024-01-30,20,1,Area-39,1
2024-01-30,20,1,Area-4,2
2024-01-30,20,1,Area-40,3
2024-01-30,20,1,Area-42,1
2024-01-30,20,1,Area-43,2
2024-01-30,20,1,Area-44,2
2024-01-30,20,1,Area-46,2
2024-01-30,20,1,Area-49,5
2024-01-30,20,1,Area-5,2
2024-01-30,20,1,Area-6,1
2024-01-30,20,1,Area-7,4
2024-01-30,20,1,Area-9,1
2024-01-30,21,1,Area-1,5
2024-01-30,21,1,Area-10,2
2024-01-30,21,1,Area-12,1
2024-01-30,21,1,Area-13,1
2024-01-30,21,1,Area-16,1
2024-01-30,21,1,Area-17,2
2024-01-30,21,1,Area-18,2
2024-01-30,21,1,Area-2,2
2024-01-30,21,1,Area-20,1
2024-01-30,21,1,Area-21,2
2024-01-30,21,1,Area-22,3
2024-01-30,21,1,Area-23,1
2024-01-30,21,1,Area-25,2
2024-01-30,21,1,Area-28,1
2024-01-30,21,1,Area-29,1
2024-01-30,21,1,Area-30,1
2024-01-30,21,1,Area-31,2
2024-01-30,21,1,Area-32,2
2024-01-30,21,1,Area-35,2
2024-01-30,21,1,Area-37,2
2024-01-30,21,1,Area-38,4
2024-01-30,21,1,Area-39,7
2024-01-30,21,1,Area-4,2
2024-01-30,21,1,Area-41,2
2024-01-30,21,1,Area-42,2
2024-01-30,21,1,Area-43,1
2024-01-30,21,1,Area-44,1
2024-01-30,21,1,Area-45,1
2024-01-30,21,1,Area-46,1
2024-01-30,21,1,Area-47,4
2024-01-30,21,1,Area-48,2
2024-01-30,21,1,Area-5,1
2024-01-30,21,1,Area-6,3
2024-01-30,21,1,Area-7,1
2024-01-30,21,1,Area-8,2
2024-01-30,21,1,Area-9,2
2024-01-30,22,1,Area-1,1
2024-01-30,22,1,Area-10,4
2024-01-30,22,1,Area-11,2
2024-01-30,22,1,Area-12,3
2024-01-30,22,1,Area-13,4
2024-01-30,22,1,Area-14,3
2024-01-30,22,1,Area-16,3
2024-01-30,22,1,Area-17,2
2024-01-30,22,1,Area-18,1
2024-01-30,22,1,Area-19,4
2024-01-30,22,1,Area-2,2
2024-01-30,22,1,Area-20,4
2024-01-30,22,1,Area-21,2
2024-01-30,22,1,Area-22,1
2024-01-30,22,1,Area-23,2
2024-01-30,22,1,Area-24,1
2024-01-30,22,1,Area-27,1
2024-01-30,22,1,Area-28,3
2024-01-30,22,1,Area-29,2
2024-01-30,22,1,Area-3,1
2024-01-30,22,1,Area-30,2
2024-01-30,22,1,Area-31,1
2024-01-30,22,1,Area-32,2
2024-01-30,22,1,Area-33,1
2024-01-30,22,1,Area-34,2
2024-01-30,22,1,Area-35,1
2024-01-30,22,1,Area-36,1
2024-01-30,22,1,Area-40,2
2024-01-30,22,1,Area-41,1
2024-01-30,22,1,Area-42,1
2024-01-30,22,1,Area-44,1
2024-01-30,22,1,Area-46,3
2024-01-30,22,1,Area-47,2
2024-01-30,22,1,Area-49,2
2024-01-30,22,1,Area-7,1
2024-01-30,22,1,Area-8,4
2024-01-30,22,1,Area-9,3
2024-01-30,23,1,Area-1,3
2024-01-30,23,1,Area-10,1
2024-01-30,23,1,Area-12,3
2024-01-30,23,1,Area-13,3
2024-01-30,23,1,Area-14,2
2024-01-30,23,1,Area-17,3
2024-01-30,23,1,Area-18,2
2024-01-30,23,1,Area-19,1
2024-01-30,23,1,Area-2,5
2024-01-30,23,1,Area-20,1
2024-01-30,23,1,Area-21,1
2024-01-30,23,1,Area-22,2
2024-01-30,23,1,Area-23,1
2024-01-30,23,1,Area-24,2
2024-01-30,23,1,Area-25,2
2024-01-30,23,1,Area-26,3
2024-01-30,23,1,Area-27,1
2024-01-30,23,1,Area-28,2
2024-01-30,23,1,Area-29,3
2024-01-30,23,1,Area-3,2
2024-01-30,23,1,Area-30,1
2024-01-30,23,1,Area-31,2
2024-01-30,23,1,Area-33,2
2024-01-30,23,1,Area-34,2
2024-01-30,23,1,Area-35,4
2024-01-30,23,1,Area-36,1
2024-01-30,23,1,Area-37,1
2024-01-30,23,1,Area-38,3
2024-01-30,23,1,Area-4,1
2024-01-30,23,1,Area-40,2
2024-01-30,23,1,Area-41,3
2024-01-30,23,1,Area-44,2
2024-01-30,23,1,Area-45,3
2024-01-30,23,1,Area-46,3
2024-01-30,23,1,Area-48,2
2024-01-30,23,1,Area-49,3
2024-01-30,23,1,Area-5,1
2024-01-30,23,1,Area-50,3
2024-01-30,23,1,Area-6,1
2024-01-30,23,1,Area-7,3
2024-01-30,23,1,Area-8,2
2024-01-30,23,1,Area-9,1
2024-01-31,0,2,Area-1,2
2024-01-31,0,2,Area-10,3
2024-01-31,0,2,Area-11,2
2024-01-31,0,2,Area-12,3
2024-01-31,0,2,Area-13,1
2024-01-31,0,2,Area-14,1
2024-01-31,0,2,Area-15,3
2024-01-31,0,2,Area-16,2
2024-01-31,0,2,Area-17,1
2024-01-31,0,2,Area-18,2
2024-01-31,0,2,Area-2,2
2024-01-31,0,2,Area-20,1
2024-01-31,0,2,Area-21,1
2024-01-31,0,2,Area-24,2
2024-01-31,0,2,Area-25,1
2024-01-31,0,2,Area-27,1
2024-01-31,0,2,Area-3,1
2024-01-31,0,2,Area-31,2
2024-01-31,0,2,Area-32,2
2024-01-31,0,2,Area-33,4
2024-01-31,0,2,Area-34,2
2024-01-31,0,2,Area-35,1
2024-01-31,0,2,Area-38,3
2024-01-31,0,2,Area-39,1
2024-01-31,0,2,Area-4,1
2024-01-31,0,2,Area-40,2
2024-01-31,0,2,Area-41,3
2024-01-31,0,2,Area-45,1
2024-01-31,0,2,Area-46,2
2024-01-31,0,2,Area-47,1
2024-01-31,0,2,Area-48,4
2024-01-31,0,2,Area-49,1
2024-01-31,0,2,Area-5,1
2024-01-31,0,2,Area-6,1
2024-01-31,0,2,Area-7,1
2024-01-31,0,2,Area-8,3
2024-01-31,0,2,Area-9,1
